longitude,latitude,code_postal,surface_reelle_bati,nombre_pieces_principales,prix_m2_ref,surface_terrain,number_of_lots,season,valeur_fonciere_actualisee
2.30835704911238,48.86069846048867,75012,46.27302805489562,6,9935.066867676536,313.63168596142543,,1,428504.0
2.2943322422554373,48.884903167241454,7502,67.42832419929496,4,9569.91693818043,416.6448351583685,,2,493900.0
2.325514033786129,48.87223281231189,75015,42.3365248139384,1,9813.040070612808,235.76646680294772,,0,560830.0
2.4288066836066093,48.83046974383322,7500,63.95469112747584,2,9981.88888607979,265.5438041185603,,2,480872.0
2.42312903889895,48.89524329007333,7500,67.23212373421653,2,9981.88888607979,109.33938682757476,,0,413091.0
2.439537621462581,48.85679402325531,7509,115.30369455422696,6,9775.064380528089,153.9820835575641,,3,1641505.0
2.233542432704387,48.89952985975358,75017,58.89848125181533,4,9899.474939437398,442.6984928755764,,0,873565.0
2.453104617087197,48.845928844740456,7508,115.11710992541322,4,9848.31703220121,246.2211486368692,,0,1084137.0
2.3314903433617813,48.83315176633068,7508,125.64935331023072,2,9848.31703220121,280.03182897623384,,0,1087240.0
2.4461609977225787,48.89732805133145,7505,47.1094031469397,2,9974.4015549417,341.26805309217866,,3,596872.0
2.227943959360505,48.840088045332,75016,125.32065088823964,4,9678.120674588112,51.395220710918245,,3,866155.0
2.427936721146468,48.81793000528519,75018,46.70905330833983,1,9846.536214329111,275.53593439151655,,3,457447.0
2.3319135307885444,48.853687340366,75013,102.2682295480232,3,10190.767780889602,254.9473485134125,,3,1486306.0
2.323762594334529,48.8400235488006,7504,114.5521593335117,2,10257.726066885674,38.821396132641496,,1,1047416.0
2.4798838256381286,48.8631347957949,7505,73.19756414834868,6,9974.4015549417,268.16167404840286,,2,536684.0
2.430374511112161,48.89200055227945,7509,67.81443311750593,1,9775.064380528089,154.66576471351615,,3,735369.0
2.3667234546477487,48.88227482181637,75017,67.93262852376066,6,9899.474939437398,393.2193454865421,,0,748929.0
2.4163723649627853,48.85862359748813,7505,87.88062957187589,2,9974.4015549417,68.88413844510438,,2,1052407.0
2.225252035474512,48.89623513541591,75013,115.40209246731408,4,10190.767780889602,172.11213157281466,,2,970276.0
2.450318157749844,48.86882065973061,75010,149.70724062226765,3,9903.611678623716,387.428413359566,,0,1302752.0
2.4118650156776447,48.89764742770918,75013,143.2465342931447,4,10190.767780889602,167.44620671425193,,1,1486097.0
2.287352818238165,48.87909318765378,7509,51.123630218996055,4,9775.064380528089,401.70897731445984,,3,589086.0
2.3411386859270253,48.86143560615909,7504,131.04361308067706,3,10257.726066885674,316.3289665673202,,0,998682.0
2.4475398983998624,48.85348206194535,7502,69.82519458409357,6,9569.91693818043,78.7943787551483,,2,554980.0
2.4338321663946227,48.88301737494684,75013,148.75734308877426,5,10190.767780889602,191.67061246200907,,1,1180948.0
2.2718850028864788,48.894050523408495,75016,109.78335107246596,1,9678.120674588112,434.47383051007387,,3,638316.0
2.342536855073087,48.84237775503363,7503,147.78389521021336,6,9983.017238897526,371.1083195968829,,0,898528.0
2.279474335198852,48.83641694979435,75015,104.24540897202188,3,9813.040070612808,405.4012130751909,,3,897898.0
2.3315703342677887,48.81185559738749,75012,37.02411686497979,6,9935.066867676536,361.0634796175545,,0,370988.0
2.2695093623138733,48.825321850326674,7502,130.86636894030505,5,9569.91693818043,440.1337977011305,,1,1615479.0
2.380221675674431,48.87072804784583,75016,76.57976794304795,6,9678.120674588112,115.3851994144976,,0,546021.0
2.477084576622969,48.89304471650899,7500,118.70502246954452,3,9981.88888607979,359.2957555658798,,0,798213.0
2.2828963433901186,48.84857592825621,7509,96.12191115459538,4,9775.064380528089,367.9689677885197,,2,674668.0
2.269592187872111,48.86830510184485,7503,96.38336689534026,3,9983.017238897526,261.31284343956986,,0,881498.0
2.3710528754970843,48.875146611091616,7503,146.04315183180933,5,9983.017238897526,222.7643799576277,,2,1472706.0
2.249230580295982,48.89388304622919,7504,111.3408980074476,5,10257.726066885674,216.5574022397857,,2,734530.0
2.330369696445713,48.89574101200033,7503,119.9690487835723,1,9983.017238897526,320.9371956928342,,3,1330895.0
2.384338728656498,48.8530980579068,75011,132.194905775056,1,10149.03143443424,273.2769331316849,,2,1135213.0
2.4307122644629766,48.87567793794595,7502,45.19100011942717,5,9569.91693818043,119.55963748075634,,1,430276.0
2.289250189597196,48.813798223494096,75016,72.56538122472654,3,9678.120674588112,326.7224200186379,,3,846446.0
2.333477939543619,48.88940174574573,75017,142.86428832022614,5,9899.474939437398,437.71759889174285,,1,1207035.0
2.3054865214615496,48.83296778770021,7504,111.77567422148609,5,10257.726066885674,238.5983625070122,,2,734311.0
2.223647147035603,48.87037136855996,75014,70.62625985523286,3,10062.666974334055,350.16510620538367,,0,1084982.0
2.2432460602808666,48.86419465794877,7508,67.31976600142839,3,9848.31703220121,281.694465572011,,2,810389.0
2.3219476432289965,48.84450075467299,75016,60.51480743623752,1,9678.120674588112,142.52762363715675,,0,561500.0
2.409508013842557,48.81139919616619,75018,148.12750235064848,5,9846.536214329111,40.62196997407159,,3,1141838.0
2.3948316960188376,48.82057961212376,7509,85.6699474942909,1,9775.064380528089,372.1773178536235,,0,846399.0
2.2768126433396,48.83698428244866,7508,71.3403348725853,6,9848.31703220121,434.1274317048229,,3,404229.0
2.435363143906306,48.85551707001649,7504,142.12436311871818,3,10257.726066885674,216.1967102230912,,2,1226636.0
2.2769465394438444,48.8880018449172,7503,96.83855329793384,3,9983.017238897526,195.3937729314512,,2,1133039.0
2.472871351917601,48.87622382717963,7509,52.95212169574985,5,9775.064380528089,301.35398415806986,,1,756774.0
2.380442308679501,48.83395799587606,75011,142.05740357558398,3,10149.03143443424,456.6708871787346,,3,1128701.0
2.3375407555790813,48.88481953470423,75015,49.444442479206174,3,9813.040070612808,174.2421454467883,,1,628557.0
2.463696234351805,48.8903961405643,75010,99.59754941747,6,9903.611678623716,123.74748688427394,,3,702342.0
2.3827129818946107,48.82188179040645,75010,141.1763927133278,2,9903.611678623716,331.71671032188505,,0,1326737.0
2.2646584380759127,48.8822165717904,7508,76.91954197245754,1,9848.31703220121,57.4376998641993,,1,934434.0
2.474217114976585,48.81523428345072,7505,61.48972088863359,5,9974.4015549417,196.9025195326141,,3,435348.0
2.41988195748592,48.85353489278285,75012,69.78643774287038,3,9935.066867676536,107.10899474216389,,0,747806.0
2.3911896504361003,48.81401514954794,7503,109.89297001538324,1,9983.017238897526,416.3093172874999,,3,1418928.0
2.465099130974637,48.87220614873365,75018,53.3339223560709,2,9846.536214329111,210.5160268850572,,1,629670.0
2.2220465779449032,48.85925992696566,7503,62.74899985625042,2,9983.017238897526,427.28819777684646,,1,610191.0
2.368673785892991,48.89976355373522,7505,86.27237922639029,4,9974.4015549417,126.66439979593774,,3,546664.0
2.4078523380423262,48.87376338217274,7502,128.1370426393117,4,9569.91693818043,415.4155179734672,,1,800092.0
2.2540347242333123,48.82961214624791,75019,111.98228833359738,1,9910.289427293848,361.7297772713361,,1,981155.0
2.461002975303173,48.89108297974301,7500,41.431811933955245,6,9981.88888607979,339.9489719216594,,0,477435.0
2.2804420015235145,48.89263360131932,75019,50.6299033873816,4,9910.289427293848,488.477402704296,,2,699634.0
2.379242172025238,48.885507458353096,75018,123.015620302409,2,9846.536214329111,140.12129414584626,,2,1543797.0
2.3913635111111105,48.82874265290028,75011,110.3541635076789,1,10149.03143443424,456.69106001769967,,1,1017032.0
2.4136367441046005,48.89064246929245,7507,41.91881229232325,4,10160.7203358053,210.5356766382878,,1,539881.0
2.349529711846605,48.89404922859403,7502,65.63435946214472,6,9569.91693818043,409.3417494408309,,2,671687.0
2.262816510094728,48.86648475772891,7503,53.99002499214184,2,9983.017238897526,323.64042476110865,,2,377780.0
2.478576030431684,48.881916347930606,75017,114.47420853144553,5,9899.474939437398,291.8428787238348,,3,830208.0
2.4536344184428645,48.811335081456605,7506,117.44260446626724,1,9841.359840436731,192.93444032954548,,0,978759.0
2.232971572354178,48.82714289259874,7503,44.40446755116439,6,9983.017238897526,428.5741420670018,,1,477726.0
2.2910916980759617,48.85919876942079,7502,46.90806991992567,2,9569.91693818043,399.6940420009181,,1,491971.0
2.375757441615693,48.82141389026876,75019,90.20878078943696,6,9910.289427293848,179.55680465009746,,0,880914.0
2.3927225128292027,48.87370922479547,75017,53.25124946109945,3,9899.474939437398,224.967496412514,,2,652885.0
2.4505395347701784,48.81308667179506,7505,102.045103153367,5,9974.4015549417,424.7394028288015,,2,919616.0
2.297568600796507,48.89731249503104,75013,36.56587057643172,5,10190.767780889602,353.03804862753583,,0,435544.0
2.232306708689502,48.812514757238446,7506,99.997024909573,3,9841.359840436731,356.943338738588,,2,993321.0
2.325060230918823,48.84037900713394,75016,91.2886356910325,6,9678.120674588112,278.7406842766846,,3,1338346.0
2.428276622120985,48.89837082605833,75017,82.47014772125408,3,9899.474939437398,133.6698449509105,,1,691639.0
2.2890206049286657,48.83220902274156,75014,41.00799698598394,6,10062.666974334055,475.5136417057659,,0,371404.0
2.284843101214689,48.851064438069066,75019,133.11242051107678,1,9910.289427293848,485.099292043014,,3,806078.0
2.319075792901067,48.8161084560266,7501,95.02224266526764,1,10006.394372127985,334.5222485810476,,2,1301175.0
2.470642036273904,48.85808682071814,75012,70.4667020555371,1,9935.066867676536,278.3373317511026,,3,893355.0
2.369370082060414,48.8778136073719,75015,114.36734724707874,4,9813.040070612808,252.6636278871844,,3,816891.0
2.4675856851226787,48.82041940339614,7508,89.47280019931519,5,9848.31703220121,97.89479702111836,,3,1007528.0
2.2239667488753425,48.84900484719692,75019,111.34186177556926,2,9910.289427293848,412.332172752982,,0,691861.0
2.4085737196379347,48.83930988613782,7508,39.16745345868143,6,9848.31703220121,385.1121737412815,,3,589329.0
2.2710347014072365,48.87253863585404,75013,118.3250102628926,6,10190.767780889602,399.1641721999128,,2,1378737.0
2.4769631283055884,48.812050871340304,75016,46.06473336455106,5,9678.120674588112,117.74415925041986,,1,418444.0
2.4316568264831773,48.816986040299895,75015,51.94191169637175,4,9813.040070612808,253.5022356262444,,2,629383.0
2.3296914957146195,48.89862804165736,7509,124.93021007735688,6,9775.064380528089,332.42147297429534,,2,1401716.0
2.348751161838909,48.89636833348059,75013,81.4506247264666,4,10190.767780889602,377.0705568141487,,1,1149898.0
2.2986448171290927,48.89118057829675,7509,41.77954308645045,6,9775.064380528089,245.1210438713598,,3,493055.0
2.416765006946579,48.849390738387136,7503,127.99561158476904,1,9983.017238897526,470.1841741185461,,1,1662116.0
2.407118605141656,48.85537309743941,75011,68.17283825809278,6,10149.03143443424,484.1217216001515,,3,1032387.0
2.350789444687347,48.87217610585217,75018,119.34185687323554,1,9846.536214329111,280.4492224308736,,2,882538.0
2.448261523032248,48.82655190328521,7502,84.63599058135941,3,9569.91693818043,413.0887723398571,,3,461787.0
2.347266458708435,48.83711279918398,75015,56.63121811704504,1,9813.040070612808,290.44618276914724,,0,725997.0
2.448043530177453,48.82952059724483,75013,38.201343466418,5,10190.767780889602,499.3313482939087,,1,422471.0
2.2732978503088024,48.82215976400464,7503,74.41246444216375,3,9983.017238897526,133.3461106852082,,0,625465.0
2.4214505174132257,48.8202979141244,7507,36.67767057940453,2,10160.7203358053,44.07890629965328,,2,487017.0
2.424908191372856,48.81176783068933,7507,59.27182593935955,4,10160.7203358053,254.6202726365497,,3,417595.0
2.2759735436442248,48.88531738897918,7503,122.49073838026054,3,9983.017238897526,457.38560265767575,,0,854438.0
2.363373545400685,48.83601474377023,7502,120.73224937664271,3,9569.91693818043,429.2821213111524,,2,873875.0
2.2237450960175376,48.85101280302066,75017,110.946903757154,4,9899.474939437398,37.83344634357932,,0,810251.0
2.26876803627305,48.85316411925827,75019,66.08020918108406,2,9910.289427293848,373.3762563773607,,3,707638.0
2.3953090609674628,48.8997710261832,75010,59.15474170759755,1,9903.611678623716,467.15031870825226,,2,675332.0
2.2630765762846523,48.85097685427948,7501,101.90168976989524,5,10006.394372127985,279.48417248198484,,3,1229342.0
2.254229784589538,48.87640524690602,7505,76.4491963704471,4,9974.4015549417,153.0493605220219,,3,823725.0
2.272696501661311,48.89663020772391,7508,88.45136471966126,4,9848.31703220121,86.79662590904516,,1,1310959.0
2.326272481685912,48.86915393356699,7500,93.22026397415362,1,9981.88888607979,487.54311828263616,,0,950205.0
2.413831245517042,48.886644595037296,75016,136.87476286997708,1,9678.120674588112,492.1986552965601,,2,1528353.0
2.248113969373482,48.842891043395895,75015,91.60457062367324,4,9813.040070612808,171.8341970872895,,0,570247.0
2.3441766230380874,48.87814849110182,75018,53.07351809594802,1,9846.536214329111,36.36890962445965,,0,644660.0
2.2762650863214136,48.81022194929751,7501,53.13706604861551,5,10006.394372127985,60.33115852191137,,3,758005.0
2.465889125913273,48.86615759997986,7506,89.10828671155949,6,9841.359840436731,472.4068300035794,,2,1222845.0
2.235402136642165,48.81658616432977,75011,138.92274881258996,1,10149.03143443424,420.87523545961005,,0,1223338.0
2.35324755591358,48.876290919774405,7502,111.6368027482846,1,9569.91693818043,458.0781283580803,,0,1008218.0
2.4000386722183427,48.84306531779504,7500,105.48122985945528,1,9981.88888607979,339.0197266743362,,1,1628833.0
2.4757567551690323,48.84304222755715,75019,51.54018398464203,3,9910.289427293848,58.16555932871218,,3,628163.0
2.2756583660912617,48.87747054730868,7508,53.42018972575521,2,9848.31703220121,397.5593802684479,,2,408819.0
2.3081172875722564,48.82811802030378,7505,115.9868809472938,1,9974.4015549417,95.8093628436838,,3,1058106.0
2.2768937174479693,48.86139269456682,7507,52.605103420396645,2,10160.7203358053,107.42452858856316,,2,319462.0
2.4172483041757005,48.82181433960972,7504,81.31318594642909,2,10257.726066885674,193.75747372513013,,1,809435.0
2.2324048861945647,48.86392556767712,75018,39.78281713108754,5,9846.536214329111,174.07356141431933,,2,572974.0
2.37042625730538,48.81065169272205,7507,83.95706049103039,6,10160.7203358053,383.8000044134112,,2,829283.0
2.3928235099982773,48.86036451305638,7502,45.697545769968826,3,9569.91693818043,101.29749253830283,,1,561867.0
2.259506081839214,48.897521443138096,7506,86.23317458433623,3,9841.359840436731,374.7969128044537,,1,844585.0
2.382667378374544,48.85546305720156,7507,142.9641855887753,1,10160.7203358053,457.9043216927564,,3,997251.0
2.3731364260003542,48.8302154031465,75014,99.60919820452136,4,10062.666974334055,349.3772847681976,,3,1090903.0
2.4294891069888336,48.873422693960784,7503,134.82577162156616,4,9983.017238897526,322.1860926352459,,2,1368281.0
2.417542649759104,48.89893468217488,7503,58.70228898688437,5,9983.017238897526,398.00211934250007,,1,533781.0
2.4219619871044817,48.89779137450053,75014,119.05306305874946,4,10062.666974334055,205.64760984938653,,3,853538.0
2.4362581345578964,48.81710853178453,7500,133.98683945998394,4,9981.88888607979,416.7318409894552,,3,1304390.0
2.429309651634549,48.87729802487765,75011,114.19566521542812,2,10149.03143443424,335.2611787268089,,0,922982.0
2.272251775431712,48.89016738548621,75016,78.2939041868923,1,9678.120674588112,275.7232439829131,,2,1192858.0
2.445102320119537,48.834132160146325,75017,99.7107283351136,1,9899.474939437398,267.6632533482593,,3,597672.0
2.2461502899349712,48.8742968646035,7503,42.26495893215112,5,9983.017238897526,39.24768345531925,,3,327562.0
2.4048920948167165,48.81118165820254,7500,85.64659631620901,6,9981.88888607979,384.5503002930095,,1,916775.0
2.474848590618062,48.841769845424366,75019,42.88278728042225,2,9910.289427293848,169.0707763965284,,3,375779.0
2.476471052541291,48.877209705591866,7508,63.42078729685849,2,9848.31703220121,321.377996769116,,2,479450.0
2.3959476187568405,48.847862101016446,75012,95.10530355945347,6,9935.066867676536,324.10744442243106,,2,1284515.0
2.330366924301692,48.88346290881098,75019,69.42100100716283,3,9910.289427293848,197.1788861326199,,3,874851.0
2.419525165926373,48.88532295663842,7501,51.65585187738655,1,10006.394372127985,265.2579121950707,,2,451831.0
2.2226930756847594,48.81954186803943,7501,85.5983606788816,6,10006.394372127985,286.74312821889725,,2,994481.0
2.301335288477325,48.81342996044897,7502,37.19672198657163,4,9569.91693818043,424.267490779203,,0,498799.0
2.233153823225897,48.81350137685807,75014,39.08621299396694,4,10062.666974334055,326.4371186883848,,1,411922.0
2.464077032965918,48.88458209299022,75016,103.66981062927825,2,9678.120674588112,217.0059062481156,,1,1227375.0
2.4155932608074835,48.8220196576352,75011,40.03450530571215,2,10149.03143443424,193.8414849548928,,1,450208.0
2.461786113251648,48.81601451233649,7505,100.0308006145546,5,9974.4015549417,116.87256821069307,,1,698969.0
2.34297770199227,48.85288075425696,7504,149.89991195230272,2,10257.726066885674,435.9140560595064,,3,1497601.0
2.360437269381195,48.82911258814839,7506,141.6787291865846,3,9841.359840436731,313.3010473314386,,2,1125066.0
2.271414018332352,48.83970087861248,7506,106.09575216437808,2,9841.359840436731,301.0836955302471,,1,1096991.0
2.450260532149945,48.89192528501388,75017,43.3196277911633,1,9899.474939437398,230.5013933935334,,0,311740.0
2.4774512517320884,48.8659715626851,75015,102.92481688470885,3,9813.040070612808,403.4723681772895,,1,814356.0
2.3801923664139992,48.866747929858015,75017,111.94155370229926,6,9899.474939437398,397.8133783026954,,3,1074957.0
2.330838592357085,48.83789795974781,7501,87.3742745289233,5,10006.394372127985,287.8878014404721,,2,1281148.0
2.3678614479265305,48.82187103516196,7503,142.7111387803572,3,9983.017238897526,440.3202960378474,,3,957497.0
2.3155645391403805,48.81740476242041,7501,89.19898555006287,2,10006.394372127985,445.6710451770285,,0,959984.0
2.2871877277358736,48.83111570443415,7502,138.10934542880037,2,9569.91693818043,326.0780707622285,,2,1589890.0
2.34866241409124,48.88550073862161,75011,58.303007777282616,4,10149.03143443424,84.30323749968265,,2,524558.0
2.2705812420889564,48.89153333562076,7507,79.80792772517091,1,10160.7203358053,322.00125278949963,,2,653352.0
2.3664759896699423,48.87376737993832,7504,66.64240485051744,6,10257.726066885674,481.63691992489873,,1,929126.0
2.384401257507727,48.84850934151772,75016,122.37718352226172,6,9678.120674588112,453.13234790024353,,2,1535384.0
2.281861028198582,48.87164843265088,7503,145.25407038012332,1,9983.017238897526,373.4208779867521,,0,1383835.0
2.341034280449589,48.86956942673035,75019,124.82403728550554,1,9910.289427293848,334.183983688803,,1,1408918.0
2.266505158595396,48.87003834916021,7508,131.99971776990836,2,9848.31703220121,370.473804850213,,1,1321251.0
2.3356343141021094,48.85799848820659,7501,46.383314807776586,3,10006.394372127985,341.7969014206473,,3,639491.0
2.3547932351114094,48.85430991595443,75016,37.73223078895676,3,9678.120674588112,93.71782089414997,,0,505273.0
2.367793347578129,48.8922469578476,7501,104.15181992463386,1,10006.394372127985,270.9249563773117,,0,1502344.0
2.41419283065651,48.81851037299615,7500,85.95970006237266,6,9981.88888607979,131.6625874338733,,3,617993.0
2.379702253752204,48.81229160627206,75010,107.40249892665848,6,9903.611678623716,222.3553986763125,,2,1005454.0
2.340606971877744,48.85261690179094,7505,124.8280437274486,1,9974.4015549417,466.744906585567,,0,1131957.0
2.2414993473767377,48.85991286492073,7500,42.01793295906542,5,9981.88888607979,370.4616108969126,,2,520336.0
2.390259311261268,48.8730261940621,7506,87.66882572020461,3,9841.359840436731,435.740263010465,,1,638410.0
2.245751743567803,48.81269186990904,75018,56.10192585306245,4,9846.536214329111,240.7336055403112,,2,795024.0
2.291678688859371,48.88573841986097,7503,84.68538913017105,2,9983.017238897526,121.4245957445424,,2,582268.0
2.3814579550474355,48.82560076404253,75015,41.05907433998162,6,9813.040070612808,200.32584716592456,,3,516484.0
2.292972465892776,48.84405953255271,7500,39.24539672037824,3,9981.88888607979,106.75498030472096,,0,344253.0
2.241554952000158,48.88761251130936,75016,40.86843341872834,6,9678.120674588112,350.02535120491643,,2,247808.0
2.263409341075726,48.82640387961126,75010,95.8036763304464,3,9903.611678623716,479.482677646816,,0,948044.0
2.2327730435372413,48.87175239784813,7501,50.99451212787277,4,10006.394372127985,60.99255488049565,,0,476109.0
2.3369455963307955,48.81501452410183,75019,38.788510702028645,6,9910.289427293848,393.0946184945027,,3,369976.0
2.417146992988916,48.85001986465905,75018,109.8746838488905,1,9846.536214329111,307.2565208919691,,2,1101789.0
2.4713999909008035,48.870024903577146,75015,81.30538290254177,1,9813.040070612808,425.5346081332021,,0,1113783.0
2.261273258548603,48.836240987473744,7506,144.16982085352208,6,9841.359840436731,188.83911399692204,,3,1242768.0
2.2809894283509635,48.87720272957517,7509,149.50668892369967,2,9775.064380528089,489.4722287086855,,0,1525729.0
2.4087552924759907,48.894404443473135,7502,91.9213372063122,5,9569.91693818043,356.43783432911766,,0,940306.0
2.3562523612340165,48.813781403425125,75015,53.74082862127975,1,9813.040070612808,276.0934710241453,,1,741625.0
2.220026245257454,48.896780936603385,7508,56.31880769912901,1,9848.31703220121,480.930085548618,,1,491682.0
2.2352644859686728,48.826884413866495,75017,139.03550493988143,1,9899.474939437398,52.23326040623103,,2,973869.0
2.383588960775955,48.85666699199808,7504,106.02189129006062,5,10257.726066885674,203.92019046290667,,0,724733.0
2.2792879542796407,48.85698377865639,7504,98.38338099702048,1,10257.726066885674,406.4020365926633,,2,1054163.0
2.326585893230314,48.81883961525582,75011,88.82752331766685,2,10149.03143443424,291.7730460516817,,1,694941.0
2.269954557221229,48.83031253146539,7509,107.64855887616405,3,9775.064380528089,191.43318840378788,,3,1230128.0
2.4743306884338208,48.8348295986612,7502,140.25030775781715,4,9569.91693818043,441.0418033578519,,2,1148035.0
2.2941507363365576,48.86928357325045,7506,107.42333908281287,3,9841.359840436731,303.902210321648,,2,1045432.0
2.322778995819636,48.81237798964698,75018,51.41780644288056,2,9846.536214329111,369.53971788566776,,1,457197.0
2.384209018079096,48.842566609505184,75019,132.20122645540272,4,9910.289427293848,428.2337688202431,,3,1169675.0
2.366844443218489,48.88071158224032,75015,113.53464114932191,5,9813.040070612808,341.7358450221402,,0,1695838.0
2.29336443735654,48.84526675949596,75015,81.60296125150396,1,9813.040070612808,430.7957579907129,,2,978297.0
2.397038144495015,48.87084118222492,75011,95.41761068204023,5,10149.03143443424,62.59643773813144,,0,1223379.0
2.3020451780386777,48.8986610591152,7508,53.798935863698205,2,9848.31703220121,331.6685595068042,,2,827667.0
2.291809659671138,48.83653303535315,7500,67.68114770548762,1,9981.88888607979,380.63690278024177,,1,1019043.0
2.2456333850312062,48.8279421197405,7501,134.87832464266637,5,10006.394372127985,82.90753203978335,,0,1182539.0
2.263156538748907,48.86071618879352,75019,94.29054689212904,2,9910.289427293848,156.1802209222503,,1,941615.0
2.342322669385615,48.8105353202585,7501,74.50120547590402,5,10006.394372127985,329.8314216699237,,0,875077.0
2.401004079022312,48.855569015798736,7506,43.90263284738687,4,9841.359840436731,179.67110481681672,,2,655984.0
2.3812105609622067,48.86468301186063,7508,129.37729560717827,1,9848.31703220121,141.22777143552707,,1,859471.0
2.312942167660565,48.883717322936334,75010,56.00291042716009,4,9903.611678623716,212.25364615567304,,0,368600.0
2.328056537985792,48.8836741682314,75014,49.464011156126304,3,10062.666974334055,428.7486879450257,,1,444771.0
2.286077015346657,48.829053164231695,75016,136.76402276003,1,9678.120674588112,341.6247078085836,,1,1336007.0
2.3382903789827965,48.87141116590973,7504,82.6105608774011,5,10257.726066885674,153.6269351237926,,0,1018372.0
2.4084928663721734,48.81360024799478,75018,68.61779350181298,6,9846.536214329111,399.2219657476391,,2,907024.0
2.234041720567404,48.88862104960108,7500,65.87068237715401,3,9981.88888607979,487.1300646468415,,1,446831.0
2.261318190811856,48.87298652283944,75017,90.99006965684568,3,9899.474939437398,104.38220795748424,,3,949778.0
2.2466954029965143,48.879868372263125,75013,103.19217427192407,6,10190.767780889602,327.6304273764444,,1,1462596.0
2.361435767670701,48.877026680864624,75015,125.45308575563222,4,9813.040070612808,222.3711633641255,,1,929058.0
2.447816596601017,48.86371730762293,75015,88.26283615942455,6,9813.040070612808,162.61907165485374,,2,923321.0
2.2784902002841494,48.82459016002044,7508,82.82324968141066,5,9848.31703220121,411.9398334944795,,0,1048726.0
2.412585815588139,48.866745372687895,75016,123.42629804837954,6,9678.120674588112,482.1866708462675,,1,1046766.0
2.4249618492993896,48.827895742268176,7504,53.303896666410736,2,10257.726066885674,88.3435000831858,,1,527809.0
2.33462935493723,48.897099303409085,75015,93.15231855960072,3,9813.040070612808,293.79010699928705,,0,749992.0
2.459014080597971,48.88530947156276,75010,46.537297858610216,1,9903.611678623716,253.43139765249373,,3,620008.0
2.297056407797787,48.8215248565416,75017,64.64856462880027,3,9899.474939437398,183.3582651566031,,3,788965.0
2.252463223704312,48.86527544578196,75019,128.16831250194804,1,9910.289427293848,296.91991047524704,,0,1377415.0
2.320597599767598,48.890562145051625,75010,71.54258186369339,2,9903.611678623716,437.3997329422666,,2,832533.0
2.4716311167944407,48.83166833171783,7509,44.62186925219893,4,9775.064380528089,359.74084313560525,,2,591783.0
2.328992490415005,48.83898341618936,7509,140.81873672617712,3,9775.064380528089,313.2879434046076,,3,1057571.0
2.4026497166371583,48.84611225335044,7505,55.04430034219236,6,9974.4015549417,297.6727164897067,,3,795236.0
2.2391509620633854,48.890429049715294,75013,85.77820670202087,6,10190.767780889602,154.68600203090625,,1,551249.0
2.373188579760825,48.82313977845725,75018,68.42284746038644,3,9846.536214329111,119.82008559912936,,2,557413.0
2.380653210405276,48.84808010388264,7501,58.36270319725065,2,10006.394372127985,96.43183385125168,,3,451788.0
2.386681617661071,48.833877383845085,7504,96.91961117277252,1,10257.726066885674,476.9429235917116,,0,1080437.0
2.451386776782834,48.83226352691944,75010,73.37476330243103,1,9903.611678623716,229.83705574887284,,0,586572.0
2.4798506131747367,48.882717069595735,75013,141.64578618761834,1,10190.767780889602,465.93337774387527,,2,949957.0
2.294649213387565,48.863449910149725,7507,74.90640815756004,6,10160.7203358053,175.39932190441797,,2,826764.0
2.28873054044018,48.85538998441344,7505,72.52464700612714,1,9974.4015549417,270.61168465811267,,2,602199.0
2.370035919776429,48.8670224195444,7501,59.66995083395497,2,10006.394372127985,292.7121096714343,,1,683561.0
2.331461930439637,48.86086119907906,75019,142.03016693207456,4,9910.289427293848,36.24083953333415,,1,1164297.0
2.3876529410350105,48.858705406986914,75014,49.43582570182514,1,10062.666974334055,247.81975255440213,,0,354680.0
2.249393415034017,48.85619554371491,7502,142.07952882383643,4,9569.91693818043,97.47424974899464,,1,903872.0
2.4663381274198968,48.88920790057953,7504,143.66612766936035,1,10257.726066885674,40.04909146781662,,0,1058362.0
2.3626067319167574,48.86060062700019,7507,79.98045252189357,5,10160.7203358053,375.020518416431,,2,1267130.0
2.22622904061903,48.82376915812421,75010,114.4286597254883,2,9903.611678623716,258.6035364593394,,2,1568598.0
2.3089662013803123,48.82233004568016,7507,120.66967813809336,5,10160.7203358053,167.5215391446472,,2,1092639.0
2.222669852816213,48.85152666515578,7503,85.70817422776543,4,9983.017238897526,494.899783968774,,2,955515.0
2.409398455052421,48.85704851445269,7506,76.40595822809308,3,9841.359840436731,452.3179110070901,,3,891439.0
2.2978865295895496,48.8215945003995,7504,133.29184159489495,4,10257.726066885674,69.2148623380028,,2,1191393.0
2.323097531448443,48.82409286388658,7502,146.57031615102508,2,9569.91693818043,489.76458394428863,,3,1235246.0
2.3888152582134445,48.810094876216944,7502,57.99328878473722,6,9569.91693818043,426.3313436360176,,0,742596.0
2.2672423877730794,48.82615197510558,7502,45.9264680998656,4,9569.91693818043,255.5268082291525,,1,259032.0
2.444553595326227,48.87276331195226,7505,62.55220076512526,6,9974.4015549417,223.5890158588937,,1,910712.0
2.2218854765617944,48.84848234958459,7504,89.09445286552389,4,10257.726066885674,46.95713579885326,,3,802990.0
2.302277681227374,48.81747719869736,75017,47.95790060235696,6,9899.474939437398,458.48669817691626,,2,346163.0
2.365424018002119,48.86264291651011,75017,128.21729907683624,1,9899.474939437398,370.1518200572202,,1,889258.0
2.335320093378709,48.87858017617113,75017,136.6077843860093,3,9899.474939437398,78.84618736947554,,2,1366566.0
2.2346647527011454,48.810733379905294,75015,106.8514159976078,4,9813.040070612808,155.74325597979242,,0,1096909.0
2.254180410834427,48.814759470732426,75017,114.80051178569828,2,9899.474939437398,208.4407369046624,,1,1219442.0
2.3828066663910388,48.85265381724985,75018,84.68299745803557,3,9846.536214329111,390.3744310320205,,2,1265635.0
2.296159993529628,48.85894522967834,7501,40.26659338115064,5,10006.394372127985,452.3104759788424,,3,377436.0
2.446409021669264,48.83807653628022,75012,40.34500825312243,6,9935.066867676536,474.0577344414239,,3,565952.0
2.4654797155634243,48.82213651803847,7504,63.84882523505373,6,10257.726066885674,84.6309831803891,,2,855668.0
2.379156440907892,48.83354454771628,75012,99.75369973039814,1,9935.066867676536,115.01358812942968,,3,1428380.0
2.2455133117093755,48.87714081072303,7502,113.59047817016244,4,9569.91693818043,490.3788831678954,,2,818978.0
2.4040355870663643,48.831898609068034,75017,82.73105793382811,2,9899.474939437398,130.20063847083907,,0,1155558.0
2.2490504554006905,48.86795721989246,7504,56.11408635854154,3,10257.726066885674,435.2894230199828,,2,404751.0
2.42506343060946,48.83630095821011,7508,70.27588251458535,4,9848.31703220121,413.29068837120735,,0,1109255.0
2.2476643953464577,48.81621465358422,75015,45.78844550667682,3,9813.040070612808,237.4616132349456,,3,407537.0
2.475498578162988,48.89392344167543,75016,119.84960803242944,1,9678.120674588112,353.4815843539096,,0,890791.0
2.2785593838125027,48.81909713962257,75017,58.24388821998487,3,9899.474939437398,162.31934415579684,,3,393006.0
2.45075778029234,48.88468862533955,7501,66.51846309044544,2,10006.394372127985,405.95925042102783,,0,1010262.0
2.3617502584471097,48.843723459759815,7504,77.49583723082458,5,10257.726066885674,435.6724996365908,,2,761421.0
2.3481683768856585,48.87853567377919,75011,127.66294254816682,1,10149.03143443424,266.61574622878163,,0,1188675.0
2.459932272849835,48.89535942138953,7503,103.59450056840473,4,9983.017238897526,356.0894925917357,,3,1443865.0
2.278299742106066,48.81655427743196,7508,55.83767447043888,3,9848.31703220121,81.24554508032037,,1,344690.0
2.4408606764026657,48.82711723253491,7507,105.69531434087092,1,10160.7203358053,294.6360432198413,,2,904282.0
2.2339444813646683,48.86146821311607,7508,43.08537005563476,4,9848.31703220121,99.57263454091324,,1,374475.0
2.2562802799523207,48.898266252156624,75010,100.02937731224446,5,9903.611678623716,79.74424852320669,,2,1528260.0
2.2650235984000324,48.81693027340049,7507,64.26729758620397,5,10160.7203358053,418.9016163370472,,2,721115.0
2.35058322822868,48.88690192963232,75014,127.33092754583446,6,10062.666974334055,300.6458103239942,,2,1179962.0
2.3037257981161825,48.83990405048726,75010,110.785878828916,3,9903.611678623716,342.7907195303273,,2,968307.0
2.343075357064746,48.89980214480428,75018,78.80467549495737,5,9846.536214329111,90.67576277267132,,3,755686.0
2.455824065827965,48.85181680938931,75019,115.48011517649472,2,9910.289427293848,335.8743353650679,,2,1007737.0
2.310803508795987,48.86277519770841,75018,134.554569869379,1,9846.536214329111,412.8874218463546,,3,1437845.0
2.2422279489813817,48.8216181115273,7503,45.98114764959955,1,9983.017238897526,460.24783688231855,,0,548954.0
2.44213696630655,48.83203668845126,7500,119.35389596725383,5,9981.88888607979,35.953760765883224,,2,798719.0
2.4215106968102127,48.83378690185143,75018,92.00536507771515,4,9846.536214329111,242.13834526810177,,0,774117.0
2.357860525734305,48.84261091146418,7506,125.61969430281036,5,9841.359840436731,413.5874935286238,,3,1070871.0
2.4198082132505534,48.8864196112668,7503,96.5985218237487,2,9983.017238897526,324.5457504279421,,0,1216062.0
2.317564577312903,48.83248930607936,75012,147.92121894520818,1,9935.066867676536,210.8188209027038,,1,1593979.0
2.434953284128297,48.84100571126998,7501,50.02947866585258,4,10006.394372127985,244.8770073471324,,0,478937.0
2.3427228820662567,48.87807071952544,75014,95.04269954946612,3,10062.666974334055,394.1930801178633,,1,826857.0
2.427855315724515,48.89008537354083,7504,48.135493706707486,6,10257.726066885674,338.15942172088506,,3,393422.0
2.2841388705785257,48.880915029240256,75017,111.1264627403856,2,9899.474939437398,98.508821038839,,2,695745.0
2.386419441554901,48.8267928761643,7503,45.64059531901452,4,9983.017238897526,161.50259054865776,,2,526369.0
2.300688831709167,48.86551328837453,75016,83.01182396210957,2,9678.120674588112,42.92853549220373,,0,800289.0
2.3118633183916293,48.879150032291,7506,78.73145580354641,6,9841.359840436731,214.8798916257451,,2,699897.0
2.306894857164272,48.81118029988384,7501,73.5664262366285,5,10006.394372127985,123.93786400399628,,3,688472.0
2.4067906121751457,48.829464788784456,7506,82.17827618566736,2,9841.359840436731,177.39450509641438,,3,785078.0
2.2816564726403885,48.85392792091464,7509,101.05372226446964,4,9775.064380528089,475.91355015262224,,3,1368684.0
2.2379977439869614,48.8509410200104,75014,110.75741808995276,1,10062.666974334055,389.49080951576735,,2,710654.0
2.3298787591686807,48.87507522999726,7501,47.98805545983558,5,10006.394372127985,215.55669004516847,,2,663532.0
2.366326639160301,48.88157785459846,7500,108.74452068134894,1,9981.88888607979,357.47837697515007,,0,1065081.0
2.3893987620053805,48.81979632960894,7501,134.61255076585513,6,10006.394372127985,302.9988098989531,,1,1126612.0
2.327365798971602,48.88687896241744,7501,106.0057445274265,5,10006.394372127985,400.0030390619247,,0,1523746.0
2.304517707493122,48.85787797265481,7507,123.42348481831108,1,10160.7203358053,216.2618302251721,,0,1522305.0
2.2619118178312245,48.873188408280576,7509,38.97276478323512,5,9775.064380528089,156.9286454927959,,0,393614.0
2.2546820101743914,48.84890835800852,7502,47.34911843584648,2,9569.91693818043,478.2552135045048,,2,450851.0
2.2744322645422392,48.87316479956778,75017,93.11244132633038,1,9899.474939437398,184.0280608519924,,2,1212831.0
2.374063591258176,48.85707945384294,75018,88.3291271178199,2,9846.536214329111,492.314564428374,,3,700108.0
2.389919612279797,48.87312611877216,75015,54.01646346176378,1,9813.040070612808,287.92636459027875,,1,434796.0
2.367294269734838,48.83861392415715,7503,124.58654929766402,6,9983.017238897526,374.0375322103918,,0,1333801.0
2.412182663428593,48.826720018019095,75013,142.29790017554274,1,10190.767780889602,74.04314456574903,,1,1153595.0
2.418960961192766,48.88032335667129,75019,84.57177199602822,6,9910.289427293848,272.34322503438585,,1,1194016.0
2.3358856643377304,48.818927256386914,75011,116.07104915729596,4,10149.03143443424,199.75092510232795,,1,950055.0
2.4023212456391807,48.875679771317344,7502,46.33634870163043,3,9569.91693818043,47.18046712899118,,0,397857.0
2.389190541997704,48.85271604714963,75018,125.9314235168413,2,9846.536214329111,43.519631015302906,,1,1144489.0
2.316340742316721,48.816636607325385,7504,65.59431508478097,3,10257.726066885674,292.54249325373564,,0,1056529.0
2.22582750547118,48.88653696350892,75016,84.21031429910586,4,9678.120674588112,215.1259363805296,,2,747657.0
2.227899008488028,48.85978469210637,75013,67.70693406243953,1,10190.767780889602,76.98243922302275,,3,648664.0
2.396413207225152,48.8301763678172,7500,68.89549822483116,4,9981.88888607979,54.43638036530433,,2,997808.0
2.4288440730357,48.87467632501267,75014,57.47598496759132,1,10062.666974334055,238.70777395328653,,2,475949.0
2.4155147261298096,48.83094778966791,75015,69.45759268688116,4,9813.040070612808,343.46600611936026,,1,641017.0
2.4667704648470825,48.87572411750861,7508,143.34322197369852,1,9848.31703220121,452.5150214189292,,1,1162360.0
2.3854457179445165,48.88400004912564,7505,109.72209154368518,2,9974.4015549417,199.0816667783405,,2,1329014.0
2.4751064344358555,48.86756937040791,75015,106.6921275549674,4,9813.040070612808,490.50690646355815,,3,871394.0
2.437810761943309,48.88052656216394,75012,128.02038346258882,5,9935.066867676536,385.8856899270993,,1,955232.0
2.411112660374216,48.843525663438605,7501,116.39412087807747,6,10006.394372127985,108.90507764467635,,2,1566506.0
2.347008084281193,48.83670627784716,7502,38.47897969945088,4,9569.91693818043,218.93823700770693,,2,462893.0
2.302940575444874,48.89667638121126,75016,64.2741123958601,4,9678.120674588112,357.0292997510905,,2,524531.0
2.367972083234466,48.84848859287679,75011,138.2428157612773,1,10149.03143443424,432.93869513555967,,0,1024991.0
2.232326753300772,48.87786322003815,75014,96.85876953446936,4,10062.666974334055,460.9539289899095,,1,866376.0
2.3933201912851363,48.81416497025026,7505,64.59226661721056,3,9974.4015549417,95.96938510394332,,3,983714.0
2.429018231277981,48.876026892260825,75019,94.82128932848651,3,9910.289427293848,466.3365566486928,,1,530999.0
2.412071766095912,48.868185191743045,7503,47.96893939112735,2,9983.017238897526,63.97011128556172,,1,504059.0
2.417049427891077,48.8585198007668,75011,134.9833158516597,6,10149.03143443424,176.92946331581234,,3,1020657.0
2.322510602374844,48.84173173793833,7502,77.29589964783233,1,9569.91693818043,480.66646428765216,,1,970667.0
2.304992708647676,48.88767105539053,7503,36.17240536229268,3,9983.017238897526,347.1861222198343,,1,429311.0
2.4386207324105404,48.82688749455197,75013,90.62478849410186,1,10190.767780889602,235.27375856053945,,1,1235354.0
2.2451617941198814,48.86148507111749,7505,87.38190749189496,6,9974.4015549417,456.7719067628072,,0,753720.0
2.258548781904425,48.84385195430673,7505,60.59501705174393,3,9974.4015549417,463.2696338137404,,2,566753.0
2.409156474200519,48.81090225275367,7506,80.85462538323355,5,9841.359840436731,166.4114444316326,,0,597358.0
2.4163340350454097,48.86218917104439,7504,48.62312567866881,2,10257.726066885674,229.23538045887244,,0,391915.0
2.3357414497246385,48.834621796755016,7503,56.5873440315372,6,9983.017238897526,162.9439110398447,,0,778179.0
2.337688439934923,48.89717820134528,7502,142.5278589724513,4,9569.91693818043,337.7209332764336,,2,934381.0
2.40564937837782,48.81137166429666,7504,49.94638067722779,1,10257.726066885674,372.2255431436263,,3,556623.0
2.3357504889617404,48.88688802979194,75011,62.45955938612052,5,10149.03143443424,88.8680565907255,,1,780203.0
2.368000590600885,48.8183896415411,75010,38.176131386350725,5,9903.611678623716,192.30553792348408,,2,523979.0
2.287043904184916,48.85261759013124,7502,60.71426995519978,2,9569.91693818043,82.89729266623576,,0,696143.0
2.3636538890541963,48.81656755229493,7500,126.32136883774616,1,9981.88888607979,249.83704870257424,,3,1646736.0
2.431024298102429,48.830571414503325,7506,47.26795315750512,6,9841.359840436731,475.5189532758727,,2,371380.0
2.2685203189678425,48.84820616145256,75011,86.49284101003221,5,10149.03143443424,318.34214982917683,,1,1152305.0
2.376963248597643,48.87100608275657,75017,66.74945433179073,5,9899.474939437398,155.95948045078754,,1,372149.0
2.3308595658559765,48.88527038523173,7502,72.41366363340393,6,9569.91693818043,446.4519702575585,,2,689736.0
2.291450361053739,48.83995688298791,75015,83.73502053154876,2,9813.040070612808,380.9872987289062,,0,1267017.0
2.2707231112365087,48.86604369814857,75011,69.69346794702858,6,10149.03143443424,443.6297062712384,,2,961466.0
2.473330404893665,48.86123347674014,7505,130.36863556969632,1,9974.4015549417,283.4665941846254,,2,1401988.0
2.3352431836701,48.89291283323783,75010,48.478545070411926,3,9903.611678623716,341.3759963203602,,1,506116.0
2.401230807400664,48.865662185862455,75017,65.28221623593421,5,9899.474939437398,68.44496938710566,,3,392065.0
2.318213011971155,48.88075005184943,7500,143.6738132025925,5,9981.88888607979,229.4870447164903,,0,1612220.0
2.409005224804616,48.86207226060864,75014,64.31519750804904,2,10062.666974334055,413.6069878911054,,2,507549.0
2.321245137428074,48.88525527981475,7503,58.781629112530986,6,9983.017238897526,95.07709812993444,,0,365297.0
2.475827356551536,48.83561124136028,75014,122.22758413302992,4,10062.666974334055,135.22820198773064,,1,1333227.0
2.2331110078088647,48.857573062004086,7505,69.08299669904618,2,9974.4015549417,93.62962542951549,,2,846338.0
2.361328884194466,48.83747427475228,7508,51.654814347921246,1,9848.31703220121,71.53724738361218,,2,638402.0
2.2766332704094108,48.8950684759087,7508,94.32173532491676,1,9848.31703220121,184.43787297672327,,1,1015549.0
2.40079562387827,48.899977387369205,7503,147.09774008417233,1,9983.017238897526,325.49507975456936,,3,1111178.0
2.384603659036237,48.86940971499192,7505,130.55528235082468,1,9974.4015549417,312.1165347335108,,0,1246936.0
2.347708038930467,48.87332861972127,7503,85.60312649858339,3,9983.017238897526,155.50743491335612,,0,900491.0
2.3346341586234933,48.83040086692917,75018,107.15397758674708,2,9846.536214329111,188.0187026815325,,0,888823.0
2.427966753317929,48.84100840559579,7509,108.28244982184684,3,9775.064380528089,166.75345706970174,,1,1082201.0
2.349673968544228,48.82259100467017,75018,95.01680518017274,5,9846.536214329111,486.4298349041008,,0,1259164.0
2.244194680710978,48.84136764568248,75015,80.06986460226527,6,9813.040070612808,128.32995020449926,,0,635570.0
2.259946448361132,48.83005514746081,7501,67.3749907101481,6,10006.394372127985,448.6487667664434,,0,683349.0
2.293644518683542,48.82275173088101,75012,69.77193232855092,3,9935.066867676536,324.5606961478196,,1,586493.0
2.371573433395642,48.84745857396064,7508,43.76109499388119,5,9848.31703220121,71.80484201149216,,0,420223.0
2.3696176147705783,48.89329681811508,7506,60.227922603898776,1,9841.359840436731,243.15860993343148,,3,709690.0
2.222624562623364,48.86694989366264,7506,115.31375309131953,3,9841.359840436731,203.4770434123893,,3,1592142.0
2.377775209009236,48.82473307422078,7508,52.816928056465386,1,9848.31703220121,214.23263742547687,,3,849510.0
2.2328005651275915,48.87956070246399,7501,101.48927493903034,1,10006.394372127985,121.81214439771792,,3,1210945.0
2.313286572265024,48.85167395528244,7506,106.94880684558304,4,9841.359840436731,312.6243059979979,,2,1022606.0
2.387218819308251,48.82309537162081,75013,106.14006655587023,2,10190.767780889602,446.6610916603054,,0,1428819.0
2.29531795893612,48.87737205673003,75016,50.80269483464439,3,9678.120674588112,473.27387689108906,,1,349601.0
2.2375115622315547,48.83904742960421,7505,119.40884733701952,1,9974.4015549417,462.2237059404517,,1,717523.0
2.389479933801879,48.8654887540922,75012,110.44339045998328,4,9935.066867676536,324.9982796968992,,0,798055.0
2.2657021961822643,48.89135917229979,75018,67.94086835306754,3,9846.536214329111,58.86344549892956,,1,447177.0
2.2284966425483974,48.85344578353812,75013,43.59547309141727,1,10190.767780889602,46.222589329089296,,3,538876.0
2.280240091058749,48.833362669239136,7506,76.09076324180015,1,9841.359840436731,374.89921518272376,,3,571928.0
2.465444025769303,48.86366765435373,7509,51.29852881400922,4,9775.064380528089,82.47573055690721,,2,590059.0
2.299130643832774,48.88514588343568,75012,146.7460996876344,5,9935.066867676536,238.62671876299828,,0,957669.0
2.236427500842017,48.893092726902914,75013,47.54281956886668,4,10190.767780889602,176.19160389855466,,1,522811.0
2.3061849205798204,48.86906435829317,7503,52.589393045481415,5,9983.017238897526,343.5524374081851,,1,538931.0
2.3098870590755127,48.819741663151305,7500,84.39087685699691,4,9981.88888607979,362.5314224596779,,0,517482.0
2.2839537329358084,48.897360906113946,7501,36.173238208273474,4,10006.394372127985,141.2434009443781,,2,265711.0
2.310835529220591,48.89452524955413,7504,68.65921740234005,4,10257.726066885674,129.71273793778855,,3,769424.0
2.421180820102028,48.82777280269912,75018,89.38448598830414,1,9846.536214329111,427.424813583152,,3,991844.0
2.2711391759559096,48.87802067035448,75011,80.63033433089751,3,10149.03143443424,350.6622702067925,,1,487821.0
2.265908651388924,48.88288123116629,75015,67.70680082539518,1,9813.040070612808,269.3369617840307,,3,926513.0
2.386591265209977,48.85874477385033,75011,66.81341087602681,5,10149.03143443424,143.54266113881943,,0,852185.0
2.2249865605208554,48.86892824429388,7507,143.32054897643707,4,10160.7203358053,139.02387848618056,,1,991473.0
2.388021306821888,48.89754991848731,7502,93.3753911786051,6,9569.91693818043,267.25410716382885,,0,775025.0
2.243915807058994,48.877331417994775,75015,120.89041154575216,2,9813.040070612808,499.2955753113258,,1,1416368.0
2.4184730882493146,48.84704070332631,75013,48.74844003500515,3,10190.767780889602,348.307533167379,,3,609987.0
2.4655842394644827,48.86257931924576,7500,78.1248744377526,1,9981.88888607979,188.6079491184992,,2,988365.0
2.361201450284296,48.87906274887807,75011,110.38484652007372,6,10149.03143443424,79.79574511860503,,0,1474749.0
2.3274478691466194,48.88953250264338,75017,44.02652291686581,5,9899.474939437398,126.49176755907206,,2,386064.0
2.224234000215027,48.84655079253499,75019,46.59787558882108,2,9910.289427293848,222.76370735325048,,0,595362.0
2.282056595674183,48.87282966437694,75015,109.45727655033396,4,9813.040070612808,222.6096753967268,,3,1267358.0
2.3134509314480685,48.81147552819405,75018,115.16230303327868,4,9846.536214329111,77.52693157645828,,0,1672786.0
2.2713348119689707,48.88386182210926,75011,134.54395813862766,5,10149.03143443424,109.98295454404747,,2,826228.0
2.221341330633345,48.82030577085703,75016,62.03357137582057,5,9678.120674588112,129.00795783426332,,2,768068.0
2.465920169501966,48.83721258719973,75016,57.708273497863146,5,9678.120674588112,405.7561171174892,,1,583738.0
2.2708127654477166,48.85520542180963,75017,70.05556160858276,4,9899.474939437398,176.935098961261,,3,672907.0
2.4757367768690592,48.81600870405524,7500,76.54262318979971,5,9981.88888607979,194.7502004198486,,0,783901.0
2.272915575614256,48.82105153265671,75014,140.09222293031326,5,10062.666974334055,125.75932216065988,,3,1238984.0
2.4698358629601795,48.85750492944805,75015,40.05635096103343,3,9813.040070612808,369.2507226775932,,2,647467.0
2.3914959150729,48.85715926859736,75014,60.28074821831285,4,10062.666974334055,313.6165277298278,,2,739456.0
2.2930918574544124,48.89386813316533,7505,36.86355611192623,2,9974.4015549417,285.977861854046,,0,285569.0
2.4774055409901377,48.84084652691956,75015,137.64501631633664,5,9813.040070612808,59.55453458358716,,0,987075.0
2.462106044694272,48.86272748308193,75019,51.71677069632612,1,9910.289427293848,45.11262779790564,,2,443160.0
2.470690766656863,48.81735271135294,7502,43.40508482161001,2,9569.91693818043,365.1291830629432,,0,496560.0
2.301048861491993,48.89450091986843,7502,130.29592785084054,5,9569.91693818043,480.681510322806,,0,1608717.0
2.3127003091398737,48.83311778539887,75010,109.45545601355929,3,9903.611678623716,127.04941940516224,,1,1326105.0
2.3264272343713897,48.85616164022614,75017,81.81047481141017,2,9899.474939437398,382.4794546214305,,1,1064366.0
2.477163650594811,48.86718796334107,7508,36.19013983908235,6,9848.31703220121,217.1129735471713,,1,534257.0
2.4094879060809173,48.83462219417556,7502,73.47200666206354,3,9569.91693818043,391.1436369474831,,3,632907.0
2.420140818970203,48.8355428766041,7508,138.49239575666695,6,9848.31703220121,471.9524177245984,,2,1525464.0
2.46381987477632,48.87350012228067,7503,134.2946257251549,4,9983.017238897526,231.44691081687003,,2,847585.0
2.479021780006219,48.81044206645765,7500,56.34138689597762,6,9981.88888607979,341.6080722834735,,0,765194.0
2.449393005961716,48.89642409159404,75018,73.37856824041663,1,9846.536214329111,342.0594463167661,,1,755427.0
2.397675448401246,48.86925143676817,75019,140.31008520497255,2,9910.289427293848,43.03331719641312,,1,973599.0
2.3902732371371385,48.81651748422424,7509,64.12335721328873,2,9775.064380528089,430.0385028231197,,2,689670.0
2.250025776603729,48.86074008900811,7509,105.55630700146504,5,9775.064380528089,183.940660950738,,3,746166.0
2.3451877170261213,48.85190684924675,7505,148.7354107460314,3,9974.4015549417,244.9554414371192,,1,1127396.0
2.3398331243403483,48.83511096581259,7508,48.409085145693496,1,9848.31703220121,285.58686224727217,,3,559410.0
2.341467355043772,48.87391017972272,75011,145.21299893683965,3,10149.03143443424,107.5099044679922,,1,1638573.0
2.472942368620355,48.87225424910661,75015,137.55905527121655,6,9813.040070612808,330.37677519685525,,2,1302631.0
2.354218847130301,48.82653700236008,7509,111.0375418206832,3,9775.064380528089,184.8857075149701,,2,1484214.0
2.401356977141713,48.87790879070446,75012,112.79482384156356,3,9935.066867676536,190.14235276912297,,3,1065969.0
2.3034800754532645,48.86646889327103,7506,95.90534108490962,4,9841.359840436731,418.1036940487813,,0,1430920.0
2.2626038991852897,48.8474593488742,7502,38.53127309656372,1,9569.91693818043,74.40411465286897,,0,300710.0
2.243342026249953,48.87291501777096,75015,110.46936811750577,4,9813.040070612808,431.3494907664145,,1,1410950.0
2.441932470725084,48.89569627358562,7503,148.64419964454464,5,9983.017238897526,376.5642627404948,,1,1039753.0
2.266887131688987,48.83976582138861,75019,132.0498246355089,1,9910.289427293848,157.70044731281118,,2,1049722.0
2.3780466081438325,48.86439944164992,7502,53.83699630431515,3,9569.91693818043,177.27993762342138,,3,404468.0
2.274295446011596,48.83740152141485,75010,97.0161940606604,6,9903.611678623716,202.4138647513365,,2,1021091.0
2.2303335443108607,48.895533330836045,7506,116.83793375966783,3,9841.359840436731,311.2958927641847,,0,1320957.0
2.313936212478108,48.86301742168705,75015,140.9859927438522,2,9813.040070612808,285.7841131967815,,0,1103875.0
2.467501221480707,48.85021076408619,75010,91.99688572071152,3,9903.611678623716,368.0789432754393,,0,910460.0
2.2609372501205565,48.83393366174254,75012,60.71095685452395,5,9935.066867676536,492.4424887437398,,0,517152.0
2.3329546904879983,48.83223659099124,75014,107.42856447896682,3,10062.666974334055,379.60469438303954,,0,1033543.0
2.3837388365921344,48.877264622662175,75010,127.53976602649315,1,9903.611678623716,461.0900263042229,,1,1664951.0
2.320780215116065,48.8378488073033,7503,73.82100251576713,2,9983.017238897526,94.507839802224,,3,528608.0
2.3019681533393004,48.82451309794771,75014,54.18844794192751,3,10062.666974334055,135.31786676206036,,2,868010.0
2.4685923537537464,48.83364729661669,75019,130.9265986629681,3,9910.289427293848,451.65698324768937,,1,951630.0
2.276267529591036,48.84796169045062,75017,113.50498549664576,2,9899.474939437398,249.9157331943215,,1,1442469.0
2.3480492922725014,48.87539538617055,75012,125.90399794500232,1,9935.066867676536,104.11092343990822,,2,987599.0
2.33206473589414,48.85286682593312,75017,97.90918940649762,5,9899.474939437398,490.23713483656735,,0,680594.0
2.320647496992023,48.88209699324869,7501,51.68570329605464,1,10006.394372127985,349.27812033296243,,2,774481.0
2.333167997584468,48.875611058823736,75015,36.53096066113368,3,9813.040070612808,437.3366203990138,,3,467980.0
2.245844212178398,48.83832435305365,7504,133.1046614444209,6,10257.726066885674,35.15614881860553,,2,1323796.0
2.2389053920828097,48.85740774433257,7501,68.96810195017636,2,10006.394372127985,367.00220835891696,,2,585393.0
2.4654744655575422,48.839761615520935,75017,86.91682919739394,6,9899.474939437398,227.40895523078416,,1,1124837.0
2.358935076852673,48.89336272742062,7508,93.63793843643715,5,9848.31703220121,371.9735075826743,,0,792924.0
2.37315247253348,48.88916785486133,7502,145.1752191921517,4,9569.91693818043,444.2266839351932,,0,1476938.0
2.233778599302506,48.89435380167098,7502,68.05544084619146,4,9569.91693818043,151.84173068088597,,2,779384.0
2.456149964789939,48.88851745219317,75011,117.3863960364952,6,10149.03143443424,304.8204727518881,,1,768017.0
2.2638844296155893,48.83071336103912,75018,97.48253275727592,1,9846.536214329111,170.98196787341482,,0,1204767.0
2.243876255406233,48.8332109429264,7502,131.5218798621472,4,9569.91693818043,373.18580189907925,,2,1358972.0
2.3775788044514807,48.860737813967376,7505,58.75855137080575,3,9974.4015549417,43.380648756018935,,1,516694.0
2.268065713031907,48.81355983663904,75018,139.07700399506095,2,9846.536214329111,200.44574091149053,,2,1039209.0
2.4556767312169523,48.86812675881488,7503,139.48048188732602,6,9983.017238897526,387.2818208510664,,3,973121.0
2.47141325827934,48.84291716246601,75013,54.529494721961285,5,10190.767780889602,279.8889277585216,,0,416735.0
2.3644530275947053,48.862422991614814,75018,70.64095935506973,3,9846.536214329111,290.4139099346623,,3,952573.0
2.410225039574663,48.87307452223879,7501,46.16786335856088,5,10006.394372127985,321.5110822945903,,0,559017.0
2.2412892592476266,48.84714163200878,75012,66.60556881611392,1,9935.066867676536,139.56347767305618,,1,423727.0
2.3547585798663127,48.82322825066642,7501,124.48729290780034,4,10006.394372127985,88.58677734478592,,2,1330336.0
2.2775600737272224,48.86905289149004,7509,115.99628169574603,2,9775.064380528089,267.79508621761204,,1,676541.0
2.3741663198918483,48.86149201632054,7506,44.25749734559835,6,9841.359840436731,316.9489046443055,,1,574068.0
2.3801519130825888,48.89078546479469,7509,136.71698263811408,6,9775.064380528089,331.87249203517155,,1,850943.0
2.3157618979904235,48.83535343921043,75014,63.40446374187918,3,10062.666974334055,142.6067988101713,,2,370471.0
2.3957268432971195,48.824102898158365,75011,108.65789476318218,3,10149.03143443424,260.41753974420743,,3,1246182.0
2.4027957937243687,48.8508223200195,7502,97.48393713093732,3,9569.91693818043,480.0884296098061,,1,1128682.0
2.315219768027912,48.83019034088832,75012,137.4818399768995,5,9935.066867676536,366.468514087785,,3,1161300.0
2.3374110855892094,48.87891291222372,7503,140.1058123379371,5,9983.017238897526,434.0075144193144,,3,1203066.0
2.454056839302817,48.851503329796245,7504,73.74445287759693,6,10257.726066885674,460.9625618906102,,0,588396.0
2.3307663737112017,48.8228237289392,75011,46.32942917639625,4,10149.03143443424,422.5716372638348,,3,377481.0
2.3697137899733427,48.87731479110799,7505,81.09548064028297,6,9974.4015549417,66.62245041538873,,1,891414.0
2.2437232108357885,48.890333732217485,7503,88.43173474772826,4,9983.017238897526,134.9174753372538,,3,658496.0
2.31309853072175,48.885167790658905,75018,67.4382732504927,1,9846.536214329111,94.1580611119244,,0,640383.0
2.362634313838729,48.816787353061336,75016,107.83312336437729,5,9678.120674588112,189.78436872767608,,0,739598.0
2.305996750926825,48.85453714937388,7505,68.18794095282541,3,9974.4015549417,297.3803544064892,,1,1010392.0
2.326762236833181,48.83716319693497,75015,123.81328350218072,3,9813.040070612808,78.60352896224177,,0,752476.0
2.4382942232572,48.890986330614325,75016,115.0328067108802,6,9678.120674588112,389.6697514719643,,2,998509.0
2.429846922549612,48.86191967394331,75012,56.03857725718008,4,9935.066867676536,353.36217794261466,,3,390696.0
2.2705960240401546,48.86488268124141,75015,84.19365308578682,3,9813.040070612808,142.33589649325336,,3,829068.0
2.447812826271816,48.87673877044247,7505,147.02162217962592,2,9974.4015549417,50.53828483604822,,1,914982.0
2.445097025637632,48.83955973314757,75015,102.0445409258748,6,9813.040070612808,365.4064252774737,,1,802346.0
2.3720400256854792,48.86623641597351,7501,67.17424372657176,6,10006.394372127985,119.83412056200248,,0,984804.0
2.3971889482286324,48.82543416893666,75016,132.90118502619396,6,9678.120674588112,441.00304048590897,,3,999913.0
2.303112631559752,48.88747479850624,75014,38.55972819598082,3,10062.666974334055,286.1633480342738,,1,442004.0
2.269770837971895,48.88480381807091,7506,84.58338296262329,2,9841.359840436731,424.09846991137056,,3,1304226.0
2.2612569636326363,48.83298122637109,75013,68.91353616953091,5,10190.767780889602,230.8639302887927,,3,746165.0
2.2652082956943524,48.881257180190175,7509,69.31570676853053,2,9775.064380528089,311.85058577001007,,2,954403.0
2.4357409529406984,48.84385710871639,7508,92.52233711931616,6,9848.31703220121,265.58841265733975,,1,662190.0
2.3003841173556694,48.862038276704205,75010,62.19958776679272,4,9903.611678623716,241.57847154921325,,2,780813.0
2.418931935141224,48.87178893774004,7504,77.48205478548348,4,10257.726066885674,344.19378639913424,,3,1030621.0
2.3426314537490938,48.84119349081416,75013,80.30521627317673,3,10190.767780889602,369.1799222210007,,3,1197788.0
2.223665035893565,48.83161919832752,75016,117.46987864353326,5,9678.120674588112,278.5227302782023,,3,1481945.0
2.3516117181401515,48.83925009463884,75011,135.32505405077148,5,10149.03143443424,144.28956194793818,,1,1016757.0
2.3369938572008824,48.88255885545083,7507,89.25353814357001,4,10160.7203358053,429.0954359440317,,1,548421.0
2.2960442564934227,48.877342390265774,7504,78.17233988977233,5,10257.726066885674,469.1637404530813,,0,1031931.0
2.361723994015749,48.85160082728193,7507,54.59118583012207,4,10160.7203358053,378.1962115190911,,0,800497.0
2.419306048819076,48.86183284648119,7502,134.89380426170814,1,9569.91693818043,203.8138372746821,,2,839730.0
2.2711973763239444,48.81989012661093,7504,83.83170972732694,2,10257.726066885674,272.74328886605684,,1,826506.0
2.433844674454315,48.82911072019024,7504,78.60824387398523,1,10257.726066885674,288.97078260179376,,1,1193649.0
2.467075497753412,48.890827809100415,75012,90.92716003810202,4,9935.066867676536,271.3180626141825,,0,843414.0
2.313100678339947,48.874260076543095,7509,55.46372678732666,3,9775.064380528089,104.71895135525732,,3,456147.0
2.4522806108169988,48.87898626339224,75016,78.7565032981541,2,9678.120674588112,91.10165483900394,,1,1015085.0
2.3487513228973387,48.831899484790405,75015,37.98171628262914,3,9813.040070612808,35.52284884430293,,3,342088.0
2.398742085725311,48.871560116725576,7502,61.20091917806053,3,9569.91693818043,77.06199484721162,,2,675224.0
2.4591982101842045,48.8222034218766,75014,82.04548551825113,2,10062.666974334055,204.78539753020007,,3,1165932.0
2.235625305917258,48.82599782058082,7505,57.059000850994,3,9974.4015549417,471.1409895371144,,0,659571.0
2.221552658465155,48.859784104098445,75017,94.54014188851328,5,9899.474939437398,168.69569531308335,,3,1511162.0
2.4682115656016754,48.88763352837516,7500,67.66571655759327,2,9981.88888607979,226.10873282345705,,2,928365.0
2.324512414399716,48.83765731858024,75012,127.98442049456624,4,9935.066867676536,477.6045771664894,,3,1127944.0
2.3393226271000227,48.81679327561975,75016,79.32394738920553,2,9678.120674588112,488.6383451907253,,3,1019836.0
2.330358956150967,48.853563821404585,75017,102.01604465464148,2,9899.474939437398,154.65827063996565,,0,1412387.0
2.3509555487615303,48.86663160409615,75016,106.83785613011533,4,9678.120674588112,398.3278296610027,,0,1409221.0
2.3842656299457223,48.83885322551438,7506,89.5456928095575,3,9841.359840436731,484.3215451911076,,2,1002741.0
2.328799157728352,48.83748945367298,7507,72.52108067476372,3,10160.7203358053,375.77732846480666,,1,486478.0
2.222015356660845,48.8425279917054,75010,61.82254704331109,4,9903.611678623716,478.5264645470442,,1,452286.0
2.2978989758109973,48.88429508209298,75015,47.97972966877904,4,9813.040070612808,156.19760706963604,,0,537731.0
2.227557677619629,48.833410295926576,75014,68.0777823163867,2,10062.666974334055,39.546714929199226,,0,841900.0
2.400037126786169,48.87203722143591,7501,91.8131790038668,3,10006.394372127985,47.82834272417201,,1,707486.0
2.241464379492404,48.85407176996781,75013,80.29082655924593,1,10190.767780889602,114.45465532567408,,2,532210.0
2.40324800706395,48.88827403722503,75011,72.9129561553807,3,10149.03143443424,363.4199756138522,,1,965308.0
2.2369687810575525,48.8446921101555,75012,62.99113971697172,2,9935.066867676536,252.7497064273504,,2,591879.0
2.220542100478003,48.82036937296903,7503,70.72398137664297,1,9983.017238897526,242.6643372929632,,1,829622.0
2.315998978822919,48.8207245591927,75016,80.66137870767903,2,9678.120674588112,144.49773489188289,,0,941769.0
2.4195515766716844,48.82315761179,75015,60.47712590447271,3,9813.040070612808,280.3089841909797,,3,775052.0
2.391120476300934,48.8644778349841,75010,100.79019258748473,3,9903.611678623716,98.21949032030648,,0,718223.0
2.377188952304506,48.853017700440425,75011,52.25450300056628,1,10149.03143443424,123.98555824011048,,1,779444.0
2.364917415597408,48.85710161509338,7503,120.65844215650544,5,9983.017238897526,99.451905663405,,0,1464071.0
2.272788740862179,48.849580092528846,75018,120.39092134734835,4,9846.536214329111,410.41490975583406,,2,1279514.0
2.410037941243615,48.89502914788569,75010,91.57256603398724,4,9903.611678623716,436.7371678711049,,2,888321.0
2.280355585341739,48.818675159178646,75019,128.79687457912112,2,9910.289427293848,326.914094975846,,0,1434300.0
2.410763178953647,48.861875602350544,75017,52.1101878023521,3,9899.474939437398,219.8510898989336,,0,571267.0
2.4700024017975792,48.82729978808594,75016,88.24898215636249,1,9678.120674588112,145.1531994160674,,2,974946.0
2.471147248931752,48.854477834345616,7502,147.06340102985683,6,9569.91693818043,353.5819234267307,,2,1604416.0
2.3885288230135435,48.888742931283765,75018,127.64074655430063,6,9846.536214329111,165.0055044580474,,0,1250512.0
2.263916553534006,48.883935456392415,7500,77.23553399809819,3,9981.88888607979,224.2671539287882,,2,786798.0
2.433857806714796,48.89439972271031,75018,107.5352971850694,5,9846.536214329111,138.07079582153318,,3,1542194.0
2.223251593142855,48.85368108557034,7509,88.92731490399589,1,9775.064380528089,295.7269128422904,,3,725280.0
2.4560218127582294,48.87731640859368,7504,104.11664174339327,1,10257.726066885674,63.87285764863188,,1,977604.0
2.2226631677939563,48.82672518912717,7506,86.7309536889716,2,9841.359840436731,260.30629982907976,,2,1094215.0
2.4231753028238754,48.894762652897874,7508,72.08978261549336,3,9848.31703220121,135.62474991499593,,1,777495.0
2.372980690551359,48.86781776398971,75015,109.26159631940314,2,9813.040070612808,185.29168306193927,,3,794671.0
2.236181633636484,48.89749017931558,7502,107.92866091165662,4,9569.91693818043,298.9324837505757,,1,797087.0
2.383217337784812,48.87144340596232,7501,145.2697571083229,2,10006.394372127985,441.1653796215111,,3,970108.0
2.412885754079098,48.84190495754018,7508,37.73941913234736,3,9848.31703220121,356.2191683771719,,0,232214.0
2.253590922337412,48.84816345784787,7502,50.090683474558304,2,9569.91693818043,295.6945799994047,,0,601300.0
2.4452399526481927,48.86446394101044,7500,140.25830476822313,6,9981.88888607979,247.1312263506621,,2,1324706.0
2.315859339910638,48.85335349951803,7500,104.00296289934428,1,9981.88888607979,82.20548818752799,,3,884861.0
2.246635330896699,48.82892091804919,75016,50.44176652755131,2,9678.120674588112,161.9220728757697,,1,474865.0
2.3087960309454694,48.86156065866458,7508,52.492168487788845,6,9848.31703220121,309.5324413136996,,3,382387.0
2.2758141610214504,48.83212226891625,75011,79.44989183631287,1,10149.03143443424,384.6550203962151,,3,841557.0
2.367115265835991,48.81206775984306,75010,49.88419190534372,2,9903.611678623716,268.44109556615285,,0,464989.0
2.477192184738539,48.86239571722933,75016,96.16507723168246,1,9678.120674588112,124.92735321413612,,1,1335715.0
2.405885043118281,48.818285862365606,7502,41.28149788488604,6,9569.91693818043,139.0285559984808,,3,377271.0
2.426593129057544,48.85404476481437,75016,75.68333654411506,5,9678.120674588112,417.3094446750085,,0,633912.0
2.390069981909632,48.82590435853069,7507,60.94396386969167,3,10160.7203358053,417.8666239499423,,3,360932.0
2.2888554562904213,48.89307820618916,7505,62.04998546846512,5,9974.4015549417,178.87185819659086,,0,602903.0
2.3640101351687512,48.83573773772476,7500,92.21887541876433,1,9981.88888607979,37.63475410284534,,0,1135811.0
2.4242356736383943,48.81502556178695,75010,57.980816816834064,5,9903.611678623716,341.7640838824094,,3,681941.0
2.3262577147519337,48.82079210942948,75014,77.04990678981056,1,10062.666974334055,269.8074620378119,,3,612902.0
2.438090550667857,48.84980841238647,75019,98.86035211465388,3,9910.289427293848,43.76660652674992,,0,697127.0
2.2624248824359063,48.817238624238335,7503,105.72405732928084,4,9983.017238897526,142.38551680508726,,1,1198318.0
2.3407557592028567,48.8754788811244,7508,54.614885428892,2,9848.31703220121,140.51758671573322,,0,397031.0
2.4514183974325325,48.81539466027886,75011,62.52608358517878,5,10149.03143443424,184.5789076315396,,0,785410.0
2.299488192678288,48.82509463050532,75012,110.56452546619562,4,9935.066867676536,78.44566094391092,,1,1452531.0
2.403818018913658,48.86837745309551,7507,105.76110712057522,1,10160.7203358053,392.9895345091626,,2,1421722.0
2.438148669573003,48.889618973686176,7508,48.2624043881064,2,9848.31703220121,42.67712490841736,,0,459726.0
2.290164037962973,48.86609019966194,75013,131.57143087698847,2,10190.767780889602,204.53747386087989,,1,1037729.0
2.355693601475068,48.86916982299152,75016,97.77469222854133,1,9678.120674588112,372.8427796014399,,3,1380312.0
2.348620289472137,48.85680601540068,7506,80.90627212284873,5,9841.359840436731,72.24626709147624,,2,738345.0
2.468236487668377,48.86437820706133,75017,73.14259324047714,6,9899.474939437398,266.15884785848846,,1,576965.0
2.4349402817056074,48.83312640803155,7508,149.8658908979291,2,9848.31703220121,481.620558913479,,0,1442787.0
2.2666624008957665,48.89945876943501,7504,91.39455404869037,1,10257.726066885674,346.99342609417533,,0,630812.0
2.461625077249635,48.813248128314335,7507,59.87483728860764,3,10160.7203358053,452.0203792251456,,0,891578.0
2.303915091418168,48.85782358424881,75017,49.29022931360177,2,9899.474939437398,126.74753433221927,,3,309190.0
2.375865866178566,48.8803438680563,75019,101.64128700995802,2,9910.289427293848,53.198616018101,,0,1011908.0
2.471584948601922,48.831775716226176,75010,103.70018496010827,2,9903.611678623716,381.5612549960168,,1,675782.0
2.2731581853182288,48.84574723997251,75018,96.36968615806954,1,9846.536214329111,349.47026529480536,,3,741268.0
2.320863146971314,48.89921120449608,75017,36.093495265042456,3,9899.474939437398,285.01594524487115,,1,484236.0
2.4490702278700214,48.86406000928836,7504,102.13187954963644,2,10257.726066885674,142.4832952717718,,3,1275363.0
2.431311728200879,48.81167254600061,75019,43.96161147670316,5,9910.289427293848,193.2602838386668,,0,474762.0
2.418704742235016,48.85318755650974,75013,84.36893971315968,3,10190.767780889602,205.6951431808297,,3,1144983.0
2.349335671014046,48.88200879871199,7504,77.15403464260399,4,10257.726066885674,407.9594444504776,,3,760532.0
2.4243654920248927,48.89000843534918,7505,126.59744627728408,2,9974.4015549417,146.79834684462173,,3,854659.0
2.451352250144962,48.85663295176842,7503,94.034465932757,6,9983.017238897526,65.65154304094703,,0,1410208.0
2.243759656958844,48.89674229020919,7505,69.77593829111288,3,9974.4015549417,155.75935537333433,,0,969880.0
2.370158702992579,48.877260804131446,7508,36.97439777596095,5,9848.31703220121,320.11072455838234,,2,297007.0
2.257833646331979,48.83435919258713,75016,49.58695375186282,3,9678.120674588112,410.39342686497446,,0,428190.0
2.3152049191358848,48.888923206634566,75018,39.57657703855063,6,9846.536214329111,493.0425628317972,,3,370035.0
2.355534666454888,48.841946803275015,75010,111.82249688511878,2,9903.611678623716,339.75783993794977,,2,1729705.0
2.250430387982899,48.877595736376094,7503,92.46006444022429,3,9983.017238897526,287.83457861429264,,2,812111.0
2.2589564705341894,48.861563462601374,75018,139.55435357184908,2,9846.536214329111,124.9838705614672,,2,1079100.0
2.371406784974661,48.8425138349683,75018,109.87771828401397,3,9846.536214329111,161.42888154798786,,0,1322472.0
2.450072988003581,48.84747288883623,7506,134.61478174747742,5,9841.359840436731,436.9163915906291,,0,822606.0
2.229628186051416,48.826050244280445,75012,39.0000659715963,3,9935.066867676536,169.1144015192403,,0,536546.0
2.429721184093125,48.874638000290446,75019,44.716468376601135,3,9910.289427293848,415.43937817743074,,1,451079.0
2.2887612180467185,48.861061981412455,7506,37.3665393408576,1,9841.359840436731,477.75033820594143,,2,290568.0
2.254008968915906,48.83583414952413,7509,99.4089263143996,6,9775.064380528089,122.51050687334453,,1,744433.0
2.44344152065728,48.83132396777494,7504,105.09680398282389,6,10257.726066885674,477.9459494809482,,2,1327883.0
2.4418285133798374,48.85256281065744,75015,37.95113344116466,1,9813.040070612808,280.645632867425,,2,270027.0
2.3967032423438064,48.857587817705465,75013,56.2478465809296,4,10190.767780889602,35.90039765413066,,3,459151.0
2.2325975607109534,48.84998076055079,75016,43.80688360733005,6,9678.120674588112,245.596186808911,,3,293912.0
2.237649782491596,48.84190735109233,75019,78.41350911627178,6,9910.289427293848,444.1454879878893,,1,903367.0
2.306642366489143,48.81951361300501,7507,40.69352644406697,5,10160.7203358053,332.2861623233439,,0,352139.0
2.303112932723965,48.8853332198651,7506,99.26532782958324,3,9841.359840436731,492.4037294145108,,2,1339970.0
2.454829443850648,48.874548738410034,7508,108.43934414570354,4,9848.31703220121,438.3080260028621,,1,748700.0
2.458224145229908,48.81658427411248,7507,56.38380219132286,4,10160.7203358053,314.7118301396572,,3,704361.0
2.2811422304773017,48.88817918621441,75011,112.05805926951108,1,10149.03143443424,74.70601331079246,,3,1122502.0
2.3768762430827626,48.85412747120228,75010,99.8729949109541,5,9903.611678623716,231.62785963853835,,3,677534.0
2.294035818751569,48.86245913362727,75012,101.65366384025528,6,9935.066867676536,477.13034959039135,,2,874710.0
2.2347553682866543,48.86521647010719,75018,59.751533773436975,5,9846.536214329111,235.52195682348463,,2,486460.0
2.3388254164387403,48.831990834703774,7504,77.77987272661187,6,10257.726066885674,479.0547091418384,,1,827461.0
2.250273482727326,48.88803262500548,75012,135.80159347334404,2,9935.066867676536,476.76549033783056,,3,1421203.0
2.4115020322834013,48.84173736744655,7509,110.14039016415283,6,9775.064380528089,124.88921462497828,,0,1514018.0
2.422252992279605,48.86518997158482,75015,95.88548844365069,3,9813.040070612808,465.7429343902691,,1,1248425.0
2.3904214825797383,48.8309683554131,7501,68.02440812948916,2,10006.394372127985,489.2727768302797,,3,867683.0
2.425372086906269,48.82259073701229,7505,50.69035184099938,6,9974.4015549417,307.00186595417125,,2,693137.0
2.3911918971598114,48.895943959618535,75013,73.3723064437176,4,10190.767780889602,63.84294653093299,,0,470477.0
2.452754312118034,48.81274764292789,75016,84.95099988831575,6,9678.120674588112,94.85995570966564,,1,864119.0
2.3409443021945417,48.8888662542429,75018,146.35228619779355,6,9846.536214329111,435.9035183056116,,3,1304169.0
2.267166810222945,48.83882326466987,75013,69.9227138343663,3,10190.767780889602,236.40756555577056,,1,1078179.0
2.332302498553911,48.896175710355685,75010,118.48112609683352,1,9903.611678623716,404.81087927532445,,2,1115284.0
2.3722766880895234,48.848614778637504,75019,94.23057262070648,6,9910.289427293848,433.7545942290285,,3,962911.0
2.3318393906611745,48.854954468177226,75014,123.70529414081042,2,10062.666974334055,58.28799791989648,,1,876491.0
2.4063176020295782,48.89019809652018,75013,125.97987089189166,6,10190.767780889602,446.0126676764668,,1,933649.0
2.3741183064362112,48.83175908955897,75015,135.1116111966844,1,9813.040070612808,144.25048846263448,,1,1540233.0
2.250659053813343,48.85435580459973,75019,144.5786644844824,5,9910.289427293848,373.3118348008904,,0,1510941.0
2.222686977103158,48.88617872388016,7503,83.4217605718929,6,9983.017238897526,61.18525800106266,,3,948730.0
2.2682392670758174,48.85570424547594,75018,61.28780180617488,6,9846.536214329111,61.63106423450828,,3,531013.0
2.397385986498908,48.85491475205088,75015,145.00538255795746,5,9813.040070612808,401.2020873302623,,1,936145.0
2.2448431477323947,48.84284697089947,75019,53.1736320467524,3,9910.289427293848,241.7438191448141,,2,381392.0
2.3795107394250103,48.830024914198354,75019,109.95554600623716,1,9910.289427293848,40.84722251699666,,1,1250249.0
2.310928944049114,48.83783291634629,7501,122.53893297347751,1,10006.394372127985,439.2404628517066,,3,834656.0
2.27156397443612,48.81267444955247,75015,105.0967474468232,6,9813.040070612808,484.306112663329,,0,1238065.0
2.375316643652634,48.88978135141875,75016,61.772492918491054,5,9678.120674588112,117.58758331837342,,3,747863.0
2.228903226315956,48.88074106953795,75017,64.84786777438728,5,9899.474939437398,260.5635453994797,,1,722474.0
2.2422073043659103,48.82292774774631,75012,148.9217186629199,1,9935.066867676536,381.5722359499157,,3,1234484.0
2.271692390489973,48.87607405672443,7509,100.79074985095534,4,9775.064380528089,379.4140119152551,,0,1097220.0
2.3349476876809043,48.855473339563005,7501,93.44173481276484,1,10006.394372127985,371.5263295489208,,2,995856.0
2.2276330394223858,48.84756150157963,7504,105.40152925640088,5,10257.726066885674,494.2289082157301,,3,1200318.0
2.379973648348902,48.85025836309972,75011,39.03662871640671,5,10149.03143443424,493.31358701122974,,3,247593.0
2.3365181762876097,48.81908350025504,7502,138.10394887189796,3,9569.91693818043,175.6142178188599,,3,1018073.0
2.40864378132688,48.82386784523269,75018,54.4533410324901,1,9846.536214329111,193.19709775784725,,3,724671.0
2.2666746612864195,48.86892485334059,75019,123.50799249051364,3,9910.289427293848,226.90495915615628,,0,1364143.0
2.225973797545398,48.846564124493646,7505,85.39897365368192,3,9974.4015549417,360.7482280247587,,2,871359.0
2.2460506267136138,48.812208034496265,75012,66.59665005639127,2,9935.066867676536,338.2126913669404,,0,962572.0
2.432708103321928,48.88953876685108,7506,78.30484238488182,2,9841.359840436731,112.5884237624446,,3,1053643.0
2.364143864742756,48.82513291706314,7504,62.73579312454412,1,10257.726066885674,498.9044497688644,,1,596230.0
2.462675067608884,48.84466042887746,75011,132.45217310402575,1,10149.03143443424,93.204065948945,,2,1332176.0
2.3216201150787565,48.81845439293783,75018,127.61844025084758,5,9846.536214329111,71.50220208563572,,2,805730.0
2.366005258981456,48.82893671554048,7503,90.63913115296997,2,9983.017238897526,269.53265837297613,,0,937258.0
2.29058129437346,48.89772709189548,75010,68.0097041231959,4,9903.611678623716,314.1306303231935,,3,540436.0
2.420099830851803,48.82155698783647,7508,80.59565276875665,2,9848.31703220121,445.668015517396,,1,921392.0
2.2948017633430733,48.88803121063087,75010,102.76535887883368,1,9903.611678623716,279.8953525244257,,2,801262.0
2.405237122653206,48.8603458846451,75014,38.83930763229768,5,10062.666974334055,215.05134037226208,,0,251959.0
2.226223228329577,48.81666471755487,75015,83.4065546862867,5,9813.040070612808,36.58297985982167,,3,790767.0
2.4163954348934307,48.85330439184686,7503,91.68218221202116,3,9983.017238897526,253.26408843557272,,1,608232.0
2.318325746256161,48.87688429026005,75014,56.809508066019205,5,10062.666974334055,208.77884255353683,,0,521275.0
2.424630364334984,48.85608984997924,7502,77.56794111227273,3,9569.91693818043,437.06479248631,,2,619022.0
2.4579599683659694,48.871809387172185,75019,37.26801033835093,4,9910.289427293848,208.7456721493831,,1,452508.0
2.220495094602461,48.81926652925218,7504,80.41899276069151,2,10257.726066885674,117.36438336216573,,2,1104720.0
2.3926200582842627,48.81701122452671,75013,136.79620550340735,3,10190.767780889602,249.3274691317508,,0,1289350.0
2.2329925496655383,48.811414409944526,7506,109.63560844680272,5,9841.359840436731,87.03815733258192,,0,802553.0
2.396979011503277,48.85145954349904,7507,140.96621207685197,4,10160.7203358053,376.786466111477,,0,1284703.0
2.447119051557292,48.84008654567794,75011,96.8239876869333,4,10149.03143443424,320.52363432550385,,3,999690.0
2.3968291715402006,48.89076452689535,75015,66.77747721137496,5,9813.040070612808,411.1260396508754,,2,559556.0
2.239627644333756,48.87039337541296,75013,38.872864483267605,6,10190.767780889602,205.55256894792376,,2,446210.0
2.3374632688313235,48.86895308883038,75013,89.79801297754159,5,10190.767780889602,377.0814966957395,,3,849450.0
2.251264233551149,48.87157009254136,75017,135.99464714530046,3,9899.474939437398,436.106859539056,,1,963614.0
2.2394558689488147,48.89743990704503,7500,65.07717023560343,5,9981.88888607979,231.1700386107549,,2,460954.0
2.2754133432581143,48.82457221573136,75011,104.7197962749873,4,10149.03143443424,42.3289660139627,,1,648551.0
2.26624151211738,48.879849220825584,75014,97.65597106713795,5,10062.666974334055,214.7284279731269,,0,862703.0
2.448911400999869,48.856833624007,7503,119.86818262215104,5,9983.017238897526,241.2853354555001,,3,1673925.0
2.479508374592716,48.88712336044237,75011,139.09544011555485,3,10149.03143443424,275.288916995362,,1,1266858.0
2.244107317599388,48.86009383825868,7502,102.65433231115148,5,9569.91693818043,498.3598386130484,,3,1412058.0
2.4412959768482136,48.82503176404805,7500,111.70294847604164,2,9981.88888607979,339.0421689121076,,3,673980.0
2.3588489464310496,48.86070412953641,75016,94.31562540850226,6,9678.120674588112,448.7251205404872,,3,620410.0
2.257546413288035,48.895140161161216,75010,84.54098238291894,1,9903.611678623716,337.3258555827027,,2,778450.0
2.2566489639417813,48.89817780218558,75019,90.89952936431412,3,9910.289427293848,176.62478364148112,,1,812343.0
2.355206518676647,48.82158557398344,7502,125.59601165530896,1,9569.91693818043,281.1056422152035,,1,1449307.0
2.293774055960561,48.880902763124425,75015,44.58667911128512,4,9813.040070612808,124.90524382188735,,3,358548.0
2.34933887507053,48.85787461514078,7509,42.591362137743374,4,9775.064380528089,348.8287336735291,,3,493174.0
2.363014004008172,48.85802041071775,75016,100.48842526115632,5,9678.120674588112,316.42769782102107,,2,1190241.0
2.299750397152638,48.879918779572456,7505,37.743558588309455,5,9974.4015549417,176.54894306143564,,0,378253.0
2.2354220016034376,48.82816346958747,75015,53.21580102268567,5,9813.040070612808,238.927180032842,,0,427988.0
2.2215339461724466,48.88514519101266,75016,96.61533357329404,1,9678.120674588112,268.9013289739662,,0,1047081.0
2.4428491243464143,48.86915409715751,75018,109.97069699202672,5,9846.536214329111,277.93239821195306,,3,1246232.0
2.3954348334653406,48.86099153248546,7500,73.09819073762849,1,9981.88888607979,354.4773640204178,,2,673677.0
2.399486920787463,48.811813881298185,75019,65.61965374139065,1,9910.289427293848,245.4780805395553,,3,406788.0
2.229476452063162,48.86943746853534,7505,143.44702442857894,5,9974.4015549417,429.2272779476984,,2,906729.0
2.361311204012408,48.868812714439706,75018,132.9044713732659,5,9846.536214329111,457.3547858497523,,3,1028812.0
2.387737165262134,48.85976243101502,75011,73.36499246447542,5,10149.03143443424,429.7123014002892,,1,465979.0
2.382052672536597,48.89718756999117,7507,39.57797526948815,4,10160.7203358053,299.1024161790458,,2,262428.0
2.384284045898331,48.88212511151751,7504,85.87518668230258,6,10257.726066885674,69.88009028331163,,3,1105011.0
2.245134918502361,48.86717837273248,7506,70.30446309973193,4,9841.359840436731,265.7340349507663,,0,557844.0
2.4246582463855058,48.84965124391629,75016,131.89650536075786,5,9678.120674588112,171.89937446173118,,2,1657170.0
2.364590299052964,48.84457799799925,7505,114.72510220538857,3,9974.4015549417,75.4605841672714,,2,953263.0
2.4006525866025568,48.89892546539251,75017,99.78593756010856,3,9899.474939437398,244.50623231270413,,1,1163965.0
2.24459486130721,48.82858846593287,7505,59.406141551131,2,9974.4015549417,399.6598007385512,,1,909697.0
2.249842755498471,48.8990926674253,7500,61.56281916434756,3,9981.88888607979,46.971795756416704,,1,609908.0
2.3746767295886384,48.87888919904156,75013,61.65254087886333,1,10190.767780889602,260.3537274316556,,1,424685.0
2.3628841907504525,48.89306015380775,7507,62.80290641506033,2,10160.7203358053,328.9054280932379,,1,769372.0
2.394396508687897,48.83798398809314,7506,128.94117509806432,5,9841.359840436731,287.90464993580974,,1,1641632.0
2.416121710643403,48.848947188282175,75016,131.83351889865952,5,9678.120674588112,406.0095276173016,,1,829294.0
2.39050646559158,48.85998302258146,75018,116.17838456524504,3,9846.536214329111,214.1134759801168,,2,1068188.0
2.3000487522580886,48.8490818294068,7501,36.5470997653925,1,10006.394372127985,476.3081064659811,,2,287501.0
2.437166976127291,48.8318035751286,75019,61.04431548929966,2,9910.289427293848,52.06105712202883,,3,976959.0
2.3171761081182614,48.89212519267209,7507,146.5352935798288,4,10160.7203358053,440.3821676651955,,2,1165129.0
2.343251137760117,48.879942236818586,7504,69.48771295963579,1,10257.726066885674,295.58001309027657,,1,807495.0
2.311876420648798,48.87604520809223,7506,145.23484412763642,2,9841.359840436731,86.99875946725754,,2,1446466.0
2.2927222605485005,48.87511946267484,75011,47.62644207404934,2,10149.03143443424,238.60876933721,,2,701814.0
2.428773250966541,48.82500915487898,75017,87.40110112772854,1,9899.474939437398,496.5501734434399,,2,697784.0
2.455676141094407,48.830870906594754,75018,139.91125163683432,2,9846.536214329111,342.08091136589064,,0,1707603.0
2.225604452533521,48.88159457650895,75017,145.6827324234918,3,9899.474939437398,55.01952551875797,,2,1673836.0
2.284035886492504,48.89536845696202,7500,41.76137249399665,3,9981.88888607979,427.1722703333005,,1,367853.0
2.3217562322770173,48.89110814589288,7507,81.20181324803133,4,10160.7203358053,98.19759722387518,,3,609002.0
2.2830937683328765,48.84434847339471,7506,50.185374974528514,3,9841.359840436731,218.0510142517778,,3,300945.0
2.31972481590902,48.84870579830243,7501,84.46958299299436,3,10006.394372127985,418.5034420269589,,0,915967.0
2.4093514941737846,48.86166768704179,7503,44.07003070331064,3,9983.017238897526,330.6881028821299,,3,290488.0
2.3987556028343486,48.832549227945066,7509,123.77422061774718,6,9775.064380528089,396.9922366776721,,2,783166.0
2.355598605810532,48.8701394800768,7500,70.70295263926559,6,9981.88888607979,264.4805806548047,,3,470351.0
2.231218212971095,48.81440278344496,7500,42.11214183132787,4,9981.88888607979,119.5977357515441,,3,566104.0
2.22778338428668,48.83883302204409,7505,93.4070350102622,4,9974.4015549417,378.3411809861848,,3,1361611.0
2.412218025076604,48.86742760795619,75017,125.83652324526288,4,9899.474939437398,72.79004115762362,,3,1168408.0
2.435890337434756,48.82999733918348,75019,54.01609232335065,4,9910.289427293848,309.3767752922768,,1,597693.0
2.2427008707582448,48.85506276074014,7508,107.26524078530478,4,9848.31703220121,385.8367770594949,,0,979572.0
2.3018491012750584,48.860048048076216,7503,110.08078462735376,4,9983.017238897526,401.97082842453847,,3,986662.0
2.2356648330707087,48.857941273041874,75018,91.23928624096244,4,9846.536214329111,182.83991096818264,,3,647502.0
2.263327743216729,48.847129822687386,7500,89.08164534458687,1,9981.88888607979,297.0662413449551,,2,1281020.0
2.3798210794079817,48.832029707397815,75016,135.11636618361945,4,9678.120674588112,44.92322001949913,,0,1605188.0
2.385543345441972,48.85746511752328,75013,47.206587581741005,4,10190.767780889602,219.56908549760595,,0,370769.0
2.4215702147792184,48.89834898105018,7504,41.804210599888535,1,10257.726066885674,442.36737742737375,,2,496325.0
2.335406008524828,48.81513135936482,75012,38.5607225688998,6,9935.066867676536,486.6567208940147,,1,253841.0
2.246283356867001,48.8101857868954,75016,84.78926897519314,6,9678.120674588112,86.34380004313067,,0,662995.0
2.4318840670500097,48.86274243361046,75016,37.33435961443551,4,9678.120674588112,264.3469504613652,,3,266906.0
2.3474241433670864,48.8137477684088,7508,73.91193402148761,1,9848.31703220121,245.05060988380632,,2,758447.0
2.4630425723385843,48.82330836900383,7507,137.76238055364723,2,10160.7203358053,460.8967435952182,,3,1118440.0
2.2358550238434995,48.8551569549235,7509,145.92868041349794,2,9775.064380528089,377.77339106765146,,0,1263716.0
2.4650590609287937,48.85737244465364,7508,76.5519093944929,2,9848.31703220121,252.7899387125128,,0,962607.0
2.4004102844396726,48.85840692874089,7500,109.42455995395956,5,9981.88888607979,93.71529301638256,,2,721662.0
2.2383595481195706,48.84312320409018,75011,69.95656040378337,3,10149.03143443424,169.75386168564395,,3,870909.0
2.311708537993167,48.81672763501047,7505,90.12446370795776,4,9974.4015549417,272.18090484913324,,0,1093318.0
2.331059800285676,48.89317766352248,75013,82.82894815940497,4,10190.767780889602,420.3314149261794,,3,1052233.0
2.421212249577087,48.89746792269346,7502,131.4847875008904,1,9569.91693818043,42.44843264525674,,1,1141176.0
2.4415968692691594,48.86934147653301,75017,109.4275064239594,5,9899.474939437398,291.69591908678296,,0,1257414.0
2.255104455512905,48.87830259288125,75017,116.925310674688,6,9899.474939437398,258.7011853571845,,1,718190.0
2.2755233517007007,48.861612173925714,7500,77.13567918937937,4,9981.88888607979,472.691157584072,,3,759459.0
2.430665032331396,48.82164768829713,7504,102.78113704606284,5,10257.726066885674,103.76002836368212,,0,669254.0
2.303653608902365,48.86016607866982,7502,44.5951324024425,2,9569.91693818043,479.32906205476667,,0,461413.0
2.423628043331982,48.863143139762265,75013,60.489482370695406,3,10190.767780889602,400.42573299807486,,0,626600.0
2.2369544001641946,48.815291482289474,75014,108.96655397317716,6,10062.666974334055,246.48309559462453,,0,1268319.0
2.260683998202159,48.85749824030373,75011,99.70004961319444,5,10149.03143443424,218.26013935071376,,2,1360811.0
2.263313026799099,48.83689474573533,75014,49.85402797374006,1,10062.666974334055,275.2911936780704,,1,736290.0
2.313887257191324,48.85313753887432,75018,50.2084261108984,3,9846.536214329111,67.86215620013185,,1,511843.0
2.372063704710985,48.84237996598456,75014,94.1840639292366,1,10062.666974334055,433.2705618948318,,3,750107.0
2.3324401790246805,48.86331453434104,75019,74.13617053449357,3,9910.289427293848,479.156623358627,,2,704684.0
2.238165472778725,48.87829310283411,75010,125.6609861693829,1,9903.611678623716,310.49062369977776,,3,1681089.0
2.343082628561334,48.85341475208966,75015,102.39284433624124,4,9813.040070612808,282.49637558731126,,1,802368.0
2.4510560630404785,48.87444556563282,7509,99.94842640827328,6,9775.064380528089,437.5650625114249,,0,901253.0
2.4538572957708062,48.89403491073857,7509,43.0791823781932,2,9775.064380528089,485.0059945823553,,2,512294.0
2.3345475837941327,48.817664307159504,7505,37.06769659208989,3,9974.4015549417,392.5781625267069,,2,336301.0
2.3461660735069416,48.85238797130031,7500,133.831765584757,6,9981.88888607979,37.423191051181405,,0,1351391.0
2.3742954542983745,48.87234230317591,75013,69.5474865836519,6,10190.767780889602,457.4748840647544,,1,1037621.0
2.4218931006853444,48.844194758915,7505,59.43689237517884,1,9974.4015549417,128.45742263506736,,2,661875.0
2.393965024361113,48.89738099011658,75011,113.2349846610577,1,10149.03143443424,206.6288156376669,,3,939749.0
2.2441261796902894,48.83955810800335,7508,82.92089480778311,5,9848.31703220121,175.43415875893118,,1,968967.0
2.44413002825772,48.85753660252936,75011,49.14518810183304,2,10149.03143443424,127.3073380135794,,1,413891.0
2.3029889267498103,48.8173270355416,7501,84.67861535231009,6,10006.394372127985,95.15972788313618,,1,594086.0
2.3719188551985373,48.81179760561212,75019,62.6312497200802,2,9910.289427293848,479.004484350662,,3,470296.0
2.2596886410839403,48.82764213945149,75010,65.45501718644559,5,9903.611678623716,179.23677409080074,,1,498837.0
2.296965300779509,48.8598794265199,75014,101.38933900324066,6,10062.666974334055,194.7812398790889,,3,851789.0
2.321110972363963,48.86570061225255,7503,113.67085628166164,2,9983.017238897526,220.1849789462291,,2,883659.0
2.294745473074653,48.85168847733728,75017,89.55662339029742,3,9899.474939437398,322.927413978321,,2,547897.0
2.3266431022326315,48.83703404719329,75012,102.071535944592,2,9935.066867676536,387.0084168320336,,2,857593.0
2.433210645651968,48.8697601030045,75017,91.23816368903708,2,9899.474939437398,453.58952597343807,,2,981256.0
2.392693319283095,48.8454978322437,7504,78.30846122180972,1,10257.726066885674,290.4006144329341,,3,915356.0
2.273465704620863,48.84923582006894,75018,50.43438405564386,5,9846.536214329111,472.7703265843402,,3,763830.0
2.479882947395601,48.874130707063095,75014,100.9294970854157,3,10062.666974334055,360.66647363944105,,0,926512.0
2.2412319866489314,48.84783126112103,7501,107.24365977451237,4,10006.394372127985,76.19353035508115,,1,1009506.0
2.41482487617578,48.8600979909951,7501,41.09280961593555,3,10006.394372127985,375.6126546719151,,1,259351.0
2.467413173048992,48.871552296085774,7506,44.44603191289741,5,9841.359840436731,251.67857322110652,,3,466237.0
2.230411716914958,48.89648273332144,75015,121.48578548608432,6,9813.040070612808,389.52964975493,,2,1600787.0
2.43217553562641,48.896392880679166,75019,76.58781975874314,5,9910.289427293848,324.09856423050894,,0,689656.0
2.2634815783828883,48.893935469094345,75017,126.55993107157542,5,9899.474939437398,410.8287408103069,,3,1044092.0
2.364446897588002,48.88326314073156,75014,50.15832216773246,4,10062.666974334055,316.3919193899391,,2,390930.0
2.4648539285318973,48.837498227157134,75012,134.62190584514542,5,9935.066867676536,272.72011830096625,,0,835577.0
2.34263583568266,48.89959202854818,75016,101.55174789346728,3,9678.120674588112,306.6442253248549,,2,893004.0
2.2323001159218845,48.840873321140926,7503,89.89783769117717,4,9983.017238897526,417.5033841513191,,0,1024728.0
2.39741078424767,48.85188417458693,75016,143.34736281956353,5,9678.120674588112,196.80592968487883,,3,1134463.0
2.345944601870634,48.82460441159376,75016,50.64428875510285,5,9678.120674588112,314.5582290366314,,1,521668.0
2.221327731254567,48.84721801850377,7509,90.933483312035,5,9775.064380528089,284.2969311801281,,3,614616.0
2.4180424472129136,48.89152214743085,75018,37.815063750753424,6,9846.536214329111,407.962869674441,,3,570878.0
2.466353716404259,48.83066557509698,75017,64.19465179005408,5,9899.474939437398,361.99763299126215,,1,807647.0
2.340279744617559,48.85345728193069,75014,89.94439712063868,1,10062.666974334055,74.26256863693506,,0,1021122.0
2.260034389474125,48.88896940347613,7506,115.24412220858255,4,9841.359840436731,38.85905315685994,,0,1572132.0
2.244859435147179,48.85481398881725,7500,58.65079507498968,3,9981.88888607979,384.471041994852,,1,688734.0
2.47917127620998,48.89061443511296,7507,111.6391897948254,2,10160.7203358053,198.44450346900965,,0,1238831.0
2.4458233086135475,48.86602651646278,75014,69.78710540675722,2,10062.666974334055,105.10208515919012,,1,800033.0
2.405025670117793,48.87868262267923,7504,80.48063503504483,6,10257.726066885674,214.7810394391239,,0,682077.0
2.417753215690297,48.85745310259586,7505,109.1395290361552,2,9974.4015549417,70.39869215772296,,2,922375.0
2.405484669207139,48.871286983796224,75018,37.03995687622616,2,9846.536214329111,204.2216853997155,,3,284428.0
2.4359468693881507,48.83592094813661,75010,51.75487347975433,5,9903.611678623716,161.03152508851048,,2,459386.0
2.2751361279173565,48.8311059544803,75015,73.09832253577926,4,9813.040070612808,256.49937424622124,,2,518893.0
2.356054069221522,48.81697723639429,7501,71.78740018482851,1,10006.394372127985,202.6543468620989,,3,602823.0
2.477174428993432,48.838037483332855,7506,146.69461152554368,5,9841.359840436731,174.95575567712754,,3,873997.0
2.3452653669999,48.816200239013,75016,69.87265035290865,4,9678.120674588112,92.28491231286252,,3,495735.0
2.295951482538214,48.88285517591839,7501,113.37212348200087,6,10006.394372127985,206.47806615198664,,2,1483545.0
2.4162215632939845,48.86584037251674,75017,114.57916612407678,3,9899.474939437398,375.9152978636054,,3,959788.0
2.32716600083334,48.83248976715924,7507,148.39659975142388,2,10160.7203358053,148.41783571695066,,0,1506777.0
2.422831639564068,48.85243163388862,75015,110.38684937193668,6,9813.040070612808,433.8150873766022,,1,769316.0
2.323144481529708,48.82281540539193,7507,71.54779236251116,4,10160.7203358053,84.70717821893503,,2,925870.0
2.3435236337960035,48.82492740644942,75019,97.9342462051652,2,9910.289427293848,386.3259089858579,,1,1349911.0
2.2338706142703364,48.8281481199737,75016,41.15822828703057,6,9678.120674588112,369.3740692275308,,2,308930.0
2.328492845477708,48.84021654561353,75014,81.03700236081892,6,10062.666974334055,86.05686795510816,,1,850638.0
2.324264009294413,48.86104815650422,75010,81.90195595009183,6,9903.611678623716,358.51681278735697,,2,1087140.0
2.2450145950155087,48.81587677917334,7502,58.179557849860274,2,9569.91693818043,406.782564322564,,2,604234.0
2.458281820587452,48.87343370946391,75018,82.48599578751035,5,9846.536214329111,482.2749984678972,,0,1059681.0
2.2953747253819823,48.83363285999746,75011,61.00086636236789,2,10149.03143443424,458.10325746617656,,1,386138.0
2.250805523436657,48.87302392942648,7505,115.72864980138702,1,9974.4015549417,46.50935282514488,,1,917859.0
2.2552991301707097,48.89986170139861,75018,71.12888067865396,2,9846.536214329111,263.8993470980397,,0,769714.0
2.3544846357191767,48.84636977373467,7503,148.64812132192705,2,9983.017238897526,469.4974610704312,,2,1431288.0
2.386259469828997,48.86986178877648,75012,90.04534361196497,5,9935.066867676536,442.64397538519313,,0,725961.0
2.280573213548124,48.88027685872602,75017,67.71271512411195,5,9899.474939437398,203.5033919152776,,2,773719.0
2.2871078424956943,48.83712309740332,7509,97.98284000219678,3,9775.064380528089,248.7920434440967,,1,590224.0
2.234484811121785,48.88834239581977,7501,63.28305927249496,3,10006.394372127985,88.95093482076688,,2,797009.0
2.220444122701087,48.89376355911272,7505,89.88623921041443,3,9974.4015549417,294.4511062278428,,3,1332179.0
2.277577550947259,48.87634167207906,7501,121.24758695724098,1,10006.394372127985,494.30268121516514,,3,832255.0
2.393456588171871,48.87682202139072,75011,119.65971512097884,4,10149.03143443424,471.4224266319747,,3,1392305.0
2.386960413823888,48.864816985921394,7503,36.7551900696352,2,9983.017238897526,58.53398910825212,,0,279066.0
2.453959198546252,48.8737004114258,75015,115.9428895561446,5,9813.040070612808,189.30618811658783,,0,1239499.0
2.392675475568263,48.85419524032782,75019,46.10939253910705,4,9910.289427293848,116.05525456006016,,1,312684.0
2.301796729828121,48.88162942974968,75013,71.48577359874442,4,10190.767780889602,290.8612926348265,,1,683920.0
2.379653607784614,48.8410059611163,75010,68.86685548728799,2,9903.611678623716,304.7975691428176,,1,686212.0
2.4038275834623457,48.8237799537406,75018,148.55405803767547,2,9846.536214329111,205.71348164321373,,3,1612996.0
2.276084647803108,48.89465199492353,7504,42.97797604506434,3,10257.726066885674,272.74205271006275,,1,349632.0
2.3863529324953463,48.84697685246203,7503,98.26318476157066,5,9983.017238897526,446.1683195782304,,0,1474938.0
2.2375165042952325,48.879910367001685,7509,99.7095795081504,1,9775.064380528089,382.8455399524447,,2,721098.0
2.4382510029391704,48.81168491371125,75011,56.52871780313032,2,10149.03143443424,47.87907437721085,,1,843264.0
2.41957176481654,48.86690172700098,75016,50.275273203753954,4,9678.120674588112,401.1696167980686,,2,364842.0
2.3945691043282977,48.87227982232966,75017,49.59443113917752,2,9899.474939437398,196.31217457545912,,1,300172.0
2.2411647568668123,48.841372370862,7503,97.8113613373796,1,9983.017238897526,34.96803171553834,,2,1465950.0
2.364069166652578,48.86717532263779,75014,141.0207896289443,5,10062.666974334055,139.01423817669348,,3,1123557.0
2.3319128793294728,48.89560055420767,7508,91.32582081904478,3,9848.31703220121,116.2819185979994,,3,1246814.0
2.4621387586178334,48.84743609777742,75017,149.64343214818263,1,9899.474939437398,336.9509560463979,,1,971048.0
2.3007138006683414,48.81619922756968,75019,55.37103528642258,2,9910.289427293848,274.94956763789133,,2,692470.0
2.3751522014596373,48.84064686411359,7509,91.71365586517932,6,9775.064380528089,406.92636058563227,,2,1067503.0
2.436951181886599,48.85045460623892,7509,113.45166226203295,6,9775.064380528089,118.74906293795544,,0,946830.0
2.2212759287348787,48.8337201561756,75013,126.56730386103094,3,10190.767780889602,195.9846801786303,,2,1302378.0
2.356122578385186,48.85301421753542,7509,66.79312075439157,4,9775.064380528089,366.49882698292015,,1,409368.0
2.2979074449579024,48.87486780468222,7507,52.11229236987005,1,10160.7203358053,340.3278490959156,,3,413532.0
2.307583906671655,48.86468196731354,75017,91.80614267073088,3,9899.474939437398,178.4524030588372,,2,1291071.0
2.458662406992872,48.89971774691168,75011,80.15943029675708,4,10149.03143443424,442.17477605309455,,2,501540.0
2.405773603641923,48.86955063496133,7502,110.18940506143063,4,9569.91693818043,435.7839650938033,,2,871743.0
2.279466640137064,48.87094339287977,7501,118.38771738605008,5,10006.394372127985,160.46282320584348,,1,1331194.0
2.283599534244765,48.8428474136502,7509,141.662632062314,5,9775.064380528089,462.3086974165295,,1,1081952.0
2.2283212550121063,48.8432586322501,7501,113.48122764761202,6,10006.394372127985,57.08838257938508,,1,1418155.0
2.3285931296718805,48.88392241375289,7501,124.89687568141396,4,10006.394372127985,209.58440904510732,,2,1527310.0
2.3265376152611426,48.84309836716915,75018,120.11346503782282,4,9846.536214329111,427.1931309901631,,3,1177025.0
2.2438467977333083,48.84855843717364,7503,78.84544611995585,2,9983.017238897526,458.7298978911986,,2,858873.0
2.328287986434998,48.87305275875694,7508,147.9449389944774,1,9848.31703220121,226.2434820311317,,3,1583002.0
2.458063047685972,48.87114585635821,7506,62.17856334460515,2,9841.359840436731,100.16904607012565,,2,979038.0
2.386593288478464,48.82187878362779,75010,87.35901135109907,4,9903.611678623716,143.54589458168334,,3,540868.0
2.294809424183904,48.846265613926114,75010,134.84555240006662,4,9903.611678623716,56.95658827031929,,0,1296813.0
2.37699450367286,48.85547219225395,7509,101.0230015431139,6,9775.064380528089,284.6401321509624,,0,1004347.0
2.3045514739485813,48.84075728367897,75010,38.74563011224993,2,9903.611678623716,228.620678581736,,3,488558.0
2.36579175398537,48.86203315815322,75015,48.27703924138575,4,9813.040070612808,132.0445640687132,,2,705851.0
2.446876865008432,48.83521825182496,75013,105.0905631568416,3,10190.767780889602,50.31380583582424,,2,1238106.0
2.478474620288642,48.85606085007769,75016,91.95539860375456,2,9678.120674588112,424.510782127709,,2,898726.0
2.2443821598247027,48.83992881744391,75017,110.84185489526254,1,9899.474939437398,316.84079103234586,,2,1350132.0
2.3634664351953267,48.85094971141015,7501,74.69945862654133,1,10006.394372127985,310.1843571012096,,3,569398.0
2.3912237097311846,48.85369387443552,7500,43.91797040945892,1,9981.88888607979,43.364753968022086,,0,627997.0
2.378355553302945,48.876971476245096,75015,79.99615904326484,2,9813.040070612808,317.1652720659273,,0,730708.0
2.437080646578364,48.82012914109638,75012,139.2458259862738,2,9935.066867676536,384.9957061505639,,1,1619487.0
2.277925859856463,48.86500931145732,75010,110.76420158525904,1,9903.611678623716,474.1629420429176,,3,1164246.0
2.317178189419056,48.8277905071658,75018,91.99553942767808,6,9846.536214329111,288.33662680599826,,3,662035.0
2.2494560460991013,48.81794706141066,7501,109.39301909682996,2,10006.394372127985,112.60855640345416,,2,1325827.0
2.3915016065109884,48.87806497313442,75017,63.18903631350543,2,9899.474939437398,56.48820154965896,,0,378216.0
2.442619577266855,48.82973133197852,7501,124.28201454270558,3,10006.394372127985,348.482925640885,,0,1614579.0
2.308452261156339,48.83486127931882,75016,116.07365186673356,5,9678.120674588112,235.7731883355288,,2,1402122.0
2.242703256001577,48.829772298225365,7505,61.13697811523647,2,9974.4015549417,72.5260852452769,,0,945980.0
2.4592697338842338,48.82994680483007,75012,116.45812686474648,4,9935.066867676536,376.39552945342206,,2,1250862.0
2.425298638934271,48.86395557082281,7505,142.29237808352036,5,9974.4015549417,367.6690901128089,,0,1079569.0
2.4136831327417085,48.85193866982124,75018,110.81655171974482,3,9846.536214329111,376.6626770871451,,3,666050.0
2.297937536104665,48.8199069926918,75012,121.98210136468892,3,9935.066867676536,181.5140886822758,,2,1366657.0
2.367568756304008,48.85671637321131,7500,86.59888909857483,6,9981.88888607979,312.5336890542296,,3,874543.0
2.370261016704256,48.89193428409186,75018,139.46806727052203,2,9846.536214329111,416.58420178152136,,3,1533670.0
2.316920511920397,48.89952049775408,75014,99.50834156736902,5,10062.666974334055,51.535993154652985,,2,855667.0
2.304451906977098,48.82614119871067,75017,69.30756951623798,1,9899.474939437398,370.86353487434206,,2,620649.0
2.2961476209973504,48.882276626470336,7500,128.92761130520256,2,9981.88888607979,483.8787995302256,,2,1085118.0
2.415572979294426,48.814268810814426,7501,128.2967783097331,2,10006.394372127985,84.52267177684034,,0,1160045.0
2.3238201505445404,48.86446405908255,75018,76.38216344789308,5,9846.536214329111,265.7230366447657,,0,635112.0
2.3342850135389286,48.84211596051179,7500,129.60913764475876,2,9981.88888607979,187.1304477014371,,0,1441126.0
2.302823802100328,48.89979169928055,7504,61.30258243744934,2,10257.726066885674,283.27200525366146,,3,835219.0
2.244311240386826,48.89200202516787,75010,131.98570682114138,1,9903.611678623716,225.17224559112705,,0,950138.0
2.4751985827900307,48.8560980544432,7509,48.57360171005303,3,9775.064380528089,89.43844499850415,,1,345123.0
2.438860146791669,48.86363132945901,75011,138.1944717722002,5,10149.03143443424,105.73891089684156,,1,1402099.0
2.4744130668995394,48.8885996553927,7500,101.3942825438728,5,9981.88888607979,246.5741692342915,,3,1430397.0
2.221923740475467,48.89675110524171,7500,127.81852674692524,6,9981.88888607979,274.8708563484097,,0,983479.0
2.45500897976835,48.81091122401437,75019,99.80617743540896,5,9910.289427293848,358.4909014011836,,0,1020070.0
2.298778686430188,48.88020864074364,75015,103.33094554544506,5,9813.040070612808,498.1178413797172,,1,1237898.0
2.3043839836027016,48.892665994502615,7506,110.8398134884597,6,9841.359840436731,381.3909609436172,,3,723326.0
2.4689351608261565,48.85874248342013,75012,59.96892316408679,5,9935.066867676536,442.7502102940294,,0,467545.0
2.3987388007954173,48.87358390935365,7504,115.43643025384117,3,10257.726066885674,236.0809732860737,,0,754435.0
2.2435422517986043,48.86596361670005,7501,98.12240367369476,1,10006.394372127985,322.69071999304776,,2,613065.0
2.3603118172526543,48.891709409267285,7503,111.32300513988896,1,9983.017238897526,63.58170647197748,,1,1250706.0
2.356405755966449,48.828158760315006,7502,131.47336832819826,2,9569.91693818043,48.21433574928569,,3,784809.0
2.3442736567569344,48.84704473324247,75018,93.20376274264753,1,9846.536214329111,497.1391445075115,,0,654903.0
2.4260354371932733,48.82497549145409,75010,43.82043463831636,5,9903.611678623716,355.0531550628229,,3,406135.0
2.3964530326913067,48.81521766529509,75014,60.81049386294805,3,10062.666974334055,339.12535414640706,,3,611148.0
2.231166984863484,48.86772352952293,75019,85.53811593650238,6,9910.289427293848,439.1624856510352,,2,1141331.0
2.420793586584654,48.81242112057503,7503,79.87046909086763,5,9983.017238897526,79.55986633828132,,3,1140595.0
2.416815470617604,48.85100908343654,7500,61.21709113062767,6,9981.88888607979,123.62909643149176,,3,524321.0
2.3522711528000024,48.8222651845114,7508,82.28119033639842,5,9848.31703220121,313.5870532262095,,1,548862.0
2.3663381324058586,48.85846491955819,75015,84.69221531475586,5,9813.040070612808,153.55891272828538,,2,601584.0
2.4024221005781885,48.85393585137937,75019,69.3691036271645,2,9910.289427293848,35.07090537797128,,0,571023.0
2.266541097093079,48.83371686332987,7508,105.16469168834882,3,9848.31703220121,471.5731000720135,,2,798347.0
2.454874379401534,48.87776770391993,7505,128.76270110746557,4,9974.4015549417,473.28147367659136,,1,1596399.0
2.3475886838884046,48.84032047996216,7501,89.26747183301362,3,10006.394372127985,207.1067780454092,,1,1212767.0
2.282119423285076,48.8137660235958,75010,106.44336641251176,2,9903.611678623716,139.865418314509,,3,1037587.0
2.353417127225239,48.871962673403495,7508,75.46928075207522,5,9848.31703220121,215.83170890835592,,0,523364.0
2.414763250770044,48.85394950055127,7501,116.52553769641604,6,10006.394372127985,83.43047365046846,,3,867605.0
2.253804272076604,48.819935203577344,75012,138.83571778450423,2,9935.066867676536,430.6431533695238,,2,1061658.0
2.438836872686741,48.858383927669365,75016,101.7699920143012,5,9678.120674588112,428.35893146939424,,0,1299522.0
2.2678224747791567,48.89077116130458,75011,145.20032779338098,2,10149.03143443424,228.74889540607865,,3,1567922.0
2.4269238548849152,48.87760947618879,7501,115.18484225768898,5,10006.394372127985,242.7148551058281,,3,1470099.0
2.242810136763692,48.85347721211215,75015,51.15015075348296,2,9813.040070612808,295.6495256460263,,2,715734.0
2.455012507847427,48.87987647983359,7504,98.71349897265038,5,10257.726066885674,397.7603076015443,,1,1407650.0
2.354615783626131,48.8275696667308,7508,38.537484310873445,2,9848.31703220121,156.6834272477259,,1,259324.0
2.4570956754097324,48.87077147392238,75015,86.09492924771105,3,9813.040070612808,348.40127442945567,,2,739527.0
2.272545439706388,48.852041447305176,75012,63.16271867386378,2,9935.066867676536,333.9739443048919,,3,405232.0
2.295643344114261,48.86934638856094,7500,141.31857626424588,2,9981.88888607979,138.01643109550898,,1,1006296.0
2.266385715726609,48.815327881706025,75015,38.98903378063082,2,9813.040070612808,493.18414743886615,,2,429235.0
2.402840326894358,48.815449091967615,75012,107.3696539414014,5,9935.066867676536,50.37150028097745,,1,1457862.0
2.281398647487456,48.81352686565475,75018,95.49648157279898,5,9846.536214329111,396.8342837991813,,3,734335.0
2.249380682816748,48.84506550125764,7508,88.28393198883785,4,9848.31703220121,178.4920644250763,,1,668828.0
2.30514444166678,48.8316296491258,75016,149.9330532060025,2,9678.120674588112,220.6402286353223,,3,1299138.0
2.2625427506353484,48.81043007207674,7503,62.19658606994568,4,9983.017238897526,162.69167313245833,,0,758333.0
2.27711572718953,48.84946311878245,75011,78.77266772005228,5,10149.03143443424,387.3082448702135,,3,624516.0
2.4431157206006926,48.81644732101957,7501,124.10631888050304,2,10006.394372127985,75.43974907921346,,2,1151566.0
2.4185059519756207,48.83891024280776,75017,38.31967735273198,1,9899.474939437398,99.6661667620605,,3,489224.0
2.455048144054379,48.82366428203763,7506,140.09003090735007,2,9841.359840436731,442.29779144294486,,1,1243662.0
2.2360845397571287,48.84381300717124,7506,48.80790991919271,4,9841.359840436731,337.8191594878373,,1,440109.0
2.277795407443546,48.83804358031634,75016,120.79384934442312,5,9678.120674588112,314.3019877643492,,2,1261178.0
2.340949467192124,48.85571538621489,7506,106.56702771211036,4,9841.359840436731,378.9175048348379,,3,1501916.0
2.479777879025824,48.86766080332206,75019,46.41866864783036,2,9910.289427293848,194.79673938393336,,3,332703.0
2.41084290898007,48.827361016690176,75016,96.91661717041262,4,9678.120674588112,254.3585342462065,,2,655735.0
2.2426561612450846,48.87036996910177,75015,57.955387396598674,1,9813.040070612808,432.9260339640357,,0,753049.0
2.228440517305252,48.88677134911782,75011,93.5153758757924,2,10149.03143443424,167.02087152366602,,2,1194535.0
2.363077296629681,48.86240664516359,7502,103.89307494452189,5,9569.91693818043,162.8209589387654,,0,1161852.0
2.4347727587843795,48.811086890382896,75017,41.5731897870571,6,9899.474939437398,456.09457945331184,,3,486225.0
2.3402756927068054,48.815039575972015,75019,56.74648959239612,5,9910.289427293848,91.55590593519184,,2,454336.0
2.270907975781755,48.85088006009571,7509,70.25442617826869,4,9775.064380528089,93.68221696318015,,3,609924.0
2.290139527692429,48.827504957468186,75017,54.45372445691386,4,9899.474939437398,148.1403882475225,,0,414065.0
2.4078553937208578,48.82173778430545,7505,71.7452581857295,6,9974.4015549417,291.5914071860715,,3,784957.0
2.226583842677348,48.85965863577415,7504,121.7394069624765,6,10257.726066885674,101.18044137762972,,3,897096.0
2.3519623415561552,48.87343009870356,7509,135.088838008596,3,9775.064380528089,496.9155239681456,,0,1130735.0
2.4012239801798856,48.81144267871067,7506,39.318594565803934,5,9841.359840436731,94.25080076799578,,2,603464.0
2.3054908237264047,48.852196691358365,75019,74.06176771865839,6,9910.289427293848,271.0468133172621,,3,515124.0
2.2802736702987696,48.8845167364439,7507,126.973124822577,4,10160.7203358053,328.5542734571668,,1,1081493.0
2.35804059512875,48.86485994765156,75014,112.07216965740304,6,10062.666974334055,64.75798269191125,,2,884676.0
2.312279548342008,48.81529309959114,75011,97.22811878048022,6,10149.03143443424,468.9046641268311,,1,1204678.0
2.35171276065376,48.883387507588,75019,105.98565316657934,2,9910.289427293848,158.12371864858227,,2,645805.0
2.474884173209073,48.87406633043803,7502,124.60015118474466,6,9569.91693818043,238.16001685753383,,3,776054.0
2.373395182720145,48.88357464260643,75015,104.19219597512874,1,9813.040070612808,454.4413162843573,,3,1101370.0
2.3235166430389804,48.84750736643093,7509,140.8842552559889,1,9775.064380528089,499.2376758926753,,3,1313666.0
2.474334935745563,48.89518465201859,75012,83.58802081198438,6,9935.066867676536,226.447008999908,,0,917404.0
2.3837577543008788,48.82535473731759,7500,61.67824109957288,4,9981.88888607979,494.2033310095908,,3,889856.0
2.2611055611940216,48.8690242046754,75015,58.0917518372916,5,9813.040070612808,410.62857057511576,,1,460582.0
2.440150150683712,48.89123878568952,7508,45.508114452774215,2,9848.31703220121,282.73740390394045,,1,335305.0
2.2993491167866447,48.860008796586015,75010,99.271165310268,5,9903.611678623716,448.8635028870309,,2,1298604.0
2.273102487622421,48.839994695656095,75018,81.15563999351414,4,9846.536214329111,40.47200197865504,,0,1279376.0
2.334872921368944,48.82930365927723,75014,75.87193415341711,3,10062.666974334055,110.77773339317072,,2,780891.0
2.32524402649482,48.82036609821021,7505,91.4584028639605,2,9974.4015549417,430.8881781542856,,0,990174.0
2.42279012795169,48.85737140117085,75010,79.59093315094319,3,9903.611678623716,375.2679424261932,,3,485636.0
2.458687161443037,48.87269797181396,75014,118.35149971722232,4,10062.666974334055,60.24377391843732,,2,912351.0
2.450161504941439,48.864559955087,7501,66.18307897100118,6,10006.394372127985,247.0324186111908,,3,927250.0
2.280268253811307,48.81277854708034,7508,84.63940634525966,4,9848.31703220121,83.42334750576514,,1,1257962.0
2.4613303048646347,48.860312023522056,7503,106.18705614525024,6,9983.017238897526,57.453823499676645,,1,1527429.0
2.358612120910316,48.872730748630445,75016,117.43402513916796,5,9678.120674588112,475.5778395944175,,3,842644.0
2.3485022650365828,48.88188264838974,75015,51.41424136493059,2,9813.040070612808,90.9643588599058,,3,468794.0
2.4123248674544424,48.83288647998809,7506,47.774605579423564,5,9841.359840436731,330.0383206286065,,3,621408.0
2.354612679194637,48.84214171624914,7502,91.73159659285264,4,9569.91693818043,319.16604360161045,,2,1010721.0
2.336938732059277,48.89990792123108,75019,96.38079228663813,4,9910.289427293848,108.69492005427831,,2,1489133.0
2.242520288336622,48.87196590621872,75014,36.97337938139323,5,10062.666974334055,113.16959843111816,,0,289594.0
2.375944090640183,48.83127728482741,7502,68.3526601665915,6,9569.91693818043,148.15601995076835,,2,656081.0
2.234390719893786,48.877740789594576,7504,147.51509993924276,6,10257.726066885674,329.3860973058469,,3,1674721.0
2.310718017667805,48.84485859955819,75014,37.03658553601405,5,10062.666974334055,118.01023611827672,,3,424802.0
2.3908282926574795,48.89783028707385,7500,129.83404107771142,3,9981.88888607979,335.25306028720223,,3,1133384.0
2.227502069595302,48.82883994577892,75019,111.16401078755138,2,9910.289427293848,260.03866719826283,,1,1397764.0
2.334555645605556,48.871151058059006,7508,111.5401535234829,5,9848.31703220121,498.8338104947982,,1,1212326.0
2.2328803157450365,48.82942981879078,75010,58.14789158815351,1,9903.611678623716,328.2555188644698,,1,456716.0
2.406070077825245,48.848904867601135,7504,128.504662333846,5,10257.726066885674,369.5747872429512,,2,1498659.0
2.297283101589059,48.86989664804653,75012,125.86110877320031,5,9935.066867676536,104.51951273815232,,3,1012384.0
2.306439468689955,48.812822521675294,7509,46.42996826477246,5,9775.064380528089,489.98999319169343,,2,385141.0
2.474357476855047,48.84080484480927,7502,110.92898610948492,2,9569.91693818043,163.30150585580952,,3,948304.0
2.4674351681678224,48.823583615440505,7501,104.3531749847175,3,10006.394372127985,443.85188993300136,,3,973392.0
2.378074497170099,48.84958844305488,75012,104.76815980141434,5,9935.066867676536,37.65389557834514,,1,956681.0
2.330947115548633,48.89696759897621,75013,71.19813028427383,1,10190.767780889602,381.9414855095983,,2,880142.0
2.3349807788594297,48.83819137496521,7509,104.19198549274934,5,9775.064380528089,342.9245982991108,,2,1243690.0
2.2401340104550846,48.863215656761135,75016,137.9680489970462,2,9678.120674588112,113.4768266195828,,0,828036.0
2.43691972551088,48.854419593671246,75016,113.99451214143302,2,9678.120674588112,405.0133189054986,,0,1202795.0
2.3916224156552346,48.85354880756138,7506,119.82946562157692,2,9841.359840436731,426.24811746059714,,0,1692829.0
2.4377149944708747,48.82324854317443,7502,61.944047879358166,4,9569.91693818043,107.72554817318677,,2,864671.0
2.2506811613253475,48.840404393070095,7505,61.81531749134989,2,9974.4015549417,253.0482963893589,,2,632989.0
2.2352121869929027,48.864314414995285,75019,146.4147880919515,6,9910.289427293848,207.5953052267984,,3,1247596.0
2.384129562425843,48.81570423338688,7506,127.12200335576588,2,9841.359840436731,174.24377011292685,,1,851248.0
2.266397643268699,48.889977673328126,75015,76.97747677171421,4,9813.040070612808,496.57335904158566,,3,915652.0
2.2437350046007323,48.8572616272122,7504,112.79271631515216,6,10257.726066885674,228.8950512138109,,2,1152745.0
2.341167703769167,48.82113917520904,75012,35.58893858852094,3,9935.066867676536,231.7705697801127,,2,472411.0
2.3868445738379016,48.82414517447369,75011,88.49206047481665,6,10149.03143443424,80.2884175089913,,2,854601.0
2.3642251326412755,48.84596890945875,7502,79.2219407730092,5,9569.91693818043,169.6865425795285,,2,903109.0
2.224818040505644,48.82439980386397,75019,141.17962384827595,6,9910.289427293848,215.1690518929404,,1,1202746.0
2.373080913598028,48.85395868316136,75011,103.9702998516769,1,10149.03143443424,471.782260678764,,2,1200162.0
2.355681872166669,48.83405021781779,75017,111.80177466659958,1,9899.474939437398,497.7631789037568,,2,1247497.0
2.459307141753716,48.8456500595962,75013,68.60469251064237,3,10190.767780889602,67.02552726499955,,3,888856.0
2.4607303095037123,48.89090502098726,7509,44.9472808202081,4,9775.064380528089,60.09574767212066,,2,270353.0
2.285768641952432,48.84084978163839,75011,84.08425258254974,3,10149.03143443424,438.7145426935406,,2,1153821.0
2.283419915172272,48.868734878420135,75018,147.44576069926595,6,9846.536214329111,53.83537330394086,,0,1123391.0
2.2978934853644275,48.81344428428626,75015,110.39367410680865,3,9813.040070612808,399.4760009828224,,3,1530336.0
2.2861679469451945,48.87578324508011,75013,109.90526744072532,2,10190.767780889602,352.6069772356631,,3,1288394.0
2.402433302318045,48.859196002929416,7508,90.36581893603623,4,9848.31703220121,111.33469621601594,,1,796982.0
2.391124357682381,48.867613655356,7508,88.32029686532755,6,9848.31703220121,74.46226474976262,,1,737427.0
2.327454209869272,48.88797196926628,7506,46.09496754278287,3,9841.359840436731,205.2477956700968,,2,328274.0
2.462273191278525,48.858354721634505,7506,107.6799254664405,5,9841.359840436731,201.0060275751483,,2,1495922.0
2.339996537346297,48.84873755553825,75019,77.4052389117037,5,9910.289427293848,312.28950105508113,,3,965983.0
2.232602820360616,48.86971232852644,7507,140.60244829533508,3,10160.7203358053,224.6800381745097,,2,1593102.0
2.479592598210922,48.81913986212466,75013,98.91518895035549,4,10190.767780889602,99.37641539189082,,0,950798.0
2.3106278152909394,48.826592548321,7502,79.56943514355174,5,9569.91693818043,98.44976540894122,,0,1027135.0
2.387531272904414,48.88449467354916,75010,85.77585803657453,5,9903.611678623716,46.48711109708941,,2,1115844.0
2.23104671006529,48.858860519088815,75012,96.0540468067124,6,9935.066867676536,255.11208693981865,,0,1173708.0
2.3262719528210383,48.84326248480116,75015,140.9226518348696,4,9813.040070612808,393.27112153166814,,3,1071431.0
2.3799902940255087,48.838408293718125,75017,98.23346336898211,3,9899.474939437398,314.8689053797443,,0,1159595.0
2.372090635289152,48.86479627071828,75015,86.08715000607101,3,9813.040070612808,166.4071841488706,,1,574223.0
2.285327142025325,48.887950353737054,75018,123.31069479393948,6,9846.536214329111,135.43175375524825,,2,1202494.0
2.4244377601857807,48.87978833234272,7500,148.5395046687098,5,9981.88888607979,85.52678798203902,,2,1211271.0
2.29838987381883,48.87244467359393,75013,123.9933977188284,4,10190.767780889602,487.6820058893638,,2,801543.0
2.4794765378357835,48.85682128252473,7509,100.7608554734222,1,9775.064380528089,458.0266043016459,,3,1024255.0
2.4340775260623566,48.820550330387945,7501,126.50796992040972,3,10006.394372127985,451.4620795650373,,2,1643824.0
2.4665804487037306,48.85926829875027,7502,60.23218440041867,3,9569.91693818043,159.7964035073595,,0,357377.0
2.3776454878029525,48.896559787138166,75016,142.83858975577908,5,9678.120674588112,361.89357855404654,,2,1294415.0
2.462625037582688,48.83854848893487,7501,99.02187050796492,1,10006.394372127985,68.07789970672758,,1,683041.0
2.2756935835533816,48.83826893074004,7504,103.50196895789506,6,10257.726066885674,65.16241491713626,,2,1138420.0
2.4329649666403244,48.82961708507362,75013,126.63918063640158,4,10190.767780889602,338.1325650509396,,3,858699.0
2.3577506898230984,48.83767889615215,7505,95.66880663246816,4,9974.4015549417,42.56466660415144,,1,1011992.0
2.4425359650431937,48.85768571662544,7503,39.065131865184405,5,9983.017238897526,76.56804792223991,,3,243571.0
2.4230754750030674,48.88409125671225,7507,76.28876980225151,1,10160.7203358053,465.97389214983656,,0,744935.0
2.2954248382048794,48.84473218244268,75014,135.7062493671634,3,10062.666974334055,326.57674623344985,,1,1686498.0
2.261595229967166,48.85538168761779,75010,98.46424457511976,2,9903.611678623716,42.0616743856657,,1,1196801.0
2.3033573005862187,48.82431120939439,75015,106.57723812228473,3,9813.040070612808,499.5876603654205,,3,998639.0
2.4455782782888087,48.89683100195097,7508,47.51364226599401,4,9848.31703220121,182.7482599795356,,2,641567.0
2.429984319240816,48.88992616651864,75015,83.61344073785439,2,9813.040070612808,175.42911706291932,,3,604925.0
2.375201350052221,48.86380874429307,75017,39.28729346463632,1,9899.474939437398,142.57540498231074,,2,324708.0
2.362478158251492,48.88110053080886,75011,124.96639794932898,6,10149.03143443424,161.2959163652249,,2,907488.0
2.478926761107306,48.87031985046686,7501,74.11380253642736,2,10006.394372127985,147.78622845535668,,0,802442.0
2.236698545558507,48.83264863389268,75011,97.34751000137062,3,10149.03143443424,351.86370791020425,,1,591965.0
2.30928958371034,48.87617062758827,75018,46.09824179433959,2,9846.536214329111,200.21600857710297,,2,302325.0
2.427410559480592,48.85136689617517,7507,54.44247345077346,2,10160.7203358053,57.98025019807386,,2,688090.0
2.4567401643166886,48.82688559287364,7502,107.3438631649242,5,9569.91693818043,292.25408928015185,,1,1065140.0
2.4563173474755504,48.81060937551506,7501,44.6249185875461,2,10006.394372127985,124.35084578324816,,0,462773.0
2.355474544006712,48.87848283324468,75011,64.16992039356356,2,10149.03143443424,457.687843396436,,3,433018.0
2.4170553119337312,48.87660820377244,75011,106.45922253117013,1,10149.03143443424,271.54990504049545,,2,1002686.0
2.411426847590404,48.89347586118644,7500,111.3477326833253,5,9981.88888607979,65.50876052554906,,2,1581171.0
2.475791619215579,48.84949098508005,75010,87.27058623103545,5,9903.611678623716,401.8044816063096,,2,1236475.0
2.35728339245494,48.85932424736275,75013,105.24841919302524,2,10190.767780889602,469.98734225352734,,1,743189.0
2.4311077953475064,48.844151621096216,75019,68.34523893932214,3,9910.289427293848,248.63193763000632,,0,499423.0
2.261518774148193,48.85114332371199,75012,49.12004508953171,3,9935.066867676536,51.76821863908542,,1,578682.0
2.292001169452026,48.873577716053845,7501,74.3322008037033,4,10006.394372127985,286.4554354056888,,3,854825.0
2.229798776694157,48.88887304965014,75016,64.78384875332543,2,9678.120674588112,50.44431859638121,,2,585502.0
2.25112946579355,48.810074376879776,75014,112.36987770960714,5,10062.666974334055,147.1464550212658,,1,1456072.0
2.3862385939688964,48.89036754522276,7503,85.40864279434652,6,9983.017238897526,438.9977496892393,,1,611161.0
2.241900689629626,48.8671004584039,7503,45.75307620289119,3,9983.017238897526,110.53556817319163,,3,544384.0
2.275317762482421,48.8581398696726,7503,83.90826090015426,2,9983.017238897526,169.68614797131644,,0,946402.0
2.306865276537555,48.8879446933123,75012,111.3455258861264,1,9935.066867676536,174.16344495976318,,0,1234731.0
2.3730792719913194,48.89112753727868,7503,57.54945179805127,1,9983.017238897526,476.50148967351504,,1,632528.0
2.3903516219733283,48.87550695964881,7507,110.06210676175328,2,10160.7203358053,43.90625770743496,,3,1543042.0
2.331702955692457,48.85085445771484,7504,36.40527356267052,2,10257.726066885674,81.52896673812842,,0,403555.0
2.279999112594979,48.88210733877703,7506,100.20868381946842,1,9841.359840436731,291.11547868511025,,3,616654.0
2.371747649712715,48.852688525011,7500,100.60907677097886,6,9981.88888607979,97.47635346677876,,0,1430372.0
2.389225954656168,48.8325461462401,7505,64.24311699383696,4,9974.4015549417,327.83332517702576,,2,551250.0
2.443565522989794,48.86351320309744,75014,76.1983081099772,4,10062.666974334055,193.87377389973065,,0,1008853.0
2.392999701696408,48.850214019123065,7505,44.83800527474198,2,9974.4015549417,168.81438748518497,,1,293061.0
2.4776354922628143,48.875432289945735,75013,107.6014694747234,3,10190.767780889602,199.73666761353343,,2,1278566.0
2.2477560569677184,48.89030017851529,7505,61.0072410583265,3,9974.4015549417,207.0660650073498,,0,488550.0
2.415122471813571,48.899222723837504,75013,140.22318484977217,5,10190.767780889602,220.1698801921057,,2,1443944.0
2.2411087395393987,48.81980203091964,7504,113.11793101967405,4,10257.726066885674,111.6063918053838,,2,1227591.0
2.461389730510617,48.8332696526967,75017,93.07388416994212,4,9899.474939437398,47.98735875103929,,2,1145892.0
2.237783561496532,48.89609278155888,75018,53.43196975449956,6,9846.536214329111,366.06450129650375,,0,575357.0
2.25222527902071,48.84027546357103,75011,142.21303460405602,1,10149.03143443424,266.6411059843362,,1,1060948.0
2.278143647978427,48.84716287649219,75019,87.04967610222091,1,9910.289427293848,409.58432810370704,,2,667369.0
2.276133466879016,48.86788753187993,75016,57.59468110701621,6,9678.120674588112,399.5419954415757,,0,447068.0
2.3421802049173044,48.83648344192076,7500,140.94380687740136,3,9981.88888607979,368.7275008780345,,0,1447337.0
2.471603131662755,48.88100538371253,75017,55.630908261653744,2,9899.474939437398,388.4026345209009,,0,638052.0
2.4252881483129776,48.816734509223714,7504,81.83176556836952,6,10257.726066885674,268.1812010498776,,0,1233025.0
2.469133990199378,48.89490079480096,75019,144.07242458688603,6,9910.289427293848,231.0956188029297,,2,1321419.0
2.407122184017096,48.88409634349859,7509,86.26893501596334,6,9775.064380528089,85.30660243189438,,0,918958.0
2.277073098075728,48.88492087292378,75018,39.09158347964423,1,9846.536214329111,463.3308092757819,,1,407095.0
2.3151978468804524,48.84467564639423,7504,138.10617738316574,2,10257.726066885674,294.4351682712009,,2,1621312.0
2.34371612118542,48.87539481045533,75012,49.35641865171571,5,9935.066867676536,87.82919336074278,,2,302604.0
2.4345316395549608,48.86162649580329,75012,85.72929758472435,5,9935.066867676536,199.2227357900162,,2,553029.0
2.267756442136509,48.8279020629643,7505,92.34863491832482,6,9974.4015549417,479.75118949351616,,2,1273775.0
2.42047496077671,48.89373733496179,7502,140.6289346500281,2,9569.91693818043,113.71137390285116,,3,785719.0
2.298344614320986,48.84424836700067,7502,72.96094175882034,2,9569.91693818043,337.20320863874866,,0,595089.0
2.421916599991293,48.86650826273773,75018,46.461170165082734,3,9846.536214329111,283.23922415917104,,2,608988.0
2.263035677439024,48.82242235763836,75013,65.04243547559324,5,10190.767780889602,195.49124696309548,,3,768953.0
2.419769453203631,48.895321814743184,7506,114.08449792333684,1,9841.359840436731,495.61973118776586,,1,752750.0
2.2768604419587843,48.81882169156523,7508,94.2310102380025,6,9848.31703220121,271.1882076479592,,1,1214504.0
2.318425565542756,48.83543098437613,75013,40.11555644877025,1,10190.767780889602,122.81864305775828,,2,509746.0
2.338873768184071,48.883555764817295,75010,92.36925559891296,5,9903.611678623716,421.3418435286514,,0,731942.0
2.373674081832194,48.81164357008662,75011,77.44931992385901,6,10149.03143443424,402.7714298476458,,1,855582.0
2.458932235147908,48.814903256632114,7500,56.72114794883779,3,9981.88888607979,106.72926215138553,,1,379641.0
2.2333989141962225,48.86202061059995,75018,110.64186255808109,6,9846.536214329111,451.7678262340063,,2,1056595.0
2.32792204015397,48.8170958668058,75012,75.51066439008503,3,9935.066867676536,405.5761712454165,,2,1142466.0
2.28331250798601,48.83303318109233,7507,54.61821586820631,6,10160.7203358053,93.94540316756355,,3,696891.0
2.28041024159268,48.88883836611742,75016,44.33507195723247,6,9678.120674588112,396.6057769852097,,2,494903.0
2.270903207040792,48.84372223476522,7504,83.60597270851115,3,10257.726066885674,171.43211658009298,,0,908344.0
2.4049800481612285,48.88050101902707,75016,87.8119600104612,4,9678.120674588112,166.44857983581954,,1,514507.0
2.2302006608304428,48.8292351663613,75015,133.1181278393286,3,9813.040070612808,37.80572889510847,,3,867606.0
2.2867602353907106,48.849327742490416,75014,102.18448033070516,6,10062.666974334055,143.8704418330516,,2,1391741.0
2.3353440921970967,48.89869123355866,75019,77.00921008086075,1,9910.289427293848,450.95859974759946,,2,732799.0
2.248401822125529,48.87224538955503,7500,81.7639181932276,6,9981.88888607979,111.75283164066316,,0,1145681.0
2.3164866739390355,48.84611683643569,7508,82.12999152560413,6,9848.31703220121,218.55771294260344,,2,872556.0
2.370307735269197,48.83385294422731,7504,41.355998242776,5,10257.726066885674,349.92563587754006,,2,487071.0
2.261959370603825,48.87011172004186,75019,82.65689480295359,4,9910.289427293848,458.0984642194445,,1,1162358.0
2.337024026630504,48.85248148258224,75017,71.04907972503271,5,9899.474939437398,236.29549948834915,,2,433057.0
2.378630167586476,48.87017207070426,7503,123.63249230110551,5,9983.017238897526,493.1777050930879,,1,1309338.0
2.3707700438745296,48.88304766163228,7508,141.52800045794186,4,9848.31703220121,52.9801130532084,,0,984867.0
2.4014987909720897,48.881474322434606,75017,78.00960849300125,6,9899.474939437398,379.7301210961325,,1,829414.0
2.470244608728553,48.83302398217541,7507,125.09920005152084,1,10160.7203358053,258.14508829826354,,2,1368100.0
2.442426098292687,48.89368221178089,7503,129.55232427561197,5,9983.017238897526,442.582499359138,,1,1194036.0
2.41109860213598,48.84746595180844,7502,93.32920380402383,6,9569.91693818043,389.67028816881447,,1,1075663.0
2.269332747934382,48.85825372687039,7501,84.48180047493229,6,10006.394372127985,472.2520264939367,,3,1024301.0
2.451437599458767,48.813251183178814,75017,102.75875147773752,4,9899.474939437398,393.4807404698387,,3,1399406.0
2.306596572037763,48.87892357045449,7501,144.06939169314572,3,10006.394372127985,132.06634178530734,,2,1665340.0
2.445119893816117,48.8532553446904,7502,98.16319746874156,6,9569.91693818043,276.6428118016665,,0,1361155.0
2.4162234597600154,48.83275180680465,7503,50.09750414384469,2,9983.017238897526,147.95801733743954,,0,393169.0
2.259711617578336,48.87470032451691,75018,107.42766697532907,6,9846.536214329111,387.0227056813568,,1,1211437.0
2.4409294236609065,48.85712564110916,75011,63.62296153928959,1,10149.03143443424,94.41410106419649,,3,627750.0
2.388788815468044,48.83561290093979,75019,92.93652080726868,3,9910.289427293848,496.8297234123485,,0,756289.0
2.2589481872646986,48.890051374989554,7509,66.9675217386021,3,9775.064380528089,75.35016216135854,,0,561881.0
2.465682397976554,48.89634967013511,7509,72.84586931005654,5,9775.064380528089,475.0647032808342,,0,629254.0
2.320755097603401,48.85516259513613,7506,40.9713483059537,2,9841.359840436731,453.3431383833439,,0,593489.0
2.4035145197764525,48.87577758291594,7508,149.98585845484763,1,9848.31703220121,437.74666366305297,,3,1405782.0
2.2371403321539023,48.879084012692445,75012,46.70985213529789,2,9935.066867676536,316.3049124372308,,3,670610.0
2.357356522698619,48.843195584334495,7509,56.22604871514577,3,9775.064380528089,410.5532486184195,,2,579638.0
2.3039368924970187,48.816346116001206,75017,71.89117406375621,1,9899.474939437398,54.06857869565728,,1,894686.0
2.4670079926569,48.89582945637418,75013,39.3267542170682,1,10190.767780889602,396.176637697761,,0,430981.0
2.4367023927869904,48.84173623623402,7508,64.1819809317831,4,9848.31703220121,106.62142455353973,,3,435445.0
2.372920210036664,48.89086023208096,75010,124.34184462469808,2,9903.611678623716,97.67218034444448,,2,825802.0
2.2901017369926686,48.897246344343344,75016,87.1979053394644,4,9678.120674588112,48.3761111586176,,1,800962.0
2.412989792628669,48.84186592666858,75016,116.01200872573224,6,9678.120674588112,424.9759131630407,,0,645000.0
2.318720524539146,48.82375955195808,75011,140.08908756323112,6,10149.03143443424,189.60435306897705,,3,852284.0
2.2444153142509724,48.89513003096106,7505,108.75741680632902,3,9974.4015549417,360.3544859375559,,0,1423740.0
2.284051775572992,48.86061945700823,7503,111.92553731353078,6,9983.017238897526,161.47855809625648,,1,1423018.0
2.279809407988084,48.89222561823106,75018,106.25920399354663,3,9846.536214329111,89.3447097596496,,1,694633.0
2.2471596169974126,48.84165447866364,75017,49.66947942603544,4,9899.474939437398,300.5389662174523,,1,539876.0
2.423101055001984,48.849247756757,7508,54.28119161091496,4,9848.31703220121,484.42842536860434,,3,632462.0
2.4030690641719064,48.83893643058478,75013,84.45212027583105,2,10190.767780889602,204.2855395888748,,1,829051.0
2.322477027701684,48.81186657866161,75011,44.85021745732247,2,10149.03143443424,168.76427283587378,,2,746373.0
2.244347167218563,48.83812447351541,75011,47.61128451675603,2,10149.03143443424,86.48056726749732,,3,641937.0
2.477802673783992,48.83779779490383,7501,92.60608319364565,2,10006.394372127985,330.22444097211945,,1,673267.0
2.301616721293875,48.86056474796638,75017,101.37338337007492,3,9899.474939437398,91.11445010522682,,3,899251.0
2.396076611977906,48.822981066495366,7504,47.29805049698354,4,10257.726066885674,237.77687908596212,,1,430301.0
2.3763570117875727,48.86092717470489,7502,82.36281359586906,4,9569.91693818043,135.09410919195835,,1,1013654.0
2.3878028785151093,48.84838139176552,75018,41.5651469339999,2,9846.536214329111,233.826459862194,,1,587859.0
2.418663578286356,48.81758002064653,7504,84.53908840712919,2,10257.726066885674,331.76050444528124,,3,571242.0
2.344196143683327,48.896146856984174,75010,104.21510292771224,5,9903.611678623716,407.68562773139,,0,1198849.0
2.270116905129361,48.86021813777913,7505,98.44777487000148,4,9974.4015549417,294.27122802044124,,0,1227348.0
2.253078814749706,48.89196967219313,75015,51.8419053854356,3,9813.040070612808,255.4357785770487,,2,381084.0
2.2547851875696723,48.86715391351041,75013,128.2916939113326,5,10190.767780889602,265.60446408008613,,0,974525.0
2.297863475126806,48.8575299146866,7505,129.5786810769343,2,9974.4015549417,67.00911773840858,,1,1654513.0
2.2906390324830173,48.83610034807892,75012,76.50391306894487,4,9935.066867676536,193.14925573588383,,3,794232.0
2.412297088366316,48.878421727653816,7506,41.5299763933272,4,9841.359840436731,294.56233467857203,,2,317623.0
2.3637408137856464,48.86918324226731,75016,102.55090382448437,3,9678.120674588112,499.1423507383993,,2,859216.0
2.3204874458892006,48.865703916348,75012,84.63405415701826,1,9935.066867676536,348.37897036589214,,0,841114.0
2.4406256965241515,48.84033562850094,75017,72.89923822772145,4,9899.474939437398,319.7124547459979,,2,595649.0
2.371155130479437,48.83579240988553,7500,59.71685947209407,6,9981.88888607979,109.44595634289108,,3,713372.0
2.292177091941887,48.82135610375666,75018,82.99839695766315,3,9846.536214329111,50.69728201427931,,1,933832.0
2.39838926825111,48.885377554845086,7506,35.625521066650975,5,9841.359840436731,290.807064698647,,3,463718.0
2.238895051701529,48.81466513930273,75016,120.1570522661698,1,9678.120674588112,472.2826132851738,,1,904858.0
2.269250044826763,48.84698395410528,7507,140.09977251900375,1,10160.7203358053,42.38055332144478,,1,1408462.0
2.2532385782697086,48.87741133557286,75017,37.99778723737976,5,9899.474939437398,122.74029359358494,,1,522991.0
2.478242615199709,48.86032868398431,75013,48.49567014389473,1,10190.767780889602,260.8484931720188,,3,552809.0
2.364462728466595,48.821847549319365,7506,64.98725008550845,1,9841.359840436731,305.8649781787757,,1,422850.0
2.417866275947432,48.84861615555183,75011,50.40510327981298,3,10149.03143443424,224.93237155217523,,1,588165.0
2.259451157155762,48.88332491303935,75015,142.87367494349354,4,9813.040070612808,399.8782277115546,,2,1463043.0
2.4084617546125595,48.84546760149992,75019,93.88724875614987,4,9910.289427293848,356.41295112835314,,3,1138009.0
2.462379627969672,48.8494774118044,75018,57.907168206830754,1,9846.536214329111,59.95397264863278,,0,780290.0
2.3263492526443605,48.814032567949454,7509,47.696773950141306,1,9775.064380528089,303.5294988758812,,3,446790.0
2.377048013786073,48.82831807001262,7503,110.28153200163118,5,9983.017238897526,252.5533064219721,,3,1301209.0
2.294939750606748,48.894957728261616,75018,46.16232873747589,2,9846.536214329111,388.4319315149287,,2,407881.0
2.3391798201980216,48.85417462177151,7507,36.0374393321648,3,10160.7203358053,217.80966856829684,,2,311221.0
2.309505371272087,48.88814409666055,7501,73.41934587312687,4,10006.394372127985,310.545734385638,,0,875748.0
2.4561237591982765,48.81746251203531,7506,89.4351514319164,4,9841.359840436731,206.1140227052861,,3,1238010.0
2.3601378892200207,48.8577927665604,7503,116.91194849400053,4,9983.017238897526,419.03385955387927,,2,1437181.0
2.2762842566079944,48.82123787013606,7509,148.0233199966314,1,9775.064380528089,319.7710913825189,,0,1377503.0
2.3692752462150177,48.89850189782841,7500,56.35144084566915,6,9981.88888607979,449.0974651689031,,1,391485.0
2.4413173548853515,48.88054569696158,7507,139.34233536384113,2,10160.7203358053,110.02839088885224,,3,1569376.0
2.273404543600664,48.84771826359538,7506,75.63855322790215,3,9841.359840436731,285.0526770426972,,2,1080531.0
2.4504760228220013,48.86172230645239,7506,130.1155027906957,4,9841.359840436731,213.58631716551025,,0,1005389.0
2.32923812412517,48.832567525232754,7500,95.02350554673444,2,9981.88888607979,396.3685569132413,,3,574681.0
2.3958924693274373,48.84505031845719,7501,39.141519579445934,6,10006.394372127985,255.8057267618191,,3,549143.0
2.325708434932529,48.88483647495429,75018,102.27686353287116,3,9846.536214329111,56.83688330136713,,0,743908.0
2.3447400813608525,48.89353195141837,75018,58.061643117565744,1,9846.536214329111,282.9424608395698,,0,373964.0
2.274351895371641,48.83863665633106,7501,89.8318020645208,5,10006.394372127985,495.55400308127525,,2,1243721.0
2.455105951653709,48.839680785727325,75011,52.63205647693458,5,10149.03143443424,147.2021646421143,,0,724517.0
2.286847820040347,48.81989085406609,7509,126.53218852254686,3,9775.064380528089,54.0268645598354,,1,1524588.0
2.309787525843689,48.88794955340354,7500,84.54367300894424,6,9981.88888607979,316.72631756403695,,1,1242922.0
2.2973892711456525,48.8231978849056,7500,127.75430689864724,6,9981.88888607979,377.8451000572326,,3,1492851.0
2.396594654258153,48.826891476857455,75014,86.47869501177499,4,10062.666974334055,306.9553764716754,,1,1192565.0
2.4107379142279286,48.829119014226166,75012,51.45495901451742,3,9935.066867676536,156.03726804127157,,2,418245.0
2.2243026225782203,48.84436652124617,7502,81.49187674693334,6,9569.91693818043,194.30293162452787,,3,809350.0
2.310908892190724,48.8567117989829,7504,40.587699610076285,2,10257.726066885674,327.3378089474403,,0,328048.0
2.288656289054739,48.87287085385192,75012,56.133160754829696,5,9935.066867676536,261.512476636264,,3,495250.0
2.268259720427414,48.880929616504986,7503,72.38181009188023,5,9983.017238897526,390.2936174556696,,2,733319.0
2.314745236727572,48.84621817908847,75017,45.98932324587619,2,9899.474939437398,277.8810801767717,,0,434046.0
2.328142537767925,48.88206737245792,7508,75.37892968168427,6,9848.31703220121,492.5126296028698,,1,431111.0
2.252171835479841,48.8490968510039,75019,99.52362584435032,3,9910.289427293848,184.240756959053,,2,1079443.0
2.3450303754810267,48.847280825878144,7506,39.78291280209098,6,9841.359840436731,108.65934116329572,,3,257564.0
2.357013798329853,48.81421558732648,75010,110.77230029840275,1,9903.611678623716,279.0368540571474,,0,1494075.0
2.297788300400318,48.81951400256625,75016,147.8080014663394,4,9678.120674588112,437.7574307862349,,3,1557399.0
2.423424614527682,48.890644782927424,75010,116.41626730950271,4,9903.611678623716,354.5015554322956,,0,1503350.0
2.336615861792256,48.82022833506102,75012,78.77541495366606,2,9935.066867676536,456.6881719936145,,3,659328.0
2.311422580752964,48.83290964720093,7503,136.8698567309591,6,9983.017238897526,438.4025153730035,,3,1415718.0
2.2847698155102063,48.88988704923375,7500,89.17020683954193,1,9981.88888607979,409.7317452274803,,1,663550.0
2.269100595680133,48.878812513893806,7507,79.18031517371315,5,10160.7203358053,37.6222545161364,,0,1199247.0
2.430008365497212,48.8737793919806,75016,47.52107053465005,5,9678.120674588112,391.01786568794506,,3,735313.0
2.3038071124586947,48.82786587279885,7502,87.90070944605316,3,9569.91693818043,313.30943575396725,,2,905036.0
2.3416294834675626,48.81905026849564,7505,83.4919255878502,3,9974.4015549417,98.2075072826133,,1,669806.0
2.2854938364181967,48.89605129240275,75011,85.18175213229222,1,10149.03143443424,226.10276883746823,,2,1181271.0
2.4143566107802905,48.83296223390749,75018,54.49202013390952,1,9846.536214329111,330.38129632556,,1,319734.0
2.2454521462184047,48.83916082280562,7502,46.56654341075321,6,9569.91693818043,436.00135252414566,,2,466817.0
2.4589927157281823,48.86353691605763,75014,68.58578566669779,4,10062.666974334055,93.15013724635958,,0,435877.0
2.317508929742369,48.84296380913288,75012,77.14880665519107,3,9935.066867676536,266.52729168858207,,3,1118051.0
2.341720496178467,48.85080600378031,7506,49.82598497858617,4,9841.359840436731,38.68376127755545,,0,666646.0
2.325983496775159,48.831137058498406,7505,86.02897288188674,4,9974.4015549417,424.67184766213023,,2,780811.0
2.3004616756514147,48.88388654405018,7500,41.330950511096994,3,9981.88888607979,279.3375326543256,,3,574943.0
2.252485118927315,48.83914717301072,75010,110.28685885583268,6,9903.611678623716,202.9854862828924,,3,658957.0
2.4318143507393577,48.84986787924823,7505,106.73471832329078,3,9974.4015549417,354.77699649353684,,3,835464.0
2.3457736033692447,48.82092043387131,7502,146.81117138819914,4,9569.91693818043,250.29321020656823,,3,1226588.0
2.3211949692098783,48.86080307485146,75017,85.34149717608072,2,9899.474939437398,119.22252689310902,,3,1031806.0
2.400045029484612,48.878769257018845,7506,53.32604045304116,3,9841.359840436731,291.7183657668811,,0,455950.0
2.225015736732688,48.85866386652151,75014,92.43600291731146,4,10062.666974334055,296.0436915042211,,3,1003541.0
2.331278444743723,48.81040212986378,75015,114.77500423041047,1,9813.040070612808,43.81358776660934,,3,730717.0
2.454856966437833,48.869347254778006,7503,114.18808281212874,3,9983.017238897526,113.76868151404238,,2,1663335.0
2.280087860708917,48.81997330806376,7501,79.69773176754887,1,10006.394372127985,105.58722172637522,,3,971302.0
2.388620209346243,48.869844748668754,75014,75.22403515119966,6,10062.666974334055,271.9562718584418,,2,1022137.0
2.3817569475982463,48.81923541397605,7507,56.97392961398076,6,10160.7203358053,378.33446504920846,,0,379609.0
2.24596578967833,48.82291510132674,75010,69.03849327225018,3,9903.611678623716,434.7455799268884,,2,959587.0
2.387910877092833,48.86613753667834,7505,74.65161546604253,1,9974.4015549417,139.32250987597558,,0,861845.0
2.3186605001413363,48.834462715708256,75011,56.278976805713455,4,10149.03143443424,48.875626819020034,,2,358406.0
2.411804681509731,48.84521268752996,7501,120.32341245238574,2,10006.394372127985,239.64030717823692,,1,1538577.0
2.297175467593444,48.879360454391055,7500,104.467011922344,5,9981.88888607979,486.6783516051257,,3,1325057.0
2.281162997859676,48.867317823934656,75016,145.40069039492602,5,9678.120674588112,56.53751361490018,,3,1245908.0
2.393884593745679,48.86549390204091,7509,100.96895859300255,1,9775.064380528089,423.5135387584029,,3,682853.0
2.439234703855093,48.88993283693588,75017,57.58046483887033,6,9899.474939437398,248.88261193024337,,2,571512.0
2.3485586625537294,48.855440649249424,7501,55.64040167375394,4,10006.394372127985,43.351591617972616,,1,462832.0
2.4433727234132574,48.83963400767912,7502,46.24684773723423,5,9569.91693818043,409.7027366157541,,1,653118.0
2.4502196567924632,48.82798938945432,7502,94.12830181295548,5,9569.91693818043,380.58921660028017,,2,1382857.0
2.2870351116697583,48.88617718735756,75012,101.67497622809894,5,9935.066867676536,46.03627496086885,,3,1215775.0
2.333748537423588,48.865824989001744,75010,43.26480602116051,2,9903.611678623716,92.79009445065816,,2,560662.0
2.3112430530052874,48.810209029764735,75015,54.03432878127636,1,9813.040070612808,170.20398210296617,,1,393709.0
2.267288143398502,48.814942643310125,75013,67.58178312021622,1,10190.767780889602,98.16120720140728,,0,1030339.0
2.381447575836748,48.839490632011554,75013,91.6338401019328,4,10190.767780889602,58.1020287865428,,3,1097330.0
2.412513225223046,48.87912373242288,75018,70.52284134897523,6,9846.536214329111,279.82542623473466,,0,847306.0
2.2877675360811143,48.841364285180845,75013,50.653154391507776,5,10190.767780889602,232.6311112853516,,2,644823.0
2.3565998190303974,48.88920769802408,75016,81.07615867647685,3,9678.120674588112,472.8575025502704,,2,677501.0
2.2504494409342364,48.854478906963344,7508,57.67401265515299,3,9848.31703220121,433.0095826580074,,3,582066.0
2.2208296560848786,48.86456179226414,7505,142.64706546236616,2,9974.4015549417,154.1180114595467,,2,1335879.0
2.358289365182166,48.81620414386155,75016,121.04096961205994,4,9678.120674588112,193.54240155154264,,1,894607.0
2.3027427592345204,48.88217597941807,75018,113.02012391295126,3,9846.536214329111,424.16705905063714,,1,1135173.0
2.351426355117791,48.81698115946448,7505,63.80675376057464,5,9974.4015549417,59.21195403515729,,3,452345.0
2.3328786679379148,48.827011840964346,7504,72.11307704180163,1,10257.726066885674,339.7980965109567,,1,476761.0
2.22050968504175,48.82778160937151,75016,78.52910082710311,6,9678.120674588112,428.1533773175712,,2,945748.0
2.3081223515172526,48.82435233701455,75017,44.98057831544672,5,9899.474939437398,452.3244361592064,,2,584957.0
2.300268058206712,48.88134402582392,75013,114.20639471799392,4,10190.767780889602,443.805187088572,,3,1158978.0
2.342226054815052,48.87660163726546,75010,132.56541512626487,5,9903.611678623716,494.539559335453,,3,964690.0
2.325150037380794,48.87895383255029,7500,52.85578730395581,2,9981.88888607979,136.24943020373735,,0,382121.0
2.3961613457967657,48.81387324222037,75011,118.44678596322498,1,10149.03143443424,149.46204731476234,,1,1251559.0
2.322157159536556,48.85686677541701,75014,126.82387656935124,4,10062.666974334055,471.018801159766,,2,1535998.0
2.265662862463289,48.859378005175095,7502,110.24604354633036,4,9569.91693818043,134.80054172423047,,1,710574.0
2.233849074347403,48.89541987183922,7500,35.537003206016195,3,9981.88888607979,108.00278081644322,,2,501461.0
2.242453045134756,48.8442899172983,7502,113.3818410867968,1,9569.91693818043,464.784999091767,,1,699991.0
2.363777854987064,48.867780393005454,7500,72.62159370133796,4,9981.88888607979,357.6104019011712,,2,924671.0
2.2234802489352417,48.81058996807646,7505,146.53360040173536,3,9974.4015549417,467.9393766353057,,2,1519327.0
2.4198420813336265,48.84749610276275,7500,54.16754175026078,3,9981.88888607979,443.46763969438456,,0,364053.0
2.3036385306774725,48.83399450591613,75010,48.85743695140471,1,9903.611678623716,199.9914243683698,,0,475227.0
2.303980497360207,48.85610391992568,7508,44.88529387285162,2,9848.31703220121,425.0965958360516,,0,277688.0
2.4374733491156872,48.82114888996576,75017,138.12731193496575,4,9899.474939437398,70.25006400236083,,2,860334.0
2.4614694133286807,48.868449475443015,75019,107.37550668812727,5,9910.289427293848,211.84196285982785,,2,1467370.0
2.36129120234481,48.81752590053926,75013,85.23118536542171,5,10190.767780889602,242.4846736516391,,2,992523.0
2.378186202164274,48.81282752146556,75010,56.14589032906274,1,9903.611678623716,283.76671498013417,,2,799012.0
2.409046723425544,48.89886274936693,7506,102.78629034640004,5,9841.359840436731,423.1000517086793,,0,844179.0
2.370811433531174,48.89838756885358,7501,56.81444178859016,6,10006.394372127985,207.20246251179177,,2,816016.0
2.264365610642499,48.81214298461157,7508,141.17148577167518,4,9848.31703220121,219.9079576625706,,0,1092898.0
2.229266726809034,48.8681945360992,75019,145.29636548948918,5,9910.289427293848,273.7531830353374,,2,907318.0
2.319268813357552,48.85718566289256,75017,38.71515046805055,6,9899.474939437398,489.05053490188095,,0,336439.0
2.227582642153289,48.82941585048864,75016,116.03695255239116,6,9678.120674588112,498.066506266216,,0,800057.0
2.433531439038733,48.87274744651953,7505,42.46659305518937,3,9974.4015549417,60.462218443907744,,2,563923.0
2.379269924852351,48.88565013103494,7508,47.739440723444126,2,9848.31703220121,470.2227006962835,,0,454787.0
2.350198385006641,48.82653810784208,75016,43.95530049616838,4,9678.120674588112,118.6424370898998,,0,294635.0
2.456972414859296,48.85684603207595,75019,100.35630911838837,2,9910.289427293848,372.3527109386887,,1,737689.0
2.4257057374828825,48.82720479349428,75011,145.4319879852425,5,10149.03143443424,61.38067032628209,,0,1397824.0
2.370261600096495,48.863763372203344,7500,61.14641283216362,4,9981.88888607979,363.8722443129391,,2,884790.0
2.38440648209794,48.89158989683504,7509,86.80696933453612,4,9775.064380528089,458.7610855118565,,1,709095.0
2.226926760240525,48.83423076651591,75014,42.65113862605803,1,10062.666974334055,345.3598965292896,,2,422867.0
2.333760641448276,48.88997048489914,7507,38.785478878950215,5,10160.7203358053,332.03646346734286,,3,297286.0
2.454024487709656,48.889684517194745,75017,87.45768003987692,5,9899.474939437398,56.9515566587296,,3,855904.0
2.400916989787141,48.883255418590174,7502,138.2601006043829,2,9569.91693818043,343.09142019273963,,0,1476831.0
2.452957071928459,48.884326129191855,7501,69.46261958396695,6,10006.394372127985,477.1270730991029,,3,922187.0
2.395699883662646,48.83761070847376,75012,118.97764727841728,4,9935.066867676536,160.04419659997572,,3,1399284.0
2.2492802161098244,48.84821257209468,75018,144.78911017626234,2,9846.536214329111,442.1019415322427,,3,1615791.0
2.3000430861712347,48.87925578318738,75018,56.15798185964356,3,9846.536214329111,466.4156596047756,,2,802357.0
2.434140746092742,48.84335306271237,7501,146.98045701255154,6,10006.394372127985,163.01869112394405,,3,1045763.0
2.226476947541042,48.85482378221187,7509,83.24338741755088,5,9775.064380528089,477.32568178517545,,0,612609.0
2.311086911869608,48.842159736959765,75015,104.40630444201685,1,9813.040070612808,305.66829166046955,,0,578092.0
2.3604429602099746,48.889273968484986,7504,100.21517992651026,1,10257.726066885674,119.80238915213924,,0,957361.0
2.260409499728962,48.87613488339363,75016,62.82129092981231,6,9678.120674588112,453.3337237191657,,3,606088.0
2.3393874143376383,48.869248442567866,7504,134.47296143370562,4,10257.726066885674,389.30124580359495,,0,1260608.0
2.406518645058356,48.896522645454056,7508,142.18910953824007,4,9848.31703220121,233.2394179358749,,0,1497170.0
2.434571625940105,48.85872793899633,75012,137.36256105982716,6,9935.066867676536,442.79799730113695,,0,1136321.0
2.436485792621852,48.86111805647669,75017,51.47657107513733,4,9899.474939437398,168.540777925875,,3,394987.0
2.374037857241948,48.85262951101759,7509,82.00054806040515,3,9775.064380528089,446.55302291570285,,0,589523.0
2.408035304880636,48.86580087668816,75012,83.72276964217073,6,9935.066867676536,91.4118520069514,,1,584690.0
2.324119493837165,48.85844353560686,7505,136.05520747237915,1,9974.4015549417,70.27609702283902,,0,861741.0
2.3370047242147898,48.83427524588543,75016,148.191789124637,1,9678.120674588112,37.70940805370253,,0,974662.0
2.227875496197992,48.89079296976603,75012,64.0700893018011,6,9935.066867676536,176.92104790268743,,1,903687.0
2.2435655681816726,48.81690227118555,75010,95.90279599466854,4,9903.611678623716,185.36817586883572,,1,743306.0
2.29988265482017,48.88574650075484,7504,41.42655439465247,3,10257.726066885674,102.89247746299758,,0,381436.0
2.401214095514794,48.8638304580288,7507,118.0985739723805,3,10160.7203358053,233.9458311202648,,2,973329.0
2.460331156433271,48.8121975802794,75015,98.70521651187468,3,9813.040070612808,212.43053718383692,,2,571728.0
2.3374181555983573,48.88600769354144,75016,80.08164264336185,2,9678.120674588112,295.2928284617325,,1,730054.0
2.280376716031177,48.83524466477871,75012,38.32215586103323,6,9935.066867676536,427.8180625966444,,1,377709.0
2.3087171519440703,48.869005289040686,75013,97.2901360009037,2,10190.767780889602,451.0426330448892,,2,704130.0
2.341266818100177,48.84145758102696,75011,62.61166087248808,4,10149.03143443424,262.486456850138,,2,611676.0
2.2719465363923,48.82389575885617,7501,80.89721419781847,6,10006.394372127985,329.1238384534438,,0,1052031.0
2.3414098017313223,48.88180280679329,75011,83.59600165683867,4,10149.03143443424,312.6587667813063,,0,1039150.0
2.3400109087598704,48.881215224003824,7500,77.34625972388433,6,9981.88888607979,250.1582625719651,,0,672502.0
2.404976683477949,48.894322155184106,75014,103.5550777813805,2,10062.666974334055,89.15191312553166,,3,813312.0
2.2305110224945013,48.86898900747293,7509,83.27318893399479,5,9775.064380528089,331.64768066205954,,1,692359.0
2.405005059557324,48.8636640601085,75019,108.53679314270576,3,9910.289427293848,165.0780940627273,,1,941586.0
2.2986654677148715,48.86139907879521,7504,52.72366580694609,5,10257.726066885674,477.15580798951424,,3,742461.0
2.3412447804267607,48.88751504622015,75013,61.76730551450101,5,10190.767780889602,266.7796768227118,,3,861437.0
2.4582146586095885,48.89282214846438,7502,107.46262253559324,1,9569.91693818043,261.92601332958304,,2,649627.0
2.346891439739269,48.89511665095916,75011,116.3860639000616,2,10149.03143443424,94.58970319724637,,0,851106.0
2.38368283740464,48.84766389459229,75010,85.2664909027493,1,9903.611678623716,477.1040129219471,,3,621220.0
2.237481535900542,48.88980179706665,7507,53.40965887316986,2,10160.7203358053,158.95709511305364,,2,500192.0
2.372469772394887,48.83197030965172,7508,62.10863353561671,4,9848.31703220121,75.02235887007647,,0,836362.0
2.3312633346298544,48.88316518359013,7500,112.47689279007928,1,9981.88888607979,238.41090624355303,,2,839609.0
2.4236793868917808,48.881271066403045,7506,117.3324790965973,1,9841.359840436731,448.2348328613706,,3,1361216.0
2.315171185813868,48.82600627296086,75011,76.63991614365264,3,10149.03143443424,222.19164147077856,,1,818677.0
2.3351801045518923,48.815268230757496,75017,128.61063842404576,6,9899.474939437398,62.29176362021386,,1,1071555.0
2.4163532195222186,48.81752277299498,75015,105.55307420264516,3,9813.040070612808,417.76757762421295,,3,1378740.0
2.359632481824496,48.8992080591041,7503,54.92355786701194,4,9983.017238897526,201.44834637906672,,0,741689.0
2.446252671896353,48.85526417102757,75011,44.55443915638641,4,10149.03143443424,121.4498064789362,,2,504527.0
2.38333524016798,48.82663890994887,7501,129.1841939548469,6,10006.394372127985,71.37869720681815,,0,1534727.0
2.449913391661576,48.868096975339,7508,38.71071237056292,6,9848.31703220121,440.1377828722016,,0,403096.0
2.3689235373953137,48.81624018693549,7506,97.24425166330046,3,9841.359840436731,278.34647113562943,,1,611034.0
2.3619395214931966,48.8927492067053,7507,135.0991235060043,5,10160.7203358053,323.3645085940384,,0,1410444.0
2.327242742421993,48.89251811581486,75012,66.11776551751164,6,9935.066867676536,268.6357945507478,,3,498861.0
2.3466897926126995,48.85838117982598,75012,37.88709392423625,6,9935.066867676536,89.3258065431964,,3,429348.0
2.248385464348436,48.83894523405051,7505,115.2412951113931,5,9974.4015549417,405.9321908418173,,1,970298.0
2.233985922225382,48.84033999870316,7509,104.08483304057646,6,9775.064380528089,305.2170787762957,,1,1358144.0
2.2920959062431625,48.86547648162254,7509,94.15965462506466,5,9775.064380528089,396.2486657811283,,2,524618.0
2.220101180710284,48.865133128086136,75012,111.63038036458384,6,9935.066867676536,36.90573653276002,,3,1267814.0
2.2764566071238868,48.83252973781112,75012,81.30308708091987,2,9935.066867676536,77.12638853125787,,1,1020433.0
2.421235415497742,48.830932723433776,75014,87.4659035531343,5,10062.666974334055,110.46223106261534,,1,1103915.0
2.310130622844365,48.864666751964,75014,93.87513074284456,2,10062.666974334055,203.09437966050783,,0,1018486.0
2.236783557618458,48.860224207033696,75015,134.42090333966414,5,9813.040070612808,168.17902567215913,,1,1126136.0
2.4581399000409885,48.84913993087509,75016,107.28749322569908,1,9678.120674588112,181.455307097584,,0,833800.0
2.44849827702807,48.85055965539257,7506,44.2231751571844,1,9841.359840436731,37.23352555987461,,0,396648.0
2.2935007863919967,48.84815751176394,7501,141.81090731843238,1,10006.394372127985,453.114897764728,,2,1187618.0
2.362030867689719,48.840777709454834,75013,143.45831852866655,3,10190.767780889602,59.96114791185867,,1,1581630.0
2.272176930963062,48.81133688523416,7507,36.430502895601016,3,10160.7203358053,202.7272281968696,,2,274107.0
2.378107105259259,48.841598071622,7506,119.44338296460198,3,9841.359840436731,163.18591017254963,,1,1016344.0
2.478428517774298,48.88901930289534,7507,74.08584189166575,6,10160.7203358053,490.5057727920132,,3,602772.0
2.389900680453087,48.81930742318377,7505,129.1133737976463,4,9974.4015549417,401.5034552111388,,2,1404408.0
2.465204900131248,48.88546706217139,7500,56.83981884643431,1,9981.88888607979,81.8858970338211,,0,414913.0
2.3176902324756745,48.86508060104025,7508,56.27338957365498,1,9848.31703220121,454.3054109446744,,2,502875.0
2.3051244304798657,48.863324080036165,7506,51.57220052661151,1,9841.359840436731,150.91629764093113,,0,706344.0
2.254545291438712,48.84387227442505,75014,45.21742740161565,1,10062.666974334055,363.7088555975582,,2,348615.0
2.4593680296946347,48.86288175133766,75019,91.10250302638676,6,9910.289427293848,304.3351784809031,,3,973478.0
2.285178197408646,48.84616774968279,7509,118.5859134709324,4,9775.064380528089,497.3449132368351,,3,1575647.0
2.4047443131264634,48.87466005408673,7500,66.97145767904898,4,9981.88888607979,51.35327060303166,,2,802726.0
2.240313043917021,48.89138384207886,75012,84.50307110854703,2,9935.066867676536,120.7687128215245,,1,697126.0
2.37822627113848,48.891337761403136,7503,107.6478910259614,1,9983.017238897526,425.6862844183912,,1,1305818.0
2.297782256476135,48.83317669942817,75011,57.690584808832384,3,10149.03143443424,380.5416148503205,,2,530896.0
2.247186988736719,48.83646237932626,7505,106.18830732332448,2,9974.4015549417,286.08861852863527,,3,1518481.0
2.3678444318050005,48.85482036212186,7504,54.84076006691135,6,10257.726066885674,325.84489082472345,,2,485976.0
2.306797282204863,48.8234619425234,7509,129.8300061475683,3,9775.064380528089,340.0694088644851,,3,1003558.0
2.361528838504929,48.86101070914136,7507,98.70591339163734,6,10160.7203358053,456.4908364638962,,2,1357792.0
2.260486542909925,48.82548055450614,7503,92.3901993905292,6,9983.017238897526,269.9200576185522,,2,1187719.0
2.419101487246623,48.81363829068654,7500,145.44124590782582,5,9981.88888607979,165.55500396867978,,3,1414364.0
2.2357409560199315,48.84833312579905,75012,116.25974241543952,2,9935.066867676536,98.98595686847295,,0,1173893.0
2.322300045840304,48.8916186041274,7507,103.94129160369238,6,10160.7203358053,303.04010782501365,,2,753203.0
2.2414661339903392,48.879764833027934,7500,144.6703610641615,4,9981.88888607979,444.05282232386594,,2,1656384.0
2.2808732139808465,48.83297248632724,7502,64.35987796892277,1,9569.91693818043,338.9730893943288,,1,769380.0
2.304028956548453,48.866573528614325,75011,38.8619499727922,6,10149.03143443424,39.449725116415166,,1,245102.0
2.357500115289952,48.86599485503725,7508,124.05416340869682,3,9848.31703220121,225.59751842249912,,2,1324450.0
2.390598344200846,48.88381360732572,7501,59.65996907052415,1,10006.394372127985,66.54764884714152,,3,578444.0
2.3015513539578016,48.87442791862894,7501,119.35281881189778,4,10006.394372127985,118.08757488518792,,2,1724464.0
2.3217135108423026,48.823990848395,75011,110.21275439939492,6,10149.03143443424,161.72764746586833,,2,1007069.0
2.433043884173823,48.83215202046679,7500,100.9485011835506,2,9981.88888607979,357.39094896363747,,0,1222997.0
2.4022360964167304,48.83735436113872,7502,79.1336585761729,4,9569.91693818043,405.7565939501351,,0,1165280.0
2.453238210136539,48.88377494984734,7506,54.98683522682228,5,9841.359840436731,257.64895716874616,,0,463705.0
2.468892133352767,48.89394547807581,75018,104.8810810479804,3,9846.536214329111,49.40132645734311,,1,885797.0
2.2234231473586017,48.89478080721574,7509,75.81560069965525,5,9775.064380528089,451.5274160360104,,2,546468.0
2.224264589854465,48.89721341891092,7502,94.012268564063,4,9569.91693818043,360.2652725246002,,3,653420.0
2.3210467434773263,48.884009723236375,7508,49.80026593252955,4,9848.31703220121,372.43798438952246,,2,625706.0
2.2602418609260204,48.8918619116376,7504,96.8188295315924,3,10257.726066885674,376.572126160562,,3,942057.0
2.251049621737004,48.89937799853375,75015,62.24537705807143,2,9813.040070612808,120.08276189772474,,0,561588.0
2.3359522633165644,48.86645082354819,7509,39.151108645624696,4,9775.064380528089,145.25036207879813,,3,348550.0
2.390732121029623,48.89184908781961,7503,92.52664136970697,4,9983.017238897526,231.9367900224108,,3,1179693.0
2.227778151997906,48.89060126077768,75018,104.94127169852707,1,9846.536214329111,141.86455751326295,,2,1450996.0
2.449493520023063,48.86033699982067,7506,125.87377985762816,5,9841.359840436731,71.73024075167683,,0,1226123.0
2.220774437270252,48.84960658173331,75017,98.01829058260522,3,9899.474939437398,99.36966015709808,,1,1330759.0
2.3989998980774767,48.8868948574264,75012,88.77026133350702,1,9935.066867676536,381.00745201111584,,0,579067.0
2.425518240900864,48.867820989335854,7500,140.6529302622796,5,9981.88888607979,312.1532587580027,,3,1136664.0
2.2282451457222296,48.89506234376982,7503,55.18133693888223,1,9983.017238897526,126.3901792577322,,3,435542.0
2.393096720947854,48.8717777286931,7500,103.33075299576645,3,9981.88888607979,360.9221724952391,,0,656550.0
2.3029395427488155,48.89983799218567,7509,82.43499849127,1,9775.064380528089,270.5469635985072,,0,536535.0
2.4261199003215155,48.88910511430012,75016,70.47700686700459,2,9678.120674588112,466.2939376562167,,1,805106.0
2.257300991670704,48.81338733784634,7505,61.71384399733279,5,9974.4015549417,363.814117282054,,1,799845.0
2.285881102925773,48.86747302475561,7503,72.6526105142367,3,9983.017238897526,103.41504738050784,,3,869651.0
2.3305206560086806,48.890881222988746,7504,72.3618860132193,4,10257.726066885674,415.4987364389971,,0,1144843.0
2.22218626007662,48.83666002055486,75011,80.71819220025023,2,10149.03143443424,269.431190697791,,3,732459.0
2.384424955171759,48.897636390213286,75010,97.86343263767571,1,9903.611678623716,148.34541863084712,,1,1087717.0
2.335597653160135,48.839945409413886,7503,91.03907062747378,2,9983.017238897526,372.332452214827,,0,1057505.0
2.3787208673628064,48.86256616392899,7509,101.14043911446808,1,9775.064380528089,281.5889359837998,,3,1060052.0
2.328736219733083,48.812767926715736,75017,70.41130811886055,1,9899.474939437398,484.8727343510854,,3,685827.0
2.291616756392645,48.838503369625954,75012,133.078182395302,5,9935.066867676536,35.47561223834779,,0,1483076.0
2.412866290565982,48.86314668181324,75010,75.68769360814449,4,9903.611678623716,338.511347346032,,2,966683.0
2.3620794775270992,48.84401297105442,75012,142.0131882449018,4,9935.066867676536,155.4102766887586,,1,870081.0
2.4097557530775715,48.81927538938382,75017,115.27365619205762,5,9899.474939437398,249.06400647022096,,1,957441.0
2.370272799835962,48.87829356679145,7502,70.74799099176997,3,9569.91693818043,461.35778091930456,,0,1039763.0
2.319726596047408,48.88699896479335,7501,55.66604912363019,3,10006.394372127985,432.64060722678073,,0,493859.0
2.259794647708114,48.899777065055545,75015,78.695687995246,5,9813.040070612808,226.9537199031161,,3,600819.0
2.320404506557287,48.87427917038325,7508,77.69694097411785,5,9848.31703220121,393.9310904773791,,2,673668.0
2.2409363618771807,48.84119701619093,75011,54.38999641471625,4,10149.03143443424,466.0327604402461,,0,740579.0
2.3024805894557927,48.88583921304024,7505,83.35077440080943,6,9974.4015549417,272.2182876804807,,3,593461.0
2.410449413949997,48.81423846667865,75019,63.34158929639496,4,9910.289427293848,128.80989128182864,,2,585573.0
2.3577019150515133,48.86290962312606,75010,66.71742725378388,4,9903.611678623716,367.3776252753775,,0,441967.0
2.429630632834536,48.81054016929628,7503,72.52555691085914,4,9983.017238897526,80.82356588658399,,2,986809.0
2.470624487971496,48.84159481729515,75012,74.76282133244956,5,9935.066867676536,114.07797990415408,,0,566912.0
2.323316251457213,48.85080688149485,75010,121.31182866890164,1,9903.611678623716,294.166444823841,,2,1224714.0
2.274700332257871,48.86650179665013,75012,93.4205814096716,2,9935.066867676536,87.0488905146359,,1,1435082.0
2.4548883468556872,48.82336657267689,75011,125.57710284256537,1,10149.03143443424,240.3277850367362,,3,834017.0
2.394594173278479,48.82222663361495,75017,50.438478443166886,2,9899.474939437398,269.0267670016063,,0,395943.0
2.381919726014802,48.81442535627354,7507,44.79745149275485,4,10160.7203358053,465.043425252196,,1,326083.0
2.476167273445509,48.84067273506993,7508,147.00398921593626,1,9848.31703220121,173.60645091133708,,1,991767.0
2.2321699583350862,48.84323325330357,7507,52.60268463343188,5,10160.7203358053,442.343823393191,,2,641651.0
2.394236329949158,48.871434460594784,7505,67.13123962684458,3,9974.4015549417,457.27028037205054,,3,764233.0
2.409254981974068,48.81216595936338,7501,92.75705064756852,2,10006.394372127985,401.9297383265388,,0,669240.0
2.389882980125491,48.838003807354816,75012,100.8473718078164,6,9935.066867676536,109.8214063331887,,2,966814.0
2.2264844277771263,48.86472957426882,75019,87.56943390911965,4,9910.289427293848,112.5515878711897,,0,991688.0
2.367408235412285,48.827876622268526,75019,46.30737217993367,1,9910.289427293848,97.02696172262146,,1,455450.0
2.3966622198451195,48.8922677575028,75010,122.21791533647266,3,9903.611678623716,87.76341296954047,,1,1446415.0
2.392213607235928,48.89305416564148,75014,110.80893373712428,5,10062.666974334055,180.55125612703128,,3,1327831.0
2.2872442133778272,48.873541922360445,75011,86.83484546311018,5,10149.03143443424,414.1320303335765,,2,1219746.0
2.325358259026613,48.86627863160871,7508,69.85065810311738,5,9848.31703220121,179.30767418331865,,0,714156.0
2.4627691903169824,48.83781647558426,75015,139.8086849959864,1,9813.040070612808,338.82471585648847,,3,1700418.0
2.250084421801537,48.87683982586899,75016,134.6239244938326,4,9678.120674588112,336.7379506282855,,1,794544.0
2.3057653726116247,48.84232331698035,75018,55.049587756618166,2,9846.536214329111,388.5955445300693,,2,459391.0
2.439058504769612,48.84875487364544,7502,77.6678657196282,1,9569.91693818043,414.6752526115454,,3,1066549.0
2.361391018660012,48.83505713355342,75011,41.158366427689536,2,10149.03143443424,423.0630488708944,,1,569890.0
2.410442577929025,48.86009803378743,7504,110.5980663177492,5,10257.726066885674,201.89037677115385,,2,957334.0
2.4181797398786595,48.82122055121449,75010,148.3889417109881,2,9903.611678623716,194.49537962479616,,3,1178899.0
2.425197325533875,48.87812909781353,75018,93.38435891407316,5,9846.536214329111,408.0907492067993,,0,714366.0
2.2656207303920195,48.86799479829928,75014,63.74135194820151,6,10062.666974334055,177.24457509580324,,3,661384.0
2.409759915373193,48.81676502106493,75016,132.44646153128525,3,9678.120674588112,301.7070084885683,,3,1344978.0
2.3029440230142444,48.88729022647727,75018,95.17669954018017,6,9846.536214329111,492.9120910015533,,1,604863.0
2.455367377321028,48.88954862888729,75016,79.75602514393704,2,9678.120674588112,474.7434628497582,,1,689313.0
2.3760035038063485,48.852382212385606,75015,113.09325256524322,4,9813.040070612808,394.84779895409,,3,880895.0
2.378980696314658,48.812745826011096,7503,122.39615951930122,3,9983.017238897526,333.72678451891323,,1,1214527.0
2.4180528508937185,48.81011220806844,75010,120.44368829923388,3,9903.611678623716,476.1601299873908,,2,938109.0
2.294657813249515,48.87355522893028,75010,87.72115899829102,2,9903.611678623716,101.82230187521289,,1,937398.0
2.461629875249828,48.89436813631834,7505,51.35706749396147,6,9974.4015549417,481.6774472612431,,2,536038.0
2.249891666586761,48.827864839892335,75010,55.72957031666314,2,9903.611678623716,428.8494070418996,,1,340423.0
2.305384389009142,48.81733912583437,7501,36.84908792757923,2,10006.394372127985,492.9696719965688,,1,360549.0
2.2563472411097614,48.84631362445113,7502,133.69324037770969,2,9569.91693818043,218.8398485870556,,1,1081870.0
2.47691401816004,48.82647259822509,7504,87.0485060219828,1,10257.726066885674,140.39901157258615,,3,587865.0
2.2344186939400723,48.82378493805552,7500,129.2573335199816,4,9981.88888607979,462.09766573265625,,2,1398252.0
2.447615858466623,48.88051190161035,75019,128.06742121095965,6,9910.289427293848,131.52450944595284,,2,780128.0
2.3654907270845045,48.822479990470775,75017,105.77860553406268,4,9899.474939437398,36.75505854551773,,2,1486263.0
2.2539900588818544,48.82995420350733,7501,72.1003146911509,3,10006.394372127985,220.4848800012741,,1,803839.0
2.235103555337908,48.83491705210601,7508,93.50761780109292,3,9848.31703220121,392.9216155859818,,3,740472.0
2.428571567354865,48.82731858970601,75016,143.1029453600353,2,9678.120674588112,290.5016794533116,,2,1329932.0
2.4439466349957333,48.874548883054544,7500,85.68815504873669,1,9981.88888607979,326.2392093347068,,0,643235.0
2.4402609889748192,48.89056667354742,75018,82.64339027564637,2,9846.536214329111,44.62906981144598,,1,1312484.0
2.278992062853078,48.82757903587331,75012,97.94828729969343,3,9935.066867676536,203.8733479792264,,3,1031642.0
2.3654615753871244,48.83032463113451,7502,127.08696858659457,1,9569.91693818043,340.7856786799781,,2,1222132.0
2.3933829198521046,48.85661533492866,75018,86.99410696665316,5,9846.536214329111,141.79765217010168,,1,592946.0
2.3926703366640583,48.83443088397373,7504,39.78060767860389,6,10257.726066885674,329.36455590116736,,1,385870.0
2.371571401311262,48.896687382440085,7508,105.62604918830816,5,9848.31703220121,457.47276728813466,,3,1275567.0
2.370197011142061,48.89943705478752,7509,137.20592820911668,2,9775.064380528089,168.4761891369067,,3,1479924.0
2.433709186301233,48.865496768148674,7500,146.48940291382706,4,9981.88888607979,333.57822027866297,,2,870491.0
2.4666114276861286,48.8810828033835,7506,119.1605874963622,5,9841.359840436731,482.485145870633,,1,835017.0
2.424329165847111,48.84928956979749,75017,57.32212280626273,6,9899.474939437398,45.82838680328878,,1,680481.0
2.428767471012306,48.86297084214578,7504,39.16434355302149,4,10257.726066885674,93.5324132079817,,3,336184.0
2.3963527532978866,48.81673295117093,7500,43.23324426089995,4,9981.88888607979,266.59632949283963,,3,553537.0
2.4040785354534107,48.840065744497714,7509,110.17097345598108,1,9775.064380528089,218.5461944594335,,1,915247.0
2.359084173842458,48.88818404343272,7500,123.7111021041532,1,9981.88888607979,73.31972142677336,,2,1396685.0
2.3471645510389383,48.84472834271599,75016,103.81516933892368,2,9678.120674588112,268.45278159935214,,0,1156024.0
2.2962780043829443,48.89001085892441,7506,90.25619012317958,5,9841.359840436731,396.5193316379717,,3,534732.0
2.3156019770677903,48.87123523722451,75012,37.40363635781427,5,9935.066867676536,373.6690701556647,,0,227233.0
2.316391796257158,48.810416605357794,7500,87.26329508690426,5,9981.88888607979,328.21862077635046,,1,736480.0
2.461564446413873,48.86797142829636,75011,95.0336656726045,2,10149.03143443424,130.67820608751,,1,707209.0
2.461476717817733,48.81428407138533,7507,106.71223491322137,3,10160.7203358053,164.22155339143973,,0,724506.0
2.413955828254124,48.83145534690932,7501,140.25849681098472,2,10006.394372127985,370.08284517447663,,1,1233538.0
2.4113956380217374,48.8936334799015,75017,129.8436475928812,1,9899.474939437398,191.557813037824,,0,1285707.0
2.2717948292329484,48.88873788987942,7505,139.80615573379066,2,9974.4015549417,74.42854298612683,,2,1028749.0
2.368191854985581,48.82589515587838,75010,42.97536556281784,4,9903.611678623716,277.78722286632075,,0,612189.0
2.237089123588067,48.858236683102014,75015,38.313412812681634,1,9813.040070612808,195.2335002168253,,1,525665.0
2.46338448008134,48.8549157290649,7503,102.82641251072071,3,9983.017238897526,68.51091898398923,,0,1049156.0
2.324093572481478,48.87966209352023,75014,38.96378695224902,3,10062.666974334055,276.7756710731072,,2,455728.0
2.3874562581313743,48.85161100952129,75010,45.91644257218165,2,9903.611678623716,352.78108755588454,,2,676525.0
2.266124604086097,48.88369636990606,7505,89.48272084257955,2,9974.4015549417,287.7981769538593,,0,1059097.0
2.438389374817324,48.84357602820459,7501,43.22353957488415,2,10006.394372127985,129.49499523984144,,3,259541.0
2.248373298754746,48.8267824307722,7504,47.7401933801231,5,10257.726066885674,73.64347216667454,,1,718310.0
2.3722851777799328,48.81344756971121,7503,123.00589106562524,4,9983.017238897526,189.17394094973585,,2,1078848.0
2.335312061225161,48.84034854708291,7505,36.68472946744819,2,9974.4015549417,426.1974529841816,,1,424379.0
2.404444714871222,48.816542918299525,75013,109.15738603906688,5,10190.767780889602,222.8995923709828,,0,1012254.0
2.2876648302879348,48.862775308648665,75010,101.71427052072984,2,9903.611678623716,52.45044664759224,,2,1480286.0
2.3159314903111707,48.8517627872904,75017,92.53968905093656,2,9899.474939437398,151.80767280009218,,1,1152107.0
2.265216910201806,48.84579349479664,7507,90.8313897138816,4,10160.7203358053,455.53895243495305,,3,961104.0
2.3441546075088624,48.88995018376424,7503,106.0802528088554,6,9983.017238897526,452.3077115856869,,3,707883.0
2.4586451219807537,48.88596907010841,75018,69.50805874560916,6,9846.536214329111,44.97226101226504,,3,638644.0
2.3353171647688784,48.86584346287051,75013,147.20461770587946,2,10190.767780889602,386.5310218380376,,0,929652.0
2.440030583367606,48.88410610705587,75011,117.31527373108683,6,10149.03143443424,396.8542530901984,,0,1433522.0
2.296190312082276,48.81780535772395,7502,35.94133811649844,4,9569.91693818043,313.47013585900544,,3,262056.0
2.4691038583906137,48.88749801108191,75016,51.00666862122707,1,9678.120674588112,45.35597355857436,,3,666008.0
2.388755401188656,48.84909463740593,7501,86.62418392041405,6,10006.394372127985,263.7141438649241,,1,557697.0
2.474452897867664,48.85021195095846,7507,63.14031270546855,2,10160.7203358053,452.87411475615545,,1,801471.0
2.4101647272658577,48.835424323466,7503,83.9635972749227,5,9983.017238897526,234.34837152970425,,0,1060020.0
2.459948539785647,48.88953955050308,75012,125.95499277989305,4,9935.066867676536,488.6689203671343,,1,1522361.0
2.243219700244803,48.85220888233179,75016,68.74864168653616,1,9678.120674588112,379.2660361748635,,2,751217.0
2.3112920642263206,48.89492875741087,7507,47.74940302597239,5,10160.7203358053,277.31118621855256,,1,499361.0
2.362352733484516,48.858608350892666,7509,84.71622991014702,1,9775.064380528089,73.21016150109409,,3,1098502.0
2.2376728781745725,48.8263583285694,7506,63.26034027631601,1,9841.359840436731,434.1674852030659,,1,634841.0
2.3523877401466025,48.85269313127968,7505,47.95284345111439,2,9974.4015549417,430.0003585630371,,2,310037.0
2.4075645603750813,48.81894453493228,7502,138.93735696532644,4,9569.91693818043,340.4849792546163,,3,980213.0
2.3279838758217024,48.82125690479492,7503,65.32279231558371,3,9983.017238897526,53.88850649066177,,2,726123.0
2.393955856308468,48.83862655974994,75018,126.80357804044858,3,9846.536214329111,414.01812607020656,,0,794975.0
2.457754597337148,48.81689282308198,7502,121.4908880704879,6,9569.91693818043,448.2667375097706,,0,880953.0
2.4428377436831443,48.898658235021976,7503,83.99626536999628,2,9983.017238897526,348.6186797601562,,3,876910.0
2.224772810843726,48.85789974746974,7507,117.730639789225,1,10160.7203358053,281.3005605415528,,3,1406027.0
2.386859943565652,48.83068886231241,7506,69.54713829819536,6,9841.359840436731,328.27085433269326,,1,443648.0
2.387767532445126,48.89373397136168,75018,86.2966438346088,5,9846.536214329111,116.0392605364732,,3,1245338.0
2.350121710669433,48.85635395297495,7506,95.49883260832232,1,9841.359840436731,416.7026476477299,,3,730889.0
2.4126157714066325,48.89284976628417,7505,73.51839232386685,5,9974.4015549417,250.52016368371304,,1,706306.0
2.3750426724871425,48.88439803268392,7503,63.71207852118908,5,9983.017238897526,413.2742325373888,,1,384366.0
2.282432423069405,48.87639889634846,7507,96.14703797930018,1,10160.7203358053,362.5316191874181,,1,1011978.0
2.291939881750372,48.87459479088935,7509,81.92666715765196,1,9775.064380528089,353.2461060832215,,1,1079119.0
2.338614130164752,48.81490278790477,7506,102.90104723362906,3,9841.359840436731,358.09412231689555,,2,801922.0
2.2550029914616667,48.84069752649749,75016,111.733659122683,2,9678.120674588112,143.1839874213738,,1,1324421.0
2.3231905359866047,48.86357556321591,75010,95.59427351058088,1,9903.611678623716,210.16624346613247,,0,1326972.0
2.3563386901560786,48.85351496088002,75012,71.23002767037786,4,9935.066867676536,266.6625099680917,,1,555548.0
2.359991847496701,48.85948369408118,75010,121.04838435863638,1,9903.611678623716,129.5923917831302,,0,1482393.0
2.238283830528077,48.81347087123238,75013,79.10333595020798,5,10190.767780889602,95.26040032093208,,1,1073298.0
2.384799559704577,48.86510402219341,7507,89.80115389561726,4,10160.7203358053,304.9215650142429,,2,1226965.0
2.4480902988978546,48.88264946448094,7509,79.96611565428097,5,9775.064380528089,372.8716416017925,,2,686319.0
2.3704153532827723,48.82708457223303,75018,104.45909370691892,4,9846.536214329111,191.0199386208162,,1,1093037.0
2.2508798743601903,48.85357939853558,7500,59.01064847227288,4,9981.88888607979,398.6890964110689,,0,489933.0
2.467524602565558,48.85987059874463,7504,68.70808143425535,2,10257.726066885674,450.7980621570754,,2,869451.0
2.4389723670487324,48.8486357290507,7509,78.41446584319262,1,9775.064380528089,239.35239063876483,,1,834671.0
2.4473223888720144,48.84060711390762,7503,40.11315985728313,6,9983.017238897526,288.94749693628387,,0,439694.0
2.245743831649833,48.84939728534004,75017,147.1559310139993,2,9899.474939437398,81.91735476761198,,1,832183.0
2.3717780811427187,48.88266811886508,75014,95.87964115113776,2,10062.666974334055,244.6377317058995,,1,1380423.0
2.2652762934989186,48.87625074083776,7507,110.2901455210368,3,10160.7203358053,198.1951700898278,,0,969999.0
2.4278770905937583,48.86862462568101,7508,108.49723123519485,2,9848.31703220121,296.1782246056416,,1,1563144.0
2.329899998599417,48.844567597783815,7505,69.43301984489753,1,9974.4015549417,115.86242866195728,,2,925989.0
2.369499948262774,48.88014602809899,75010,103.79698668248706,6,9903.611678623716,364.3721935156525,,2,728258.0
2.407531689526834,48.837370544870566,7508,101.70761420876458,2,9848.31703220121,459.5356248448612,,3,1290704.0
2.287501399703342,48.83314195859128,7509,78.37520956107578,3,9775.064380528089,166.16472555180383,,0,718043.0
2.432004580853588,48.813502080901,75010,43.17586338127441,6,9903.611678623716,61.10193001344944,,3,463343.0
2.3514985802511625,48.85740013881508,75018,84.72927780644758,6,9846.536214329111,437.95924365964,,0,548390.0
2.2291287064537184,48.83401247777138,75013,86.82463360703697,2,10190.767780889602,407.6787949180795,,2,1131282.0
2.478134311481253,48.83266228017587,75011,36.913201068214015,4,10149.03143443424,105.07242542859652,,0,427108.0
2.2645874558670425,48.8756559570716,7501,127.32588332656724,4,10006.394372127985,69.73994899021429,,3,1326135.0
2.4365167844796,48.84136038420453,7501,117.39000473605924,5,10006.394372127985,214.0969436153441,,0,1199344.0
2.293826087285033,48.82398088317741,7507,56.96489050560018,5,10160.7203358053,394.3469308368215,,3,567860.0
2.341781443277819,48.84498992599757,75017,117.4997604842891,4,9899.474939437398,469.4671411141186,,2,1524613.0
2.432772131207149,48.87557336841237,75010,110.01960781127578,4,9903.611678623716,215.35525293950965,,3,1243898.0
2.2419320557914464,48.81754368060085,7508,139.6504481484611,3,9848.31703220121,311.1481050457026,,3,1342260.0
2.34526894337125,48.86935775773204,7504,57.08951047673051,4,10257.726066885674,178.07099496177045,,2,745144.0
2.407597350401818,48.8795559451877,7503,40.21354453169791,1,9983.017238897526,55.1346439092417,,0,301208.0
2.2271407784341246,48.83306065632733,7509,40.25891926415969,6,9775.064380528089,206.982590948732,,1,472630.0
2.4273730036768804,48.82178966713853,75017,97.06897395585712,6,9899.474939437398,432.681712311576,,0,1102737.0
2.4590538223791385,48.85018873690149,75017,109.46177334089788,4,9899.474939437398,209.2980367762796,,3,1564036.0
2.4308725641534967,48.82612062249069,75016,86.86205823277335,4,9678.120674588112,474.1888446196616,,2,711935.0
2.3908249813259563,48.8296333569953,7502,78.96557594935855,1,9569.91693818043,87.71328348455633,,0,570097.0
2.32202649381397,48.88204406064828,75014,65.62295557376173,3,10062.666974334055,156.38277168350157,,1,922419.0
2.344767102077226,48.880432575781896,75012,45.3328054438665,6,9935.066867676536,131.81793283025996,,3,422289.0
2.30224271579827,48.83012756875831,75010,65.65477783121679,5,9903.611678623716,212.2880867428132,,3,762439.0
2.4561724950928983,48.8562627543735,7509,80.9176872722148,3,9775.064380528089,457.2101082771471,,2,617187.0
2.2749428524003714,48.82955025028198,75012,39.264135794895815,4,9935.066867676536,129.28835943644685,,1,333490.0
2.3545627849040818,48.81398618459335,7509,113.79731012535764,3,9775.064380528089,140.2318886130767,,0,1118823.0
2.2407033483721643,48.89796545956312,75018,148.7416630009284,1,9846.536214329111,343.2654686348867,,0,1220218.0
2.350041409980979,48.8260446072466,7508,94.3386949645343,4,9848.31703220121,59.8560161577372,,0,1290462.0
2.405155016979762,48.8721634391873,75011,36.62699622478109,4,10149.03143443424,493.9509236143095,,2,341819.0
2.277899179026823,48.85926271635375,7508,69.97218374483938,5,9848.31703220121,310.1625095286733,,3,759692.0
2.2264022812534265,48.82730735173781,7509,65.82763797167625,2,9775.064380528089,387.92314723233056,,0,687281.0
2.2217009892171578,48.87662486329108,7506,84.65933293284598,2,9841.359840436731,143.4364788700507,,1,1058519.0
2.237618797647276,48.8503752105029,75010,67.13968040867508,1,9903.611678623716,144.69471783396645,,2,668484.0
2.388376800342315,48.8990499051414,75012,71.5255743541309,1,9935.066867676536,237.15358361885183,,1,964169.0
2.4066702218118854,48.81235482044059,75012,134.8044510098312,5,9935.066867676536,114.38313243096256,,1,1009128.0
2.4492781523123783,48.85702029823364,7502,76.30231591623425,5,9569.91693818043,283.36884289713515,,2,527892.0
2.4209817970422374,48.84104750545231,75010,131.3881444924155,2,9903.611678623716,489.3512992092458,,3,833700.0
2.445590620593161,48.85964310808936,75019,142.4199228463622,4,9910.289427293848,331.2948556573891,,1,1358719.0
2.3919547215033106,48.872701461312346,75018,72.78941352466418,1,9846.536214329111,124.65066778233168,,2,729189.0
2.3388198694145097,48.830229331035866,7501,101.92656068804357,6,10006.394372127985,328.04008505754143,,2,1509884.0
2.392701018700746,48.824786855029686,75015,87.52266630668115,3,9813.040070612808,164.79752722981425,,0,729694.0
2.2978921431879105,48.87053254072138,7509,128.95054096827693,1,9775.064380528089,64.10734087248301,,3,967489.0
2.4179008440229164,48.81772469867232,7503,105.66875451959608,6,9983.017238897526,288.1139888333394,,0,642980.0
2.275504418247773,48.84430609103536,7508,43.837936550024494,5,9848.31703220121,290.9046665134251,,3,271779.0
2.395138005508785,48.86157571893432,75013,102.32267979981732,3,10190.767780889602,304.4030388167099,,3,965512.0
2.344433840296232,48.81430343626335,7506,43.89854850871672,6,9841.359840436731,177.61231199004044,,0,327794.0
2.2643434862761307,48.84541578513372,7501,104.15127392588212,3,10006.394372127985,494.7437685199943,,0,815920.0
2.422041777517306,48.84136081349201,7504,59.363913793043565,1,10257.726066885674,335.2082319010188,,3,633350.0
2.459969674008608,48.81366563682048,7505,60.33255790949622,3,9974.4015549417,110.83181642422284,,0,614661.0
2.274378466698542,48.82636982141347,75018,82.63292756409538,4,9846.536214329111,423.2699215923371,,1,644617.0
2.2393288657253634,48.86767862208063,75011,111.05015183173867,5,10149.03143443424,340.8817317671757,,1,1104210.0
2.2709964346712126,48.81882994335106,75018,147.39000844406183,2,9846.536214329111,430.1060827829373,,2,1607090.0
2.460870349709948,48.88180567806749,75013,44.11059018220014,2,10190.767780889602,431.63426999511614,,0,577466.0
2.327903819092435,48.82844117246567,75011,129.04379734600386,3,10149.03143443424,419.548563078256,,3,1067279.0
2.4270775746406,48.86351061166334,7501,86.12539190549573,1,10006.394372127985,355.1421561879541,,1,1191535.0
2.4048138233374576,48.85760341904466,7506,121.60799153936313,5,9841.359840436731,104.90706596721668,,3,960046.0
2.3280094266534106,48.84251460450314,75010,86.34034815992854,4,9903.611678623716,146.8424310064634,,3,1070258.0
2.409070171773977,48.8604576540714,75014,72.75944676201325,3,10062.666974334055,309.758479515734,,2,475457.0
2.366020784233118,48.88854532239959,75014,105.0411642938902,1,10062.666974334055,332.8408345445647,,2,1143329.0
2.3132631211231365,48.872340737875625,7501,115.3003692379368,5,10006.394372127985,365.202406206446,,0,713940.0
2.4564351541735623,48.83181547596119,7509,131.44428222139032,1,9775.064380528089,368.7240091189673,,3,1522414.0
2.4755977972978247,48.836641288233565,75017,125.84723351429648,3,9899.474939437398,444.5386819451964,,1,1333309.0
2.3470405078241425,48.857916333686255,7508,114.90089708182754,6,9848.31703220121,162.9807639687795,,2,1104919.0
2.421188390143421,48.84147749281585,7502,84.39474272770858,1,9569.91693818043,439.1618420977473,,2,1001993.0
2.472326463650363,48.88017594814662,7504,35.6102244062166,2,10257.726066885674,125.45713801604008,,3,452668.0
2.461865958945407,48.89219365376637,75011,46.59849593894617,4,10149.03143443424,464.80992574058826,,0,390721.0
2.463546883747065,48.87589536801833,7506,65.86513764496797,1,9841.359840436731,265.78415430863964,,0,443645.0
2.3077513522451625,48.8355873474808,75015,142.367084483835,6,9813.040070612808,156.13184033726927,,0,995547.0
2.303613648086948,48.88373193179784,75014,80.08985808367277,2,10062.666974334055,108.75477105675894,,2,671638.0
2.236411628792501,48.811033961484576,75010,70.9594540809176,5,9903.611678623716,182.57053906741595,,0,737330.0
2.3316664022426474,48.88364079759027,7507,53.09952175288544,2,10160.7203358053,300.37923320373324,,0,698445.0
2.3777684742114125,48.83806771351089,7500,85.76366369096802,1,9981.88888607979,210.8849658809456,,0,813683.0
2.440318762332394,48.83390980938729,7500,64.99277655145833,3,9981.88888607979,284.0130714522171,,2,504409.0
2.382857217162314,48.8275687467784,7501,68.17264714443962,5,10006.394372127985,144.06685638391457,,2,569315.0
2.309066368581952,48.899802058173336,75018,76.28920701810644,1,9846.536214329111,463.91978169303616,,3,695584.0
2.226104042577223,48.82257200339431,75018,134.65561292157147,2,9846.536214329111,359.2880678263169,,0,1155217.0
2.2249007317507736,48.83330187883909,7501,144.37926465118034,2,10006.394372127985,175.9021839526736,,2,998253.0
2.436432999976185,48.87789890888445,75015,105.82625923427662,3,9813.040070612808,183.8076345404562,,0,1033607.0
2.3893584046223606,48.84621027732096,75010,84.53606492013796,1,9903.611678623716,269.5891084390516,,1,586493.0
2.223344573846361,48.85339027163574,7508,149.72801658280576,2,9848.31703220121,192.55481893045572,,1,1236357.0
2.400736895575374,48.8203533025607,75010,56.03760013008616,4,9903.611678623716,418.1531798879083,,3,373412.0
2.4111468298609324,48.849893547205816,7501,99.73701851256592,6,10006.394372127985,478.254692019333,,2,1418682.0
2.2849158200586213,48.84025024935268,7506,98.90626373588584,6,9841.359840436731,443.0885914833364,,3,951269.0
2.2772081854141093,48.81390096257702,7501,68.39030711133697,5,10006.394372127985,307.16640173080486,,1,507239.0
2.26362839018289,48.89197354861352,75019,58.99710152713863,4,9910.289427293848,173.85371166321872,,3,862617.0
2.3560877659050483,48.84944920741942,75013,136.77932887108506,6,10190.767780889602,480.0836215675317,,1,1076820.0
2.35595088986007,48.89983100368133,7500,42.168082186231786,6,9981.88888607979,378.0538707517278,,3,264495.0
2.4062082025010985,48.8974742521158,75014,70.40387878032003,6,10062.666974334055,371.14055867745344,,2,726032.0
2.4671549141382525,48.844825246944765,75014,66.1203808783239,2,10062.666974334055,338.5030872115436,,2,755396.0
2.329663795535613,48.83907021744347,7504,103.85905539101132,3,10257.726066885674,304.6988936254719,,2,1360397.0
2.2843152998037044,48.81327958865998,75016,48.38831637571715,6,9678.120674588112,381.189082537605,,0,517312.0
2.368773656044374,48.86463986394238,7503,73.80641166406207,3,9983.017238897526,444.241438602616,,1,808613.0
2.450566233479854,48.87354188674763,75016,129.6198642808874,1,9678.120674588112,176.12530892982605,,2,787915.0
2.421611303447356,48.867180657505415,75012,112.48022634251168,6,9935.066867676536,325.0667532226359,,3,1177280.0
2.236489254240691,48.888960023910506,75011,89.63009601230482,6,10149.03143443424,239.06399476185004,,0,757029.0
2.2584564187027016,48.840346184704174,75011,44.22723169106682,2,10149.03143443424,231.86560463942297,,3,622273.0
2.46322405820898,48.85577424025109,7502,94.12080234123498,6,9569.91693818043,442.8457939619114,,1,1060257.0
2.2593990511518025,48.81394753598724,7504,53.94009936410946,4,10257.726066885674,156.6239205574141,,2,364051.0
2.3240443048797195,48.895709135016,75014,125.529209331921,4,10062.666974334055,123.67156134242238,,0,887703.0
2.429510673785864,48.83935892963941,75013,36.36001583386773,2,10190.767780889602,87.83911822192914,,0,437687.0
2.4242818708149287,48.81831353891491,75010,125.38768683810936,3,9903.611678623716,436.7087006749718,,2,777662.0
2.4786068643099965,48.89834758063476,7508,101.9628314352868,4,9848.31703220121,95.06280104051427,,3,684752.0
2.2211907888729416,48.88547461473435,75014,105.6320309186152,3,10062.666974334055,251.3478245168172,,0,1481325.0
2.3456000482458834,48.845406986593495,75010,141.08347349270906,3,9903.611678623716,419.1882701373103,,1,1312707.0
2.2367683824108173,48.81718517452242,75014,81.62756713853958,4,10062.666974334055,46.88435321597485,,1,1189666.0
2.3172778072350626,48.81131169538486,7508,49.2765095655633,5,9848.31703220121,280.2274123528435,,0,746064.0
2.315649877565322,48.825284077622,75015,41.64604096984986,3,9813.040070612808,238.4275294434726,,0,327353.0
2.47356865120883,48.869839568704855,75011,149.5523330023521,4,10149.03143443424,57.08117382996214,,3,1103956.0
2.4762323977995,48.81034611111408,75011,69.61250706608405,1,10149.03143443424,187.25167926518563,,3,912433.0
2.375836155636102,48.81457672461417,75010,60.65077300936895,3,9903.611678623716,404.2680918309414,,2,453788.0
2.448829437588936,48.8322848343019,7508,132.50271382081337,1,9848.31703220121,459.66135659241047,,1,1045364.0
2.455410503414964,48.85750296105937,7504,115.46622364372227,1,10257.726066885674,399.6469718798276,,2,1185221.0
2.345672088042672,48.88875173043826,75017,99.48689028047832,3,9899.474939437398,249.1276495140989,,0,599395.0
2.341665367031978,48.812986760230224,7501,144.9040634473511,1,10006.394372127985,141.23175712422957,,1,1641300.0
2.2518745787135224,48.87679083556876,75017,122.56267641318092,5,9899.474939437398,336.89456711036274,,1,1454012.0
2.4183435867496046,48.85083175004824,75012,104.24957750249692,1,9935.066867676536,211.36275732976432,,1,770800.0
2.398877275699886,48.89107192123118,7505,62.52989573568826,2,9974.4015549417,496.8625243193433,,2,373749.0
2.322950784760069,48.89171315987187,7503,73.05877343573528,1,9983.017238897526,157.98985591701808,,0,819090.0
2.365088487652047,48.84132048500191,7504,95.4182185264084,4,10257.726066885674,258.456863304084,,1,1380509.0
2.431597399187255,48.874277483314565,7504,72.46565060503532,3,10257.726066885674,440.93034192016336,,1,674475.0
2.454374740474341,48.841416172973375,7509,113.34593481906668,3,9775.064380528089,323.88920880795143,,2,1455692.0
2.289490913920639,48.89965700700615,75011,55.892849010267724,1,10149.03143443424,54.66730802992812,,1,737943.0
2.408978296768552,48.88459493104217,7506,131.24311142011155,1,9841.359840436731,41.98556676027216,,2,1530804.0
2.244962481642259,48.88656146232284,7507,78.94499163603766,2,10160.7203358053,171.59370034565674,,3,710984.0
2.2430600575164013,48.86283661918817,7505,93.86254590056568,3,9974.4015549417,125.40864871947387,,2,594996.0
2.4376891513326138,48.813026428572456,75018,69.86371295898925,5,9846.536214329111,340.5400215543986,,3,770066.0
2.4497109365065404,48.88238739436255,7506,46.335564680015686,2,9841.359840436731,138.9048378042533,,0,323604.0
2.4314938462754894,48.85999522235959,7507,85.14164896310555,2,10160.7203358053,422.481504310086,,1,1354933.0
2.463271815272168,48.87281212177598,75011,42.57648247127173,1,10149.03143443424,309.2969697252929,,3,287192.0
2.264548469458035,48.837924364186286,75013,70.14653083014969,1,10190.767780889602,365.5333519422352,,3,543595.0
2.223903505862084,48.88869409485612,75013,117.7559404257778,4,10190.767780889602,86.41648961126135,,0,1437657.0
2.259515315110383,48.83955857012335,75010,67.18656215788346,6,9903.611678623716,168.49150932348687,,0,721029.0
2.245050143007389,48.82735753259222,75014,54.15647642135662,4,10062.666974334055,354.7862753317654,,0,343479.0
2.3901661450223424,48.8445802836067,75019,87.54445335988561,2,9910.289427293848,166.98463419966407,,3,1103433.0
2.322789238908619,48.869856233587086,7508,132.77414915326742,2,9848.31703220121,163.3286726343061,,1,964787.0
2.375927191332495,48.893562829054645,7505,87.75765938988579,1,9974.4015549417,188.11021112982624,,3,619047.0
2.382295132217341,48.89063822063847,75011,59.71124100715258,5,10149.03143443424,453.4355407107816,,2,542192.0
2.340974033580136,48.870027576742665,75010,73.66849562954425,3,9903.611678623716,423.1084445645621,,3,647872.0
2.3128273730752564,48.8579917600622,75015,98.60650260106668,2,9813.040070612808,52.942231903472,,0,1216640.0
2.419310610788454,48.83543116117824,75015,100.1917215878769,6,9813.040070612808,364.2136905479088,,1,846625.0
2.392359076286312,48.8641727536829,7501,98.36749672268388,5,10006.394372127985,288.49928090236386,,2,840889.0
2.389830599663949,48.83312839041576,75015,55.49442665469219,3,9813.040070612808,157.16547907864174,,0,332368.0
2.406981985414514,48.890408335426976,7502,123.80543749019428,3,9569.91693818043,239.1314267979127,,3,1225158.0
2.40520327761148,48.876822422303626,75015,73.39852574178545,3,9813.040070612808,235.7591219232544,,1,764133.0
2.2363364113771484,48.81142443966658,75015,147.1362349950213,4,9813.040070612808,298.31285715300527,,1,1222462.0
2.415815333615244,48.81686494082194,75015,123.65359776332528,6,9813.040070612808,243.00737391781303,,1,840928.0
2.3709360964314485,48.814521752166826,7505,134.60323607531294,2,9974.4015549417,149.01069874636454,,2,1175405.0
2.353035765864711,48.84230920700878,75010,120.2354617260971,3,9903.611678623716,281.0807330435164,,1,744674.0
2.42818556245062,48.857257952313645,75014,117.1619948748998,2,10062.666974334055,257.02246013421325,,0,759565.0
2.3135216614672944,48.88743897160035,75013,79.64628666693079,5,10190.767780889602,160.06688861544228,,1,1265496.0
2.2661259269374683,48.8790074205162,75015,111.55416958186476,5,9813.040070612808,48.8589153203046,,2,1090623.0
2.337449332947788,48.88731128345047,75014,46.261125718522926,5,10062.666974334055,251.36958869360137,,3,329639.0
2.3432123532667823,48.83775501134539,75019,125.44070136280344,3,9910.289427293848,88.62911193711747,,3,764859.0
2.367818617515017,48.857105221748085,7504,117.8768046653915,3,10257.726066885674,123.61806534494274,,1,1323328.0
2.2706355559768703,48.89093174226973,75015,59.759188171683455,6,9813.040070612808,485.9125816362328,,2,410428.0
2.348656732799598,48.87638671889875,75019,95.6883832610486,4,9910.289427293848,143.9113059265905,,1,776293.0
2.2543472547617136,48.83999331661411,7501,135.2108296225137,1,10006.394372127985,45.76004581250312,,3,1643697.0
2.444859174521542,48.87837989830816,75014,44.58139721453653,6,10062.666974334055,274.7260909548193,,3,640781.0
2.260999546960759,48.862839314712936,7508,57.7245003750384,3,9848.31703220121,283.486691779405,,1,789569.0
2.400359874884439,48.87763185933043,7508,65.44234944695404,3,9848.31703220121,362.2262079808132,,2,417599.0
2.4051675388708618,48.8152309749758,75016,80.41725268775099,1,9678.120674588112,218.47466756175547,,2,851093.0
2.2954222025748554,48.89420067174731,7500,118.3525469881408,2,9981.88888607979,119.39306337309672,,0,864255.0
2.306198084188789,48.83734651356247,75019,111.10210084612032,1,9910.289427293848,93.50298386579264,,1,916283.0
2.3822688687248648,48.83288434307183,75012,141.27046431618902,1,9935.066867676536,39.403407628815984,,1,1626623.0
2.2675828801685025,48.85488915034417,7504,95.23333590874908,4,10257.726066885674,223.2980461819156,,3,1017948.0
2.466072955794905,48.81645673307269,75017,124.48162956667332,1,9899.474939437398,375.11309819052025,,2,900806.0
2.4450722464476087,48.831189413800985,75016,45.0133135096072,3,9678.120674588112,323.0521816450633,,3,479586.0
2.449296859601607,48.8328992418535,75019,95.77275226897142,2,9910.289427293848,378.7536046756536,,1,1022072.0
2.397290367766504,48.87308017254702,75016,113.91042261639863,6,9678.120674588112,122.12559048597,,2,1040371.0
2.257195302654354,48.89917233980378,75016,66.01241941906183,5,9678.120674588112,127.99857368403184,,1,916389.0
2.338640026970712,48.85574987532901,7500,113.4789205517538,1,9981.88888607979,306.8400779713582,,2,1296362.0
2.325138923572137,48.84665519658216,75010,91.5138302109765,1,9903.611678623716,260.66085670978885,,3,748228.0
2.471053865295725,48.84340269809898,7506,98.6158646539593,5,9841.359840436731,463.7998983540713,,3,673666.0
2.410351457395363,48.817659575001954,7505,110.58814641676966,1,9974.4015549417,477.7291943563607,,2,1083807.0
2.388150118842721,48.81633334279385,75010,144.11225437000277,3,9903.611678623716,237.45744413351875,,1,1606048.0
2.4705169231648103,48.890074901551664,7505,66.96604362822872,6,9974.4015549417,388.02348032639054,,3,517828.0
2.2795898049162995,48.86521249383672,75019,107.74678258492924,2,9910.289427293848,306.8355741458368,,3,1149193.0
2.256077248505576,48.88747170036935,7505,75.43568482766474,5,9974.4015549417,375.4291441201958,,2,896421.0
2.4516151868502725,48.86844240498212,75017,138.99865088892466,2,9899.474939437398,173.94742699276745,,2,1040879.0
2.4146187309491696,48.89083016289981,75017,112.55684794469911,4,9899.474939437398,40.16922801073049,,0,1269573.0
2.335057205809323,48.89667952173971,75010,64.37732017705949,6,9903.611678623716,86.54004116211439,,3,610012.0
2.299917604335874,48.876871581715264,75010,94.40541448973906,6,9903.611678623716,478.459764731447,,2,907461.0
2.4570929949370286,48.81863662887695,7503,131.31877993696236,5,9983.017238897526,310.4263166513467,,2,1405059.0
2.261540489989175,48.83325897487473,7505,106.36976402922411,5,9974.4015549417,179.5529810752673,,3,1165400.0
2.462361006076231,48.89493330019596,75017,105.82120422790732,4,9899.474939437398,122.15892711601543,,1,1301529.0
2.3523985580001323,48.81171240767806,75011,128.4838025725581,5,10149.03143443424,133.4742645173542,,2,1650602.0
2.2870131009097285,48.86583986216173,75015,65.52884023129978,6,9813.040070612808,131.85471084700075,,1,641047.0
2.428566917807224,48.88807725969658,7504,106.9986026530654,5,10257.726066885674,48.93692284816255,,1,875097.0
2.45468098714386,48.87139711271013,7506,91.76596866713966,6,9841.359840436731,445.1417515114287,,0,1032381.0
2.426701123972625,48.82702654515023,7509,75.49052222150766,6,9775.064380528089,329.2204436054836,,2,908883.0
2.4160069199486465,48.88662594275707,7509,105.44396417143392,6,9775.064380528089,69.9002455834506,,0,1127397.0
2.2588942954543274,48.84303792470482,7503,94.43188045826516,3,9983.017238897526,435.1108395694093,,1,1135095.0
2.3526010270701656,48.88864883594869,7509,110.66540248385516,3,9775.064380528089,144.91191503945598,,3,1308305.0
2.416745353626206,48.89262329157892,7507,106.5298029286234,5,10160.7203358053,140.57468676336003,,3,1104743.0
2.362985234405562,48.86524170224456,7505,133.76563492401107,5,9974.4015549417,203.4138215987132,,0,785060.0
2.429333145632316,48.86586373751365,75016,53.30439689190965,4,9678.120674588112,323.3782719664883,,1,621493.0
2.2275798219065144,48.81940474551696,75013,115.33088013056208,1,10190.767780889602,465.5246140971312,,0,883767.0
2.398985521694124,48.89237027479423,75017,62.09676572691209,4,9899.474939437398,112.9344439470034,,2,760018.0
2.44493773624128,48.83474314557317,7504,63.280338732041,5,10257.726066885674,468.2380549836994,,0,958728.0
2.2663006235939074,48.87642339401842,7508,63.631660781004136,5,9848.31703220121,188.28820073518872,,0,785911.0
2.272222408008095,48.83313991103061,7509,131.36022985103585,5,9775.064380528089,100.26703228996034,,3,1531438.0
2.269647011799358,48.83517326886154,75014,88.18756257685757,2,10062.666974334055,80.94099672113538,,0,688117.0
2.229033855544607,48.8828364212865,75013,71.17405462469316,2,10190.767780889602,460.11061974062585,,1,772703.0
2.459834667624156,48.8471272265592,75014,83.97747370545208,5,10062.666974334055,412.12350955008793,,2,582346.0
2.415801327250975,48.8119776825076,7506,102.48688237800803,1,9841.359840436731,488.30004872721065,,3,1100974.0
2.320127440419028,48.813917507996926,7505,139.05247408115633,6,9974.4015549417,356.71803721497,,0,1065446.0
2.4532489773565,48.88810167859709,7508,101.00932533120124,4,9848.31703220121,390.2928536995984,,2,608709.0
2.3486105156515125,48.84382285138823,7501,106.6399880163932,2,10006.394372127985,154.7312558280328,,0,1295425.0
2.3024171887449065,48.842921302566985,7508,70.16863272571015,3,9848.31703220121,223.3919099879336,,1,557920.0
2.2402370015213404,48.89675607554145,7502,59.33392844702336,4,9569.91693818043,384.810043350009,,3,428336.0
2.3459571035189577,48.84898691668335,75011,112.83499849307216,3,10149.03143443424,464.5599815611823,,1,1379492.0
2.339931309660172,48.81216068005283,7500,131.3607674321272,5,9981.88888607979,497.8335853179522,,0,803105.0
2.353998598426759,48.85373796901958,7508,108.6430193850254,6,9848.31703220121,308.0404171769796,,1,984058.0
2.3547377520275603,48.85841286230563,7505,131.289688322278,2,9974.4015549417,192.80389532829355,,1,1302830.0
2.2905998311033264,48.82421718441804,7509,40.05619630213057,1,9775.064380528089,499.668037790575,,3,243858.0
2.441954305788365,48.86238987707288,7506,44.88316970006976,5,9841.359840436731,95.1014455576731,,2,484679.0
2.332818509292122,48.87703704544309,7504,53.43743170602913,1,10257.726066885674,479.5048754077618,,2,373019.0
2.304254363552516,48.833935795888415,75018,113.6289408579669,6,9846.536214329111,50.3802584960909,,2,847601.0
2.337707736178883,48.85986645369993,75018,36.16949687996853,1,9846.536214329111,485.0658551865425,,3,248493.0
2.237164099661112,48.85019490319251,75016,72.21012048421856,5,9678.120674588112,163.83951787498404,,3,1027346.0
2.311402051630798,48.85239943801476,75018,107.8323656178067,3,9846.536214329111,45.89402054803018,,2,1605268.0
2.405668794402351,48.838242483642105,7507,95.97555592887254,3,10160.7203358053,404.6061475053249,,3,1020107.0
2.283220063713857,48.88912189467183,75014,57.0916568160594,2,10062.666974334055,444.4587497400773,,0,526450.0
2.4358536360500187,48.82960460966169,7500,67.53187927217212,6,9981.88888607979,403.045189963733,,0,634637.0
2.2344945933911444,48.82210621005267,75012,114.52439254564274,6,9935.066867676536,311.1473728996833,,2,1540029.0
2.4454235061091127,48.85151010092238,75015,82.3309778876147,3,9813.040070612808,50.17349255117764,,0,689830.0
2.3362762531490167,48.8251669883093,7502,114.75352945830896,5,9569.91693818043,83.06695954027613,,1,1365614.0
2.316527239752456,48.86917119309041,7500,116.52286308262674,1,9981.88888607979,407.0965251207625,,2,1585862.0
2.2469453246014046,48.83227846432453,75017,79.23395922084819,2,9899.474939437398,220.19414948623043,,3,634374.0
2.433727799450916,48.81796217391046,7504,106.71171735651632,3,10257.726066885674,353.24204423090544,,2,1310996.0
2.4603101727243994,48.84028259155659,75019,41.06456135523963,2,9910.289427293848,300.4508488472598,,1,605511.0
2.327967365922983,48.83564708090052,7500,65.6909837707303,5,9981.88888607979,54.17252185524699,,1,568559.0
2.2689558132715577,48.840431644970366,75013,92.10502938355836,5,10190.767780889602,151.35506553175676,,1,781691.0
2.470454762265139,48.87143252305463,7503,113.8166850182062,3,9983.017238897526,298.6011476703857,,0,1338704.0
2.458259319196,48.832959098547725,7505,106.44048546378686,2,9974.4015549417,123.26641901381046,,2,861506.0
2.323171879341612,48.82184972032397,75016,48.575611318011255,5,9678.120674588112,158.45994521327435,,1,523769.0
2.364152947586271,48.84938153907312,75010,87.17501318697536,3,9903.611678623716,268.3290385895272,,2,1239806.0
2.30377924454768,48.83211094629325,75017,102.50697433848045,5,9899.474939437398,324.1727836541439,,3,1047345.0
2.2435029039724617,48.862771066987264,7506,132.5938168502217,2,9841.359840436731,99.69472706303104,,3,781128.0
2.265487164557251,48.83107632625234,75019,52.35182220062576,2,9910.289427293848,178.3953683037878,,0,365376.0
2.2263286988726576,48.87216460015054,7500,143.06411772459182,6,9981.88888607979,119.7836411151223,,3,1085483.0
2.262503399020093,48.83158034744216,7507,58.42590046749585,6,10160.7203358053,245.99797661811976,,0,363978.0
2.4402718420490266,48.82016693155336,7504,97.54943096233966,2,10257.726066885674,345.2042868273486,,3,1120056.0
2.465856557980569,48.82923343746841,75013,61.40365043736325,2,10190.767780889602,120.01211877697487,,2,816614.0
2.226901022242956,48.893241409940906,75015,145.79960020066832,2,9813.040070612808,283.97995240856886,,3,1655505.0
2.3112088576004552,48.835330894694266,7508,53.31886355466129,1,9848.31703220121,324.2005445960812,,2,529899.0
2.2899151279639747,48.87134469077278,7504,62.56391947160255,6,10257.726066885674,348.9168916802408,,2,695816.0
2.2383321486709096,48.87436200171056,75013,62.04229929453418,6,10190.767780889602,438.7717518517336,,1,720824.0
2.4139379740039857,48.88415677484805,75011,63.44809828065768,3,10149.03143443424,281.4745168069873,,0,627462.0
2.277257762426944,48.82288364783912,7507,115.11239092623543,2,10160.7203358053,97.60264945254842,,1,1376574.0
2.423231405639542,48.85564766342002,7508,65.43659051318794,1,9848.31703220121,343.32273738638617,,3,668943.0
2.259000464664489,48.88610181966016,75019,71.05157420926527,5,9910.289427293848,81.0909586141882,,2,1025869.0
2.462433988294105,48.85303796018878,75013,98.93829202800224,3,10190.767780889602,67.12214816533734,,3,1569765.0
2.466218411349644,48.84482741664432,75018,74.1512406701456,1,9846.536214329111,57.30650230645647,,2,749349.0
2.4354338012703853,48.865508216000464,75012,106.8032816917175,4,9935.066867676536,155.20452863654393,,3,993655.0
2.465339854305857,48.87624978728624,75015,78.84268743497014,3,9813.040070612808,144.5844686561719,,1,717360.0
2.376670672133324,48.83079411167679,75016,36.29578653933032,6,9678.120674588112,128.76636431064713,,0,312191.0
2.4610954640030145,48.89475146141884,7504,80.93661241977443,6,10257.726066885674,433.2954830805412,,3,1208734.0
2.3470482251103664,48.84569330508403,75012,147.3543380405169,4,9935.066867676536,345.7213611046621,,2,991972.0
2.323375109014253,48.83921830442428,75013,147.87861074896625,3,10190.767780889602,458.1152856983131,,1,1560594.0
2.408959118045655,48.81166759773293,7504,110.40462396374004,5,10257.726066885674,153.73712187236242,,3,1062990.0
2.446568195890109,48.83561365035271,75016,48.77012033053367,6,9678.120674588112,324.1296902529571,,3,615271.0
2.4171437278296004,48.87036859031932,75012,93.51878433832384,6,9935.066867676536,243.8685027785212,,0,634770.0
2.270620489399301,48.832894931836,75017,43.80401489034349,6,9899.474939437398,216.96961755180675,,1,583030.0
2.30667319269252,48.84015279963905,75011,94.83608761220432,5,10149.03143443424,330.78741455629813,,3,901231.0
2.373172934285078,48.8294632835604,75013,36.57579866752413,5,10190.767780889602,193.2547028109066,,2,535889.0
2.241945195966692,48.882121441616846,75013,109.67409234120404,2,10190.767780889602,330.8147266826882,,2,747649.0
2.290083159822576,48.8600967514202,7506,110.64677219683078,4,9841.359840436731,418.3710009145609,,1,1425587.0
2.267811843353276,48.88244086240032,7507,112.33130542713909,3,10160.7203358053,432.25327027813455,,3,1651190.0
2.224622265900601,48.89678445932165,75010,46.73095115568509,4,9903.611678623716,212.6458116503621,,0,529446.0
2.40662464906107,48.87903976956873,7500,95.7204371993342,2,9981.88888607979,390.5047399239492,,1,621049.0
2.3574320389028145,48.897655749033376,7505,59.09200862355242,4,9974.4015549417,409.44115375147015,,3,753135.0
2.467121458893504,48.8379608255414,75014,106.28932493851306,5,10062.666974334055,472.4034481906571,,1,721020.0
2.3194662231274488,48.81248341533847,7505,45.506656201522034,3,9974.4015549417,53.59154870981408,,2,344026.0
2.251784732536349,48.86401389074699,75018,43.41472091586153,6,9846.536214329111,105.37375552094876,,2,268924.0
2.302000024156308,48.87187560085884,7502,86.15016180645735,6,9569.91693818043,174.12988433732357,,2,671021.0
2.281612039606884,48.84030053471953,75015,50.55600326873642,4,9813.040070612808,135.7902770627996,,0,613340.0
2.265060331986603,48.81106251966423,75018,58.19327367488658,1,9846.536214329111,99.72061661246636,,1,462583.0
2.3043889249056813,48.86597461807748,7503,89.42364993219381,6,9983.017238897526,149.2115012819065,,1,840040.0
2.4309955138315886,48.82947538563297,75019,42.42188127754173,3,9910.289427293848,354.9605931677326,,2,611052.0
2.316114191844308,48.89647914890424,7508,39.26451593496451,2,9848.31703220121,147.7877582515966,,3,474662.0
2.3628810523879413,48.823422134650485,7502,77.32184124081886,1,9569.91693818043,166.65553560468058,,1,1069629.0
2.3037322680558363,48.81461908479304,75010,102.29207455789552,6,9903.611678623716,115.7282911203722,,3,1174399.0
2.43740017921128,48.82540343235655,7501,63.22299242311147,1,10006.394372127985,346.2815048261224,,2,409158.0
2.307032843554061,48.89704974519702,7508,142.77928706020128,2,9848.31703220121,340.44855593123344,,2,871086.0
2.2828300285852694,48.86096220591356,7504,85.682504210337,2,10257.726066885674,310.5119909356189,,2,761578.0
2.318981747957497,48.85134410700603,7509,109.0687320673442,3,9775.064380528089,75.9189680061394,,3,830131.0
2.3080196462826064,48.86626707729344,7502,68.98840398988379,3,9569.91693818043,326.1305008362427,,1,544951.0
2.3773622162998054,48.85373010947279,75019,114.66970998281184,2,9910.289427293848,215.60987324261893,,2,886527.0
2.290452968804732,48.88974375978817,7502,133.81684406366975,1,9569.91693818043,128.25376448602685,,1,1237734.0
2.4047540626307287,48.846807431134856,75012,79.4384931976893,3,9935.066867676536,460.0936927328271,,2,507762.0
2.331076106996314,48.85349150763445,7500,99.66131835862106,3,9981.88888607979,464.8821076085736,,2,888805.0
2.309204141804923,48.859334968042624,7503,76.18092235160151,5,9983.017238897526,157.66074621559267,,0,1066593.0
2.299954967218182,48.85743445743454,7500,42.82090177208329,5,9981.88888607979,176.18944364599596,,2,454148.0
2.3412537061419383,48.82081289745893,75013,59.70330581543779,1,10190.767780889602,85.10914820370826,,2,995834.0
2.309926636008767,48.89690165856638,7501,106.23648541446715,6,10006.394372127985,267.3687802501127,,2,1391655.0
2.3392181429546883,48.825905090733634,7504,89.14044208944021,1,10257.726066885674,67.52512733622714,,0,877174.0
2.479934196383218,48.8798117790971,75019,91.1887202194236,3,9910.289427293848,313.91154243479804,,2,852422.0
2.290735956421126,48.85350424785675,75015,103.74434889931256,2,9813.040070612808,274.3080427101206,,2,799006.0
2.4699594657340085,48.89173812371693,75011,92.74020245912658,2,10149.03143443424,249.25976247395604,,0,684888.0
2.255300413625496,48.81493160804657,7503,76.54957329070527,1,9983.017238897526,181.9755242288957,,0,676280.0
2.3115446109095195,48.8950258375182,7503,61.41536213456034,5,9983.017238897526,44.52344427063969,,3,615280.0
2.2712570867364725,48.87030488924955,7507,128.23628225387307,1,10160.7203358053,147.9593751952775,,2,1207296.0
2.2690508684876094,48.81165070173391,7500,142.2911824904039,5,9981.88888607979,466.60789860638727,,1,867203.0
2.243754501056391,48.8989224127962,7506,101.16513210177,1,9841.359840436731,225.099728952592,,3,935711.0
2.3822396045367684,48.86703361606132,75015,127.71562495983814,2,9813.040070612808,108.59899272364795,,3,981362.0
2.429435868644822,48.87008031940999,75011,137.05522695251364,3,10149.03143443424,264.72404153574473,,2,1118181.0
2.298774299553486,48.85610772552378,7505,111.87130939737712,5,9974.4015549417,308.83854663231125,,2,1001738.0
2.235107977141838,48.86705285100464,75019,39.63387250181032,6,9910.289427293848,487.7245007427508,,0,456566.0
2.344699969501101,48.87682331030511,75016,99.7575560454921,3,9678.120674588112,69.74678566587994,,3,1065504.0
2.2402764678781897,48.835874631609485,7508,65.00451591155331,6,9848.31703220121,174.8599141491294,,1,433385.0
2.421920897723532,48.88557888053592,7509,74.97389437550925,4,9775.064380528089,278.865041710093,,0,535004.0
2.376395086358999,48.86256576679217,75012,109.6934822861748,6,9935.066867676536,496.199237542448,,1,926887.0
2.331166146399814,48.8220040220899,75013,94.86797651223588,5,10190.767780889602,95.41801547645107,,2,1034779.0
2.3513766105374843,48.85625253901299,75011,147.98199167956642,1,10149.03143443424,371.89928811727617,,0,1662734.0
2.232407357063214,48.86409435305137,7508,50.81888487125095,4,9848.31703220121,440.3699634835696,,3,504424.0
2.381682391159425,48.86004450462639,7509,116.10683048545572,1,9775.064380528089,48.89884943418597,,0,890402.0
2.243464424191424,48.854802628622586,7500,63.81963788871505,3,9981.88888607979,461.6913781617103,,0,597315.0
2.4101312163753024,48.89750118564023,75011,104.87614438953376,1,10149.03143443424,50.16985869679763,,1,845426.0
2.2352038780669123,48.87426722635414,75015,68.84657760206139,3,9813.040070612808,277.8793507279199,,0,414265.0
2.268416756931069,48.869160384829854,7509,61.75825828782624,5,9775.064380528089,47.90893758530451,,1,816011.0
2.431051540874716,48.82827886578401,75014,99.97422244156988,6,10062.666974334055,222.4832356621644,,1,941885.0
2.420688730338165,48.84018161722399,75019,146.83033254533956,6,9910.289427293848,271.7211379308559,,1,1195809.0
2.337283273527365,48.832605671427146,7507,140.83148302107287,2,10160.7203358053,297.3959866216128,,2,1371816.0
2.3891401065706668,48.88468659915208,75014,134.18651850373803,5,10062.666974334055,123.6719169646082,,0,932566.0
2.421479453395463,48.84395364752627,7502,105.06544785022533,4,9569.91693818043,109.80576693681904,,1,715047.0
2.2691656186614595,48.85722144177083,7502,59.24951393312147,1,9569.91693818043,265.78688125320093,,1,422772.0
2.3062195469750013,48.866350756463696,75010,121.74527673795698,6,9903.611678623716,172.65813656237668,,0,810489.0
2.3047046912632383,48.82864891213044,75019,112.83409572482924,6,9910.289427293848,463.2375395370445,,2,1012889.0
2.311631809989189,48.8953642382444,7508,56.02004963515431,2,9848.31703220121,359.7490415478087,,0,348905.0
2.3158233896103275,48.88844487005312,7505,63.88407712679104,4,9974.4015549417,480.9087105907484,,1,558983.0
2.364154793399864,48.85235383473113,75018,126.907835731927,4,9846.536214329111,486.8519183241562,,2,1261744.0
2.4290396768705684,48.87583661252,75019,37.57795483703866,3,9910.289427293848,211.8111017672447,,0,327281.0
2.380696591080953,48.892246948482686,7505,89.08585127662904,3,9974.4015549417,365.9981766092863,,0,932477.0
2.294731283241965,48.872713489689644,75018,78.10230678067566,1,9846.536214329111,163.80205848741443,,2,1095870.0
2.30282539310221,48.86415937839541,7503,138.3306597289307,5,9983.017238897526,81.06726472210924,,0,787081.0
2.4494193822296406,48.81428708288532,75012,59.27906686605566,6,9935.066867676536,39.94214803227828,,2,416317.0
2.221861175005848,48.81784890988658,7504,64.9293107011355,6,10257.726066885674,156.4582607694229,,3,856270.0
2.300069445962941,48.87325218709293,7502,137.14680810279862,4,9569.91693818043,464.558708008426,,2,1346537.0
2.3295554942561405,48.88390845263592,7505,107.0689252203378,5,9974.4015549417,498.8045283894254,,1,1092386.0
2.29846996816165,48.88541045500664,75014,38.55849325183474,3,10062.666974334055,442.8847277737417,,1,454009.0
2.2643224698580173,48.83132315689573,75019,106.24583861057252,6,9910.289427293848,417.2910641843032,,2,864991.0
2.4394814300109773,48.83415864958936,75017,49.09279182455195,6,9899.474939437398,45.0908825136033,,1,681620.0
2.3227962988678703,48.8544129246466,7505,68.61453909556175,3,9974.4015549417,354.3216175622356,,1,448276.0
2.32065455528327,48.84849672858116,7502,107.20982612158564,3,9569.91693818043,192.4881050447997,,3,1315206.0
2.252618479417419,48.816041085164265,75016,81.42805664291836,5,9678.120674588112,156.8355028713546,,2,702167.0
2.446106260697499,48.88474534752612,7508,46.77374525813415,5,9848.31703220121,93.34790453308906,,1,710307.0
2.263622993203708,48.87815717814958,75013,51.92199159495983,2,10190.767780889602,153.38187141087909,,3,358597.0
2.3431816467996205,48.85514483149768,75013,39.99441004059896,5,10190.767780889602,156.8984427906351,,3,355448.0
2.419127164776594,48.876538077183554,7509,101.75122616945156,4,9775.064380528089,343.3012096817526,,0,723261.0
2.4281857966282154,48.82897064596232,75010,68.43628956555425,1,9903.611678623716,270.727013052466,,1,486538.0
2.2347510707436293,48.85183526811165,7501,142.62596231299102,1,10006.394372127985,69.2474373762783,,0,1623644.0
2.4712399140341827,48.852643248026496,7501,142.844851469079,5,10006.394372127985,180.66776324954887,,0,1446244.0
2.463261250010905,48.86268015683532,7505,132.14765786799217,4,9974.4015549417,91.76622800455128,,0,1071292.0
2.3122665682150134,48.81399815022518,75018,119.11950861966224,3,9846.536214329111,236.0011970589233,,2,1067964.0
2.306474732683847,48.85434270103602,75017,72.18821289849144,3,9899.474939437398,429.7328747246772,,0,958680.0
2.2632925803149977,48.82934221038688,7507,117.6035991346568,3,10160.7203358053,288.49879816989164,,0,802003.0
2.287819992872439,48.81766167936131,7508,110.3953263426127,1,9848.31703220121,259.8420025765001,,1,1548269.0
2.3065440423240178,48.89499820075477,7503,126.85081025732931,6,9983.017238897526,129.2618576669551,,1,1172934.0
2.3501480499029865,48.88178317150757,75017,118.80452361617824,5,9899.474939437398,479.1505435331432,,2,950210.0
2.3335550808563275,48.85915479932016,75019,80.89134956474601,3,9910.289427293848,149.71832337177378,,2,872321.0
2.4307400621447512,48.83017480884832,75019,71.47777588732058,1,9910.289427293848,222.47099536369623,,2,800141.0
2.2455714619890035,48.82053253202542,7502,129.1352836654949,1,9569.91693818043,323.8103107575691,,3,911775.0
2.4026559855849565,48.88820378259621,7509,111.7317634548402,2,9775.064380528089,275.2614601282334,,2,1425698.0
2.2680803487025445,48.832537350425945,7505,78.51598202678848,1,9974.4015549417,45.88400759746946,,2,1217717.0
2.452293492231592,48.86315575830739,75017,109.4247564064928,2,9899.474939437398,79.72537491119918,,0,1522272.0
2.352781939842134,48.87955944243706,75016,40.32398619335648,3,9678.120674588112,439.7005899396754,,3,516745.0
2.4350423736004494,48.84722909073341,7502,126.97401566737898,1,9569.91693818043,323.99917231779204,,3,737670.0
2.272301101716699,48.81187007500183,75015,81.06584914319578,2,9813.040070612808,450.4898890413618,,1,1197922.0
2.333267976480912,48.81691199847907,7508,74.20913816850367,5,9848.31703220121,214.964518329602,,1,738594.0
2.2641823555307976,48.84390655832782,7505,55.44641250792402,2,9974.4015549417,267.4522141827566,,2,689759.0
2.3144529176540125,48.83678431885097,7501,108.86545417564538,3,10006.394372127985,183.60324582294632,,2,1116419.0
2.4769428763049155,48.89675131621284,7502,71.42754211036424,6,9569.91693818043,424.8247918837337,,0,427678.0
2.4694520493151324,48.83427316975731,7504,88.60151681892128,5,10257.726066885674,97.61132400779904,,0,937333.0
2.297827333861121,48.8303653018416,7500,77.55869390638676,4,9981.88888607979,169.7532089565433,,0,565805.0
2.323011497901734,48.89192337365863,7506,59.50964436703279,5,9841.359840436731,314.410947539792,,0,562034.0
2.467613056806876,48.89348672436274,75017,84.30777091548825,4,9899.474939437398,209.58581957955485,,3,742966.0
2.468997965487229,48.88595855496676,7505,148.66728836497376,3,9974.4015549417,384.44953703928064,,1,1051997.0
2.3330677438374035,48.88935389011193,75013,95.32850815803177,6,10190.767780889602,336.97856682371844,,0,1525877.0
2.265548380899587,48.897509859337255,7506,134.83315286321687,5,9841.359840436731,123.60668054520424,,2,979554.0
2.3826532720510056,48.878494382336655,7506,89.56435953868973,3,9841.359840436731,467.2107724652577,,1,1301234.0
2.3931775790318155,48.85036107090136,75012,68.71634153281325,3,9935.066867676536,162.6369813475951,,2,410611.0
2.3206985292556577,48.8253987126794,7505,46.94466044235786,4,9974.4015549417,478.4934444461324,,2,482752.0
2.339714975722258,48.81882325550013,7501,141.02806804490714,2,10006.394372127985,309.9465636518756,,2,880671.0
2.32904195907446,48.895364891107526,7505,39.45868009942909,5,9974.4015549417,290.3834789764655,,1,453372.0
2.296289483980748,48.829842068451214,75019,126.98377102324886,3,9910.289427293848,160.31103206011016,,3,1172820.0
2.224944309883688,48.82832054151793,7504,88.9651513773284,3,10257.726066885674,137.65587084487544,,1,532890.0
2.2460947129206272,48.88161916610607,7501,74.58152028726778,5,10006.394372127985,335.4308204222786,,0,809636.0
2.221647355691227,48.8405214912461,75012,109.83997359396167,2,9935.066867676536,322.69665126399235,,0,1275253.0
2.387426545388035,48.85433395918053,7506,92.4221389594254,5,9841.359840436731,88.65041554968734,,1,653803.0
2.3280020793346106,48.88742802693665,7503,39.16626256405667,3,9983.017238897526,438.2707462100952,,0,278359.0
2.265751313807256,48.837233962338416,7501,120.2476272139183,5,10006.394372127985,112.38656994485746,,2,811340.0
2.455271516420532,48.8326714454794,7508,122.51285075705292,1,9848.31703220121,125.54490123904112,,1,870945.0
2.40757150166351,48.82451933590087,7506,137.01244459305136,2,9841.359840436731,191.8219938611473,,1,1154304.0
2.247750005003672,48.88498815214368,7503,100.77241705272668,6,9983.017238897526,100.29513723051537,,0,921059.0
2.2734379557429016,48.81958954770728,7505,59.77567997954125,3,9974.4015549417,460.46283209958176,,1,594407.0
2.4649546819696546,48.84722189039044,75012,108.07409260998917,5,9935.066867676536,480.836534668976,,3,950433.0
2.3049724474539715,48.82586973787925,7503,67.04671669188829,4,9983.017238897526,345.0362048986037,,0,900767.0
2.3286777586809784,48.87739637817483,7502,61.79567145785892,5,9569.91693818043,321.9742839623388,,0,900346.0
2.2848626562758727,48.85969210076608,7508,135.66565301944823,6,9848.31703220121,361.6436989532359,,1,1017128.0
2.3391148992618804,48.87313210061231,7508,62.61222535853453,4,9848.31703220121,309.2461585349626,,3,388680.0
2.275393050854309,48.85328345289021,7505,58.546302458921495,4,9974.4015549417,428.17349381680606,,2,713391.0
2.407922225783264,48.88282220629174,7507,79.031451964176,2,10160.7203358053,245.54483849018425,,3,1027932.0
2.462397238902581,48.8237748512282,7504,65.49307869428858,6,10257.726066885674,102.00041644837846,,0,610579.0
2.3307782700368653,48.84987232165221,75012,130.76990025263524,2,9935.066867676536,373.8189657185796,,0,814666.0
2.2752444228940822,48.82815186036389,7500,63.38422650958068,5,9981.88888607979,157.81317975582766,,1,670109.0
2.264222670949995,48.896822434620645,7507,42.10297604283462,2,10160.7203358053,241.19929284899845,,0,662592.0
2.4705165103972337,48.8800157842495,75013,54.412283666703246,3,10190.767780889602,227.4975986162828,,0,816707.0
2.3540608551077926,48.86952282686946,7500,69.32488705833629,5,9981.88888607979,413.66701862133226,,1,410299.0
2.4459676910384087,48.84383157453824,75016,52.19569058131605,3,9678.120674588112,316.6030670599616,,0,422461.0
2.386463901156725,48.810308903594695,75014,105.25844504241137,6,10062.666974334055,193.8561797362548,,2,1227665.0
2.2807264864460954,48.88740009217589,7504,102.4992902295326,4,10257.726066885674,45.8568578879277,,2,767649.0
2.288091243400156,48.88752363867512,7500,103.591785921156,1,9981.88888607979,87.75899863949851,,2,914732.0
2.223435143701592,48.89025674620476,7509,144.59875161943853,6,9775.064380528089,420.4563479506125,,3,890125.0
2.341323760319472,48.833055493967485,7505,114.35384516195788,3,9974.4015549417,407.4950996762158,,2,884112.0
2.263155256488385,48.866830664344086,7500,35.90570105480827,5,9981.88888607979,484.5816569423137,,1,356656.0
2.3561869039942733,48.85284332020857,7500,83.5714435444697,5,9981.88888607979,408.8961940370096,,0,1036784.0
2.271217353569312,48.87249460364707,7502,124.2434340441986,4,9569.91693818043,78.22863757760784,,2,1546397.0
2.225574088672619,48.85531775911,7508,138.44479372678396,6,9848.31703220121,305.3301608687227,,0,1101856.0
2.4467647051619448,48.86417218009286,7507,97.01238783117648,1,10160.7203358053,80.38624497300069,,3,761422.0
2.337906300101817,48.87924060625621,75013,87.37710176056629,4,10190.767780889602,160.23045928606092,,1,798994.0
2.302857617599092,48.87555359603578,7508,103.83877705358306,3,9848.31703220121,484.7130187359999,,2,1298904.0
2.3263526616839663,48.86410234617045,7504,130.51245159705587,5,10257.726066885674,116.78516546357577,,3,1230391.0
2.2978155476784528,48.8321499321046,7505,110.49167600326324,1,9974.4015549417,138.5176172676588,,2,1040589.0
2.3810380062960346,48.8223145164888,7503,54.6109076601455,1,9983.017238897526,103.6196185519834,,0,803724.0
2.2379240131129805,48.85279397583576,7503,76.08805441764122,2,9983.017238897526,469.9132913525372,,1,735402.0
2.3564055806598208,48.855776034181645,75010,118.49228471193544,1,9903.611678623716,419.1093100941863,,1,883471.0
2.356045131217715,48.84697235258404,7508,105.09375651625626,4,9848.31703220121,141.85354529646844,,1,1697733.0
2.443797020686,48.848204337798514,75019,37.82110489999592,4,9910.289427293848,97.9550864900171,,0,583037.0
2.260911326563252,48.83778470187193,75016,61.81621878554464,6,9678.120674588112,206.7806852987546,,3,795147.0
2.4269825919977857,48.83805573315945,75014,38.74243275701066,1,10062.666974334055,371.34013738686224,,2,458959.0
2.422324746381128,48.83649972744919,75017,43.56408771932555,1,9899.474939437398,153.45124027421767,,3,510715.0
2.2530347721205257,48.83500578000662,75015,49.59897526872942,2,9813.040070612808,79.70961750421618,,0,521113.0
2.470400331611187,48.88480424019502,75012,75.3794943939694,5,9935.066867676536,431.3329182590412,,3,470145.0
2.467796902055292,48.87742219331146,75018,125.3157039055902,2,9846.536214329111,396.8254914668756,,2,1375267.0
2.352882983778734,48.87674469586964,7505,103.11086024520584,2,9974.4015549417,413.1495277046852,,1,1224837.0
2.23444199710141,48.85808141413728,75015,112.71527319621748,4,9813.040070612808,226.0560839675993,,2,950156.0
2.3245780785452395,48.8305810715168,75017,63.329344808675614,1,9899.474939437398,441.6258068233335,,2,887136.0
2.434340665329201,48.897679038055706,7503,71.63507166944993,6,9983.017238897526,216.32993579183875,,3,659628.0
2.364425202851057,48.810489191676126,7500,61.18075118955499,1,9981.88888607979,287.0161228277218,,3,874483.0
2.221156278408313,48.81722426151693,7509,116.6946099063782,5,9775.064380528089,189.12250900907543,,1,650561.0
2.369967253723241,48.85241854611969,75012,79.48798726482896,5,9935.066867676536,408.44849595688805,,2,613445.0
2.3973249934783167,48.89487711739821,7507,116.47810857537768,6,10160.7203358053,200.3883356804388,,1,947765.0
2.287177310958318,48.86729946618621,75013,37.943132745212765,2,10190.767780889602,88.39362047229726,,1,258597.0
2.4046376353747028,48.86305222399173,75016,58.2009529325029,4,9678.120674588112,368.6725049953626,,0,578066.0
2.3943904910996667,48.84830719389238,7508,98.85663821531952,1,9848.31703220121,141.8122546287061,,2,1482144.0
2.254148108954719,48.81548133686319,75016,49.44999646064026,3,9678.120674588112,333.0823117114508,,3,382814.0
2.355390975671933,48.873721380752364,7507,84.49286073957262,4,10160.7203358053,483.844103857634,,1,996482.0
2.4758473416354194,48.843909784159216,7502,138.27310747773728,6,9569.91693818043,269.072467637438,,3,873429.0
2.4069490246008667,48.8533156357874,7504,44.96617856005273,2,10257.726066885674,135.24855707374297,,3,383282.0
2.2789595977669634,48.84912140518579,75013,133.18291613813244,2,10190.767780889602,144.21372378341258,,3,931620.0
2.338871404578995,48.86998400171223,75011,98.81191924526684,2,10149.03143443424,375.8164851605863,,2,741865.0
2.246694262570778,48.81513672844199,75019,38.86604219397026,5,9910.289427293848,175.17609976338426,,2,365212.0
2.27624257208422,48.83469129136453,75012,133.0144454737014,2,9935.066867676536,236.33892017254192,,0,1352765.0
2.2363882155732835,48.88543351695522,75018,63.98911666701696,3,9846.536214329111,321.84532765497244,,1,552813.0
2.4427892010063466,48.88506028597102,7505,84.22718801994627,1,9974.4015549417,359.01332737245576,,3,990767.0
2.359002074909309,48.8698217498968,7500,137.80754128643213,3,9981.88888607979,459.0895905170767,,0,964028.0
2.370521085064897,48.84404429191632,7503,56.153869183686055,4,9983.017238897526,172.38544656491146,,0,871746.0
2.288861651712059,48.88332846698198,7505,95.7710635753848,5,9974.4015549417,372.55277158886616,,1,1230176.0
2.32568800106433,48.89787150012098,7501,125.87073778301902,5,10006.394372127985,107.1909057365922,,3,804258.0
2.446717242731076,48.81120013372964,7500,51.49928607496743,3,9981.88888607979,165.49417154748855,,2,429994.0
2.2594596845944777,48.84089863409049,7500,148.4328754485919,4,9981.88888607979,166.21273729602902,,0,1381467.0
2.249221404892257,48.83532016975671,75019,91.98500928709196,1,9910.289427293848,91.428084744707,,3,836666.0
2.3721453497893026,48.856380641273766,75010,58.69807286143608,5,9903.611678623716,310.15726122500945,,2,398269.0
2.44553324493082,48.81378036057035,7500,76.59126703691241,2,9981.88888607979,154.55111087206905,,1,774065.0
2.3133098622659145,48.88757437728928,7503,95.79813283426463,3,9983.017238897526,411.1857598968909,,3,671206.0
2.2866782863925783,48.85815184003096,75016,123.80874634853744,5,9678.120674588112,297.1752847444417,,3,1220719.0
2.473606463447465,48.82523442604034,7507,114.93794978510198,1,10160.7203358053,283.45438559963867,,2,926333.0
2.348784228304505,48.82078567368312,7501,69.74965561127779,4,10006.394372127985,106.60191045657209,,2,572971.0
2.330213737684804,48.83555162787648,75015,139.26326181474255,4,9813.040070612808,107.84676551165188,,0,1221508.0
2.335724715406477,48.81206113061974,75011,66.32793519513169,4,10149.03143443424,144.88475052473663,,1,997588.0
2.3665828516848104,48.89694119000057,7508,96.74083619564668,3,9848.31703220121,48.008413029536456,,2,655385.0
2.259995900310509,48.85969411430599,7508,113.46630520931792,1,9848.31703220121,251.8414192224124,,2,1199532.0
2.309675101416869,48.815230861972445,7505,39.21281166923384,6,9974.4015549417,438.7966311871312,,2,407627.0
2.3270516129434897,48.89188973200425,7501,99.32743728799312,5,10006.394372127985,293.76735373178764,,2,920263.0
2.455383637803008,48.83429025681711,7502,107.77540331244133,1,9569.91693818043,99.6785333111246,,2,1013868.0
2.365398458489924,48.82659160735795,7507,126.62500605899083,4,10160.7203358053,338.2760284268677,,0,1256635.0
2.451697708142669,48.87666744419733,75010,128.5459699608626,1,9903.611678623716,58.13328153091474,,2,1035942.0
2.24382922902736,48.83647054518611,75014,80.18198104157318,5,10062.666974334055,392.28106031148906,,0,588566.0
2.2745482766644702,48.89487973780395,7504,101.76692457246334,5,10257.726066885674,150.9517178143972,,3,1104396.0
2.245117670296673,48.81798559839819,75019,111.85390272494736,4,9910.289427293848,479.5636280302178,,3,1006339.0
2.300939600181421,48.82567083114334,75011,92.6415296088578,6,10149.03143443424,226.98318407383147,,3,736766.0
2.2668912671791124,48.81686276802793,7503,130.0969825564818,5,9983.017238897526,373.6983668941493,,0,1325513.0
2.451914175460523,48.846965801945714,75011,92.27609240120388,3,10149.03143443424,55.893463489421,,3,1157351.0
2.3512533568174403,48.81322924627319,7502,86.02540099589571,5,9569.91693818043,412.8647065545222,,0,998392.0
2.34970249492805,48.89192865593938,75010,104.26047494454409,6,9903.611678623716,388.0853185884998,,0,702639.0
2.231262535666428,48.83187107862867,7501,72.3540646318536,1,10006.394372127985,45.58204151562406,,3,650773.0
2.31656015154275,48.8742006953853,75016,74.20097697808909,2,9678.120674588112,340.37730898973183,,1,886446.0
2.4265926744387527,48.88688855264337,7502,116.59042384529106,2,9569.91693818043,43.21372721796224,,3,1349259.0
2.347456090221993,48.83854849943702,75014,47.61960522601486,6,10062.666974334055,108.10715140782555,,2,520211.0
2.39511869370352,48.82199039629983,7500,43.74406282883948,1,9981.88888607979,455.8605135886308,,2,333995.0
2.3625777914652493,48.852340684818095,7504,86.62820750080228,4,10257.726066885674,404.1649415385428,,2,1319599.0
2.3104629837145705,48.85125729603363,7505,62.688580586665225,6,9974.4015549417,82.94977316545501,,0,490491.0
2.2287275329069924,48.81920358853758,75017,122.98425496676592,6,9899.474939437398,203.68579990558752,,2,1040167.0
2.4679634609801195,48.85953965783087,75012,54.1898538260447,4,9935.066867676536,116.69943697908158,,3,635969.0
2.436853672123555,48.85074761180569,75016,145.3475896829482,2,9678.120674588112,155.07419304664586,,1,1618022.0
2.330810617582189,48.886362862118624,7502,93.7599376261882,3,9569.91693818043,99.75226320421264,,3,652535.0
2.2323625948517494,48.84478486839404,7500,105.26179819964484,6,9981.88888607979,268.9191175735265,,2,662884.0
2.262285824101625,48.81559824507475,7508,76.94986573790607,3,9848.31703220121,330.18512011249265,,0,680942.0
2.366534973125733,48.84269957818228,75017,41.340369621342376,5,9899.474939437398,192.43870146365205,,0,274067.0
2.410251129548355,48.83439945972516,7503,35.622572754427466,1,9983.017238897526,322.586571825302,,1,484045.0
2.385186638321783,48.86260413881234,75018,106.68445651070908,1,9846.536214329111,300.25885957107056,,1,899925.0
2.353526487781044,48.89919699380582,75015,106.90599150252268,6,9813.040070612808,370.5229818212652,,0,1141902.0
2.2726671371716787,48.84572195654263,7509,52.03459782535258,4,9775.064380528089,472.2538416321575,,0,766480.0
2.3176261962598086,48.84035527201021,7505,63.9744289854717,1,9974.4015549417,357.4134015947523,,3,462819.0
2.2799331971357057,48.86329069261051,7505,147.50424136051436,4,9974.4015549417,428.3921337603213,,3,1161842.0
2.476848111216924,48.86614775764048,7505,85.41075264926269,6,9974.4015549417,186.83535527833257,,2,694851.0
2.296862030444986,48.86691574147956,75012,83.24887606941056,5,9935.066867676536,411.82348311958896,,3,470504.0
2.3880620695790724,48.830780193456704,7500,78.38269867504481,4,9981.88888607979,99.6980346712267,,2,570538.0
2.2505898409137663,48.87544991869656,75013,51.13967519770929,3,10190.767780889602,235.924607526924,,1,697708.0
2.405107217132866,48.86986315199189,75011,54.4568128508454,4,10149.03143443424,359.8694083556865,,3,660782.0
2.2284588611809903,48.83255637388736,7503,84.73039921025878,1,9983.017238897526,226.8880859731834,,2,692401.0
2.4256311383227382,48.86608060569144,75014,118.98349141033636,3,10062.666974334055,350.90562569743264,,3,1460594.0
2.3894570247438343,48.8737234000782,75010,146.09192563298743,4,9903.611678623716,212.29294664660023,,3,922208.0
2.465700109418452,48.88841812631858,75015,114.81457932080208,6,9813.040070612808,416.4465964155864,,2,1195862.0
2.220379289244097,48.88719266304272,7506,91.84508207165382,6,9841.359840436731,462.26499368317377,,3,1193368.0
2.323218770741923,48.842695340022885,7509,106.81422986085478,6,9775.064380528089,216.04646072965252,,3,1100570.0
2.4534496909701,48.8797644990532,75014,83.05698232349874,6,10062.666974334055,191.6481253576316,,2,1171160.0
2.383503450671085,48.83778655043511,7509,38.269676167460986,4,9775.064380528089,281.83311562599454,,1,398255.0
2.305466406183554,48.827836452709406,7509,69.70285005770744,6,9775.064380528089,285.16295936222025,,3,424541.0
2.302382284854397,48.81819909637524,75014,37.152629526849566,3,10062.666974334055,148.17601853085696,,1,466340.0
2.4298267012599264,48.869495695054326,75013,37.79079946005942,5,10190.767780889602,90.7795300668883,,0,540365.0
2.248868237541404,48.84539236817187,75018,96.83483021103667,5,9846.536214329111,294.0971733259727,,2,1407699.0
2.348280497603661,48.847122311749885,7506,108.90931385510277,4,9841.359840436731,44.62307312822778,,3,1328275.0
2.338641896258637,48.89385146060823,7508,144.80166529003145,2,9848.31703220121,77.00758312522842,,2,1125067.0
2.331005332075476,48.85407119758645,7509,98.72318797320506,1,9775.064380528089,80.08778602808917,,0,1094249.0
2.351691646779169,48.87309396162313,75014,110.62472916764914,2,10062.666974334055,104.13732772515864,,2,1181159.0
2.239983960495811,48.81923281129233,75019,54.45168131048592,3,9910.289427293848,216.89234515893747,,3,350298.0
2.2572354293666885,48.88172884414064,7507,58.98334206983496,3,10160.7203358053,455.2571775525892,,1,467102.0
2.358551536189172,48.83625951854976,7500,125.22807743670644,4,9981.88888607979,231.0632270920817,,2,1517230.0
2.3057708225495688,48.87625361468973,75018,116.8161700968551,1,9846.536214329111,358.401488755646,,0,923126.0
2.246020208485965,48.82557256108149,7509,82.0807864963397,4,9775.064380528089,344.04776937252103,,2,876815.0
2.3514530847574284,48.82579116440753,75017,99.54757100176052,2,9899.474939437398,305.0262161930505,,0,758339.0
2.3397751756275684,48.89765761994304,75017,118.23239432640182,3,9899.474939437398,211.19262995239868,,0,1009935.0
2.22763203916875,48.840694571007774,75014,66.07401897930563,4,10062.666974334055,212.14841850300425,,2,612280.0
2.4445840550240017,48.88650167349646,7501,75.77054906083644,3,10006.394372127985,390.2587716999274,,3,1140238.0
2.257316261598774,48.86492583023808,7502,111.27997255538136,5,9569.91693818043,48.65859020137274,,0,871969.0
2.2621067350836244,48.83083035408799,75014,102.96573320336172,6,10062.666974334055,339.84144224435363,,0,1005701.0
2.440755724548496,48.889750865913605,75013,96.82576329453715,5,10190.767780889602,115.22961225417252,,2,727623.0
2.419477776177761,48.89956493744569,75016,58.12182560102761,1,9678.120674588112,395.1104752002196,,3,608256.0
2.4653876412601936,48.86141438210538,7506,59.93149993202213,2,9841.359840436731,245.0991174422097,,2,756933.0
2.325149215805321,48.89244946936884,75011,128.10201460775335,4,10149.03143443424,430.2250851374585,,3,1199272.0
2.412675150272405,48.82250381273556,7507,109.55537792692148,5,10160.7203358053,451.8017474850034,,2,1413702.0
2.3301475798263085,48.83250944987435,75019,120.2050295984864,1,9910.289427293848,81.77877457771173,,3,938188.0
2.40616029727179,48.88165270699138,75011,103.21026267218572,1,10149.03143443424,41.661771294392665,,2,825559.0
2.261474309713857,48.86163062332344,7505,48.50642871162263,1,9974.4015549417,321.5898961720913,,2,333438.0
2.313417034756612,48.818475305095866,75015,68.85820344994573,5,9813.040070612808,459.9667836160425,,0,594027.0
2.3621136206347786,48.88556536843433,75019,80.59178923781559,4,9910.289427293848,387.44345551164776,,2,925153.0
2.3219742200185087,48.892759501963496,75019,54.76625676840433,2,9910.289427293848,298.2752494846425,,3,387377.0
2.471901969640342,48.85102435002612,7503,69.07142648704594,2,9983.017238897526,448.3749987267261,,2,822426.0
2.4353534334065503,48.81948078190173,7503,60.599193720089325,5,9983.017238897526,106.44497797642468,,3,748063.0
2.3731794085131743,48.81084568758797,75019,142.29078759194306,5,9910.289427293848,129.20732273553946,,2,1241195.0
2.449974190959181,48.86428329569192,75014,130.51206678604794,3,10062.666974334055,43.59029978972853,,1,1196877.0
2.351680260552496,48.841437219814914,75017,92.05436992378677,5,9899.474939437398,311.30277115164506,,1,1142628.0
2.311337470541153,48.89986392095372,7509,42.62561991408904,4,9775.064380528089,469.06771388430406,,0,615878.0
2.46088235902342,48.88352599865344,7503,42.20189312970847,6,9983.017238897526,239.6202793412512,,0,462850.0
2.398765526882031,48.88420681460296,7503,93.70108780474824,6,9983.017238897526,138.93874829285264,,0,956086.0
2.33390984016649,48.888437926183485,75016,57.42970136095474,2,9678.120674588112,102.65799660880084,,1,385223.0
2.345443737020225,48.826098470635785,7509,72.38652061893828,1,9775.064380528089,86.56590825222617,,0,1101159.0
2.325106257137278,48.8285382849554,75011,120.5437233808151,4,10149.03143443424,323.0745887225357,,2,1019138.0
2.274335717025258,48.83379670357032,75013,113.31922009342306,5,10190.767780889602,132.80254461671495,,2,1536778.0
2.479435616123949,48.87943422288505,75015,76.92662926552774,5,9813.040070612808,278.1907302713027,,1,564722.0
2.3076021601138548,48.85078586879895,75017,135.6347878362354,1,9899.474939437398,196.84754740333003,,0,973742.0
2.413422688271013,48.8620826797707,7504,53.0569086060167,1,10257.726066885674,369.1079431279608,,3,489763.0
2.358279033119309,48.8404847187973,75012,119.3049446009108,6,9935.066867676536,195.56150151002308,,1,1296467.0
2.322928702817742,48.85313697444624,75012,37.90350624537511,5,9935.066867676536,458.40501319033314,,2,492168.0
2.477686144459812,48.899458378986544,75015,95.0608928855586,3,9813.040070612808,149.25816497853836,,2,1504404.0
2.4161830967590032,48.86384976217133,75011,105.26626805358568,3,10149.03143443424,318.0095946691536,,1,1214408.0
2.294659073356325,48.89278100552499,75019,115.89734818735688,4,9910.289427293848,294.9734222118671,,1,969947.0
2.359527694384702,48.83067156160042,75017,99.71838284755404,6,9899.474939437398,315.7630558973224,,1,1323187.0
2.3295174636320573,48.81202805326909,7505,38.49988253893964,5,9974.4015549417,427.5776643886808,,3,247641.0
2.329666853647748,48.89409237210713,75017,98.38975068623051,6,9899.474939437398,252.0533287088992,,1,1102256.0
2.291942724512042,48.81703899227544,7501,136.11203112006294,5,10006.394372127985,44.49402966829154,,3,898159.0
2.343331517978023,48.828545247587655,75017,80.00529244551294,2,9899.474939437398,343.40088584318585,,2,1149573.0
2.414625842296693,48.88227447156422,75010,73.03728254080602,5,9903.611678623716,336.779748080872,,2,570148.0
2.265290611812873,48.8541268211474,75017,116.04530425389748,3,9899.474939437398,414.9013688735031,,2,940532.0
2.299356513102909,48.824769934080194,75015,69.334485368667,2,9813.040070612808,388.9455511109584,,3,535839.0
2.285026445979963,48.863794917244746,75018,59.47462521782437,5,9846.536214329111,300.0829817721861,,1,739724.0
2.4761158303442614,48.85371203855421,75017,65.62396245631163,5,9899.474939437398,436.43360478043047,,1,654863.0
2.3486970385957564,48.86365724111943,75011,56.6838368651117,5,10149.03143443424,332.493426649248,,1,814617.0
2.2217053755347824,48.8117798044513,7500,36.97433617840433,4,9981.88888607979,444.2579319780857,,1,325975.0
2.3139790577520083,48.82785151978823,75018,88.62675918841549,6,9846.536214329111,199.5929083583002,,0,869154.0
2.445148062236876,48.83845929553404,7508,106.61344836299972,3,9848.31703220121,50.83591867950378,,2,1155074.0
2.35943890458274,48.89205512525418,75010,142.9830092824681,1,9903.611678623716,431.2244228251032,,3,1388043.0
2.299948247388361,48.81485140884592,7503,42.18462652061402,4,9983.017238897526,274.51485033551216,,2,527575.0
2.272495942369903,48.862848659768005,7501,109.91825954861623,1,10006.394372127985,433.3567346934324,,3,1435152.0
2.325719001176324,48.84103678146625,7506,125.00941554515713,5,9841.359840436731,323.04250101959985,,3,1351988.0
2.335474831441364,48.86070520366165,7507,45.222297787207175,6,10160.7203358053,315.15077274057523,,2,625069.0
2.4504373302896134,48.897541002787925,7509,71.78518529848142,1,9775.064380528089,198.86783184176417,,0,808214.0
2.410688923962204,48.849207806994286,75010,136.37116103019983,1,9903.611678623716,95.36872045019334,,0,1636943.0
2.262980432542128,48.81059832039156,75017,114.5063083439737,3,9899.474939437398,126.99329621398203,,0,999071.0
2.307601086922948,48.81816604768857,7503,130.51838196107622,4,9983.017238897526,466.5202231695368,,3,1037585.0
2.4537212955444203,48.89813735063556,75017,64.56374050337797,2,9899.474939437398,483.9640851995318,,2,710166.0
2.229238356197744,48.8584500065027,75012,115.77583003718615,4,9935.066867676536,363.6091519944599,,3,1273776.0
2.374774714157972,48.82991345569544,7500,117.3035158393124,2,9981.88888607979,461.9860481428658,,0,764235.0
2.2808295763707456,48.866121585645885,7500,98.69360320834208,6,9981.88888607979,35.70968202711591,,2,964065.0
2.363048607566092,48.82782807549356,7500,56.55649456079223,1,9981.88888607979,190.63585220593976,,1,613416.0
2.3041569459474625,48.870756809013,75012,39.852760515131024,3,9935.066867676536,464.1709353113798,,1,478711.0
2.278816818487323,48.87880233823997,7507,52.83718685892717,3,10160.7203358053,484.9841580960819,,3,405033.0
2.2582507795708047,48.84428197383991,7505,110.50912198201434,2,9974.4015549417,123.312173614073,,2,1414845.0
2.440125779458272,48.89735916728832,75015,46.98419173351094,1,9813.040070612808,412.1208014607866,,3,600824.0
2.403693198348692,48.81351604903412,7504,113.17160667968714,2,10257.726066885674,480.3451263232576,,0,1160938.0
2.342539349858026,48.87339562162279,75011,79.33816898173572,5,10149.03143443424,51.67884256856537,,2,739727.0
2.443100326050046,48.84164889892926,7503,65.60340735064057,5,9983.017238897526,203.8714076375857,,2,697534.0
2.238062309521056,48.843093202612906,7505,127.06489739135422,5,9974.4015549417,115.51005937474906,,1,1396339.0
2.440865997450382,48.81749785343897,75017,44.3745912134812,5,9899.474939437398,363.63158463014895,,2,466478.0
2.4031364284206505,48.89842363607403,75018,144.4719051079784,5,9846.536214329111,262.76178675759115,,0,950291.0
2.2253726819448905,48.87651929096651,75014,37.88949638220728,3,10062.666974334055,79.00843180829246,,1,404271.0
2.2588236554997354,48.8581253825055,7503,95.38444593438516,5,9983.017238897526,295.7328388876937,,2,1126591.0
2.4608461877480243,48.88846271578849,75018,59.41471449867002,4,9846.536214329111,481.5940678591719,,1,344067.0
2.462218558898352,48.81184876445256,75011,135.37727148630552,5,10149.03143443424,144.10295551879628,,0,1586084.0
2.4677321408992445,48.83713302054189,75019,50.3244125268089,2,9910.289427293848,305.0714199157977,,3,399005.0
2.231924386693956,48.85703338005501,75013,80.90638465229826,1,10190.767780889602,419.7455046834761,,1,804769.0
2.3390947526226697,48.85310614438127,7501,37.06884712527423,4,10006.394372127985,57.62606665271658,,3,371932.0
2.4778958975445136,48.81230741020816,7508,99.01705954619896,3,9848.31703220121,128.8674479217163,,2,1346361.0
2.2366362627343683,48.88857169528369,7508,76.70516154490315,3,9848.31703220121,443.05527984621705,,3,661625.0
2.2506094581991265,48.824849507798106,7500,142.34875610198267,6,9981.88888607979,195.59472700330824,,3,932149.0
2.403813814611741,48.87547161909058,7500,103.14900361682449,3,9981.88888607979,452.3530861319506,,0,799989.0
2.2476159642914064,48.82019911179821,7503,124.9740961215092,3,9983.017238897526,97.0476044697886,,1,965985.0
2.449989080279683,48.89252851741265,7501,41.69542184514239,1,10006.394372127985,322.4085631822465,,1,592318.0
2.344251772781172,48.87708033794633,7503,45.753384996163845,6,9983.017238897526,333.93701785217337,,3,462874.0
2.4008503798762395,48.817526554550646,75015,124.55055081026464,6,9813.040070612808,331.4631024629731,,2,931888.0
2.4362669179742324,48.88250621442996,75014,123.37693529283892,4,10062.666974334055,127.35225099353347,,0,1514730.0
2.348541823895318,48.83144799669449,75014,111.8598368767422,3,10062.666974334055,433.0437255663793,,2,1277366.0
2.359682991612215,48.86608799719854,75018,124.78134992408494,6,9846.536214329111,160.81753882237638,,1,1426502.0
2.317731998676661,48.89903120478687,7503,132.2896724266027,3,9983.017238897526,343.2765654490382,,0,1025771.0
2.3858531639489784,48.89515359728128,75013,95.80753513564966,6,10190.767780889602,478.6828211859668,,3,965834.0
2.300489681252969,48.89319484398264,7503,90.6010227858658,1,9983.017238897526,238.27092642147463,,3,869622.0
2.3237223933607685,48.88185624310265,75019,51.91646512423846,5,9910.289427293848,334.1835112647277,,2,407631.0
2.253246660876122,48.8475491647468,75016,118.6733441247226,6,9678.120674588112,138.2392157880875,,3,1416306.0
2.298155938362233,48.85529885056116,7505,147.36130346488466,1,9974.4015549417,44.786066827101465,,3,1404172.0
2.43694253662762,48.82859612809758,7500,96.15945147002355,4,9981.88888607979,329.482227384168,,3,1173263.0
2.438330734222605,48.85803289497654,7509,131.38153205330104,2,9775.064380528089,75.92731364663241,,2,946393.0
2.3688513715978137,48.81416225517626,75012,75.01830651563229,1,9935.066867676536,260.33986572691424,,0,1008326.0
2.228011219672003,48.86267786637012,75019,95.2802568074502,6,9910.289427293848,410.5342277275079,,3,587252.0
2.2998028694806774,48.820857004268376,7509,76.92338998764708,6,9775.064380528089,326.33035994074027,,3,784537.0
2.232058669631916,48.832116174109466,7505,92.81936351015467,4,9974.4015549417,447.20152078723504,,3,1031214.0
2.412411930574132,48.8439318671549,7509,67.80306861959127,4,9775.064380528089,45.81332382864318,,1,466956.0
2.3886809844767067,48.89273689472954,7504,124.97691479260848,3,10257.726066885674,406.6903607427896,,2,824126.0
2.4077066182381115,48.85290119935341,75014,116.20149537509744,3,10062.666974334055,338.00394583977425,,1,947947.0
2.414472690544052,48.84154681518223,7500,59.13270006385609,6,9981.88888607979,256.23776769844653,,3,638672.0
2.30748853597712,48.8694010709358,7500,67.21434442924367,2,9981.88888607979,189.0518497686573,,2,1016896.0
2.2397389731484227,48.81757174962071,75018,67.23578699688025,6,9846.536214329111,369.9866808269786,,1,520212.0
2.3735063067652584,48.881767071085456,75019,95.07201748792068,6,9910.289427293848,250.02770435362865,,2,926748.0
2.3275956236059896,48.868167983426375,7500,87.68798567094498,3,9981.88888607979,389.2354870622365,,1,1039298.0
2.250436851177723,48.89058851062122,75018,114.57207320328452,4,9846.536214329111,72.61822705956018,,2,711384.0
2.458351635500512,48.82723050221848,7502,91.12931339898986,6,9569.91693818043,483.2686122200348,,3,1027418.0
2.469153123580266,48.82663380626799,7502,82.77727432082006,6,9569.91693818043,436.3925852813087,,1,1093761.0
2.3571119440080124,48.81683080138815,7502,122.91477780860949,2,9569.91693818043,301.11155468834374,,2,1095227.0
2.305611849469417,48.81003117704069,7506,95.74429667840668,4,9841.359840436731,482.0257445622199,,1,1172464.0
2.2789524691381464,48.84097417453243,7501,49.569912334828246,4,10006.394372127985,252.161685848264,,3,440397.0
2.414422196441349,48.89931278928925,75015,42.33984671331621,2,9813.040070612808,277.9349479509273,,3,563552.0
2.394429230571935,48.83873609312712,7500,125.71284425508904,2,9981.88888607979,256.70999536158644,,0,1487843.0
2.3528514518984203,48.83742180815137,75014,45.32513108579629,2,10062.666974334055,288.3090738524982,,1,342219.0
2.4317195766461848,48.84474411817163,75016,80.34081133948803,2,9678.120674588112,38.73256171034203,,2,542304.0
2.2915553985227817,48.83080154594233,7507,52.765435517992,6,10160.7203358053,231.5581302284039,,2,650632.0
2.3540447265603475,48.892551440979375,75018,66.12440044035681,3,9846.536214329111,380.900485285387,,2,830751.0
2.224330135976479,48.83214112424554,7501,147.55495648343435,5,10006.394372127985,184.2322260769429,,1,1381229.0
2.292841379936956,48.8651758677968,7502,146.0386505038796,4,9569.91693818043,42.29051328169271,,2,999577.0
2.3090610550706816,48.89241179491164,7507,149.82923980203952,3,10160.7203358053,270.6929907907474,,3,1542513.0
2.352829684507124,48.81136236846832,7504,91.92632814000982,1,10257.726066885674,148.30624293409156,,2,1122541.0
2.3745143718578223,48.86664925264407,7507,110.8550606022838,5,10160.7203358053,65.01195277556148,,3,1034012.0
2.4640159949438782,48.8420933999325,75014,117.67977711604,5,10062.666974334055,95.04235424989848,,3,1377260.0
2.331495963973075,48.82763308679655,75018,74.14648201183887,4,9846.536214329111,154.6580964327085,,1,973689.0
2.300026596361739,48.846118947226,7500,92.78310009795844,2,9981.88888607979,249.826645466166,,2,875563.0
2.425958882806899,48.89914717486606,7500,63.36839991217701,3,9981.88888607979,266.8465705172059,,0,563375.0
2.2310526260080352,48.84905132966219,75014,117.8696501892479,3,10062.666974334055,199.2938610032104,,0,1119296.0
2.4743900864402755,48.8608224501778,7509,98.56152567450538,3,9775.064380528089,111.11467609372173,,3,724683.0
2.3843677101243714,48.88832640755548,7509,39.65277946501014,4,9775.064380528089,207.42135466544389,,3,365117.0
2.3804151956012984,48.87603157877512,75014,42.95167809209287,3,10062.666974334055,139.7771368394,,2,395646.0
2.364582609784844,48.86759978724702,75014,109.55551306600586,2,10062.666974334055,257.77422861732674,,1,1548871.0
2.361722663368917,48.81300623206332,7507,78.6983503407809,1,10160.7203358053,74.7710219780297,,0,648768.0
2.471090250359726,48.89882635654745,7500,77.4217387517409,3,9981.88888607979,359.85754938293087,,2,686065.0
2.2534164241435404,48.88973987179134,75015,39.80235594843015,4,9813.040070612808,166.71170730903162,,1,429070.0
2.305048780605236,48.84975454459816,75013,57.54827075710098,1,10190.767780889602,395.5604054029411,,2,687856.0
2.435969226209196,48.89849096532857,7503,57.06251814048128,2,9983.017238897526,56.05395744442505,,0,564396.0
2.277229479804961,48.8663604366244,7508,45.82162740697319,3,9848.31703220121,384.3629705658845,,3,507389.0
2.2347442651232803,48.827487502457465,75010,79.87594544908197,5,9903.611678623716,76.29324100175536,,1,1041555.0
2.419715865845589,48.85742935806409,75016,88.47624850234008,5,9678.120674588112,393.3339824080276,,3,998617.0
2.470394210916416,48.87780437693047,75013,53.69768918568703,1,10190.767780889602,372.5699175428734,,3,670915.0
2.40953793833778,48.82311694820465,7504,87.43523603809962,1,10257.726066885674,197.91273056103532,,1,706395.0
2.402639707283186,48.89266936593515,7508,36.82338358805267,3,9848.31703220121,425.1971451842609,,3,373168.0
2.306851995439608,48.810375471848566,75017,84.424341220238,6,9899.474939437398,374.9669626092614,,1,830214.0
2.3934375920162383,48.870425412534445,7502,65.08587977735257,3,9569.91693818043,101.10717001081856,,3,716438.0
2.253237876719829,48.87831991746616,7501,120.12763474011226,3,10006.394372127985,426.171641536704,,1,898706.0
2.4044996308923747,48.83644453476957,75012,108.75602600918435,1,9935.066867676536,136.12138241369746,,2,674891.0
2.2697931833647123,48.87678651693602,7508,62.23391043041266,4,9848.31703220121,60.81952139264071,,3,565656.0
2.291978576046976,48.88905594990218,7508,85.90755196344337,5,9848.31703220121,318.59803778111376,,3,886925.0
2.2749846267929805,48.891917360267485,75017,80.97440253921005,2,9899.474939437398,170.65675452219156,,0,1019448.0
2.4466586573779536,48.85469267446154,75015,39.56045972964996,5,9813.040070612808,455.9006366948937,,2,326177.0
2.2394766827295256,48.875584190644325,75018,44.802841878035125,2,9846.536214329111,257.0727797974828,,0,590491.0
2.3760886502941285,48.83395518376385,75010,142.89998461362163,1,9903.611678623716,232.8014722555871,,3,1334877.0
2.436534582373027,48.8801156287261,7507,73.71428418950552,6,10160.7203358053,330.6232845703236,,0,798649.0
2.468995065811608,48.81803970330966,7509,109.92874585383076,4,9775.064380528089,251.89143088385111,,2,784897.0
2.3598134065150127,48.85959068437254,7505,104.45817913099545,4,9974.4015549417,136.87832554576636,,2,920543.0
2.2394270435715056,48.84684365502706,75018,84.13611761070261,1,9846.536214329111,483.9341581668866,,0,674007.0
2.462804425263548,48.85387124846005,7501,37.7043315381817,4,10006.394372127985,244.32774901670044,,1,540429.0
2.389112729017129,48.83625226712411,75014,44.58772622176123,6,10062.666974334055,259.16735294795313,,3,496826.0
2.299232961068128,48.81456942702545,75016,134.87853990533006,3,9678.120674588112,259.79162363566275,,0,762487.0
2.476241712629037,48.82510590393196,75013,120.37492080572244,1,10190.767780889602,442.6110469266719,,0,1067024.0
2.470483749629405,48.81063550234423,7507,43.85829543324866,2,10160.7203358053,70.27610842730871,,3,591519.0
2.42869169917926,48.867577766439645,75015,119.15713586061447,1,9813.040070612808,67.02544516424149,,2,1311615.0
2.2417422020476576,48.826285085518485,75017,46.19194587511214,4,9899.474939437398,60.08035480013017,,0,452591.0
2.3852280866974724,48.824295086856296,75014,74.93953715143263,4,10062.666974334055,74.52226456282692,,2,729452.0
2.237112130185813,48.894488657798526,7502,145.4273248296941,4,9569.91693818043,349.9313059472153,,2,910548.0
2.33043054464258,48.8504521725652,7509,99.94746088672328,5,9775.064380528089,401.5637594532374,,1,1016479.0
2.4429982487143063,48.8788217013552,7508,82.55736401774887,1,9848.31703220121,256.22785277135426,,2,694427.0
2.421494422839563,48.88975361204325,7507,109.30368402108952,3,10160.7203358053,176.58398068869187,,2,685744.0
2.4754535526100803,48.8986295045346,75016,73.21719338242052,6,9678.120674588112,411.9948868704584,,2,830977.0
2.257015850552434,48.82119836366506,7506,92.029284686458,3,9841.359840436731,40.94730174899277,,1,796798.0
2.42380737953008,48.89395724943498,75011,128.4939128049772,5,10149.03143443424,79.52817007041783,,0,1648329.0
2.4168818610500766,48.8490371606383,7508,43.25804465764206,4,9848.31703220121,148.09771892697933,,2,256590.0
2.3101796896025384,48.88062340596924,75018,119.76997605176376,6,9846.536214329111,180.6536286858721,,3,1545535.0
2.4235859884905246,48.87598973557581,75011,124.58337917216764,1,10149.03143443424,39.39016004023428,,1,915465.0
2.476847674496192,48.81386845668417,75013,42.97305298648038,1,10190.767780889602,191.2173173211392,,2,281095.0
2.475382403708548,48.83735974628995,7509,36.30290651833455,6,9775.064380528089,283.2911615275163,,2,488787.0
2.4571496163099247,48.83421227553869,7505,127.2811994875394,1,9974.4015549417,70.93292960049743,,3,1685890.0
2.410805858931285,48.83478439853384,75015,106.80329422949512,6,9813.040070612808,292.5821733233556,,0,1456253.0
2.411879520627101,48.829937957021855,75016,52.61595355423167,6,9678.120674588112,94.31590771412444,,2,573743.0
2.4291948866511683,48.8288710820051,75013,124.36810579082074,4,10190.767780889602,151.13856896566807,,1,995315.0
2.284674190336053,48.89928236504384,75017,102.53000475572658,2,9899.474939437398,335.557857622338,,2,1423283.0
2.348285435780132,48.82212094434893,75010,66.02187799559346,6,9903.611678623716,261.37209839644595,,3,1032996.0
2.4605722004892048,48.86651779948404,75019,111.97017496681302,1,9910.289427293848,96.80036825228564,,1,1231299.0
2.375439586823612,48.86609508975384,7504,63.95889976839293,1,10257.726066885674,138.45997757140938,,3,902137.0
2.459288501020396,48.84482971042006,7507,117.797683553011,6,10160.7203358053,61.48872198673981,,3,1437470.0
2.404886373134591,48.83862230041904,7500,73.96195626821867,1,9981.88888607979,419.87852189869017,,2,736938.0
2.254096868325924,48.8721745376857,7502,86.98838103731893,6,9569.91693818043,138.0737318378529,,1,555343.0
2.466859296017681,48.84606321187029,75017,124.13444825604287,1,9899.474939437398,181.1475393272737,,3,793140.0
2.313634331244188,48.82839397712312,7500,47.105148018380845,4,9981.88888607979,168.1830940009176,,3,416967.0
2.4261398003790275,48.86967667118435,7505,124.34877244223318,4,9974.4015549417,102.65965036798367,,0,737755.0
2.280712641153821,48.867582311777625,7504,117.24752829244548,1,10257.726066885674,192.4811042760424,,2,1263935.0
2.358667825542169,48.833031360157634,7502,74.01450780981449,4,9569.91693818043,125.45877034494367,,0,886970.0
2.260596548018667,48.82475845291836,75014,40.77044402908595,4,10062.666974334055,247.4938712963925,,0,376494.0
2.36953438276035,48.89206851784478,75016,73.7050893854283,5,9678.120674588112,159.16568926501674,,3,1017866.0
2.459146130072034,48.85756840948068,7506,125.74876312825542,1,9841.359840436731,67.10787363810238,,0,1330237.0
2.3408235747365462,48.836735633178975,7502,107.10366580444072,2,9569.91693818043,444.20746104792016,,0,860467.0
2.382115829543081,48.87260368797719,75015,86.21695014537875,2,9813.040070612808,393.4349081067666,,3,520353.0
2.2488686974855607,48.89121500810521,7505,133.71756600822104,1,9974.4015549417,454.98973733912425,,1,1461011.0
2.444136237245437,48.85857651399304,7502,93.17833928757616,2,9569.91693818043,185.88169463985835,,1,994050.0
2.3961841119589007,48.84945650187272,7502,38.69203549470861,1,9569.91693818043,463.595497363464,,3,307065.0
2.245610980974708,48.82759521348374,75019,60.61697319337451,4,9910.289427293848,167.02544994239253,,1,750835.0
2.3362460233916105,48.87086410703136,7506,77.2159684766182,6,9841.359840436731,474.9916665287319,,2,657466.0
2.4021547188366097,48.838694953825566,75018,105.9241037711775,1,9846.536214329111,298.3803724440488,,2,894172.0
2.283465951029036,48.86169944527989,75017,77.2095196754284,6,9899.474939437398,164.99242279968198,,0,531389.0
2.243667733392809,48.838200189387614,7502,71.84605010510366,4,9569.91693818043,244.47550819382667,,0,519567.0
2.4539536525880807,48.82394751337669,7507,93.88163129453064,4,10160.7203358053,43.90888809070191,,0,897187.0
2.22683957896448,48.89689742276564,7501,54.61378288060874,4,10006.394372127985,163.67113931017414,,2,588387.0
2.4085307092786983,48.8289682450211,7503,46.36720817976568,6,9983.017238897526,163.0765589224187,,1,283743.0
2.3777749327721343,48.895363800645,75015,78.49601739804528,3,9813.040070612808,402.4555204688127,,3,635606.0
2.4108526198323075,48.81678924530367,7507,116.08995730574988,1,10160.7203358053,183.93439906053183,,3,1192889.0
2.280146718018465,48.88630037338272,7505,137.81731390973712,5,9974.4015549417,37.44491697094474,,3,1023694.0
2.2552335893366355,48.82164033797481,7503,105.51737137949996,4,9983.017238897526,210.9194261908476,,3,1065969.0
2.2210767205954545,48.883323643907374,7505,132.57211484946075,3,9974.4015549417,258.4005654576189,,1,902705.0
2.4466203047517694,48.840150356511096,75019,114.62790318528164,3,9910.289427293848,297.80392303221373,,2,1102767.0
2.4379655474900166,48.8485946702122,75015,96.54863946040976,2,9813.040070612808,379.481214229505,,3,558478.0
2.223847425011661,48.85715852327583,7505,65.45971652219123,1,9974.4015549417,124.41623901972388,,1,925468.0
2.477782960534248,48.83752601324014,75016,124.5741480495802,2,9678.120674588112,475.55217231769865,,0,1601082.0
2.2696219780395337,48.82640358676601,7506,44.41990358721544,4,9841.359840436731,263.35271835669164,,2,397732.0
2.393711089475343,48.86256374820751,7507,43.77570935336732,4,10160.7203358053,370.079712572839,,0,321406.0
2.414126570560197,48.86936006492044,7503,70.5265181078281,3,9983.017238897526,327.77620579779386,,3,574945.0
2.466703696207696,48.8447280130183,75015,39.942875151608526,2,9813.040070612808,194.00934457544727,,0,400961.0
2.475046410100028,48.87774303835627,75014,81.12692773936962,1,10062.666974334055,115.5614151023387,,1,764795.0
2.3205286575607595,48.866165835399215,7505,60.63198643809882,2,9974.4015549417,250.7620618325516,,1,751826.0
2.4550930538639832,48.875613061712095,7503,57.74903811041159,1,9983.017238897526,323.18860448185427,,1,607608.0
2.2602922542362944,48.83666152340266,75013,62.40543254074994,4,10190.767780889602,98.65618846658737,,1,837594.0
2.3663241189601645,48.89972546412457,7505,114.8250310350599,3,9974.4015549417,72.44136639841095,,2,1242904.0
2.407503280620461,48.87167276080981,75010,60.21767398233213,1,9903.611678623716,107.34683786068194,,2,844944.0
2.27122578673538,48.86515361238753,7501,58.24288521955759,6,10006.394372127985,358.0079440588475,,3,620986.0
2.247441096021511,48.87665032957996,7504,66.9199073857591,6,10257.726066885674,398.4698814043736,,0,486273.0
2.29396866699937,48.8853399547375,7508,57.61980007892145,4,9848.31703220121,410.2940348185353,,1,744245.0
2.306450848094729,48.87200714829833,7502,124.70329310258424,1,9569.91693818043,378.856664987552,,3,1286130.0
2.335578222571685,48.89862022983189,7505,38.23973899564167,2,9974.4015549417,492.3959724705887,,0,354990.0
2.334149424360258,48.88278742212709,75013,39.65947422658533,4,10190.767780889602,309.20694004065143,,1,463329.0
2.388532582806213,48.85808621518554,75018,37.45419561449426,1,9846.536214329111,330.04439016376085,,2,215910.0
2.3790451472172203,48.83663848066592,75015,39.29986225801043,6,9813.040070612808,297.12501439832903,,3,312029.0
2.279859312914091,48.86780580853942,75012,102.48726070427104,5,9935.066867676536,87.21741524151302,,2,1147828.0
2.2391409159414937,48.87442480384039,7507,100.17947198377186,6,10160.7203358053,112.39747896357812,,2,897753.0
2.2951197718639107,48.82583520601484,75010,103.74161336074528,1,9903.611678623716,464.0911879445907,,0,725527.0
2.340746658687723,48.8879629279943,7502,108.2620053528761,2,9569.91693818043,280.31264488916713,,3,1393317.0
2.4161331232590646,48.85586999552908,75017,116.14301418422072,5,9899.474939437398,356.90356761774774,,3,1043002.0
2.403813207842523,48.81088707374168,75014,69.28279073161215,4,10062.666974334055,371.30203072971113,,1,505988.0
2.3118439438046,48.85337935377469,75017,119.5177433867652,6,9899.474939437398,83.878381002242,,1,801671.0
2.3349899717820977,48.8780897614334,7506,92.98159101404576,6,9841.359840436731,55.86711906487571,,3,1237313.0
2.280716668114164,48.89161425968552,7503,50.41376209997247,5,9983.017238897526,233.0985311774136,,2,543837.0
2.425132958310191,48.890412229425614,75017,126.92085794921204,2,9899.474939437398,131.8618534634963,,1,1127005.0
2.408332856493061,48.837873776525775,75018,72.61472899439534,5,9846.536214329111,300.9457861503857,,2,1039727.0
2.32560331213577,48.89580673162568,7503,112.76819811513298,4,9983.017238897526,179.9089845452546,,3,1334890.0
2.407976420645112,48.88206336549619,7504,107.63736857677414,1,10257.726066885674,133.49817288062118,,1,1027062.0
2.254333393337891,48.88547566646101,7500,68.96330282632434,1,9981.88888607979,144.43078999031889,,2,778189.0
2.237326507394676,48.81089791384465,75011,135.2611149695884,4,10149.03143443424,485.25991613331655,,3,1647389.0
2.3070667808727547,48.89396925757504,7500,85.9058270406527,2,9981.88888607979,306.689711817543,,3,973970.0
2.2880190935220286,48.87743520084828,75016,57.29971091148055,5,9678.120674588112,301.9154798255756,,2,792659.0
2.278037599471379,48.842705243631166,7505,99.63413101634404,2,9974.4015549417,360.905955647705,,0,1470612.0
2.30580299829641,48.86868963571407,75014,139.68136305247992,5,10062.666974334055,330.9915662677767,,1,1175335.0
2.3441316107448804,48.87817283852232,75016,93.53751056955858,3,9678.120674588112,141.85527742379574,,2,829771.0
2.3039456753197207,48.830993799064174,75016,75.68891893064166,5,9678.120674588112,163.77098943568475,,2,1159614.0
2.372937214842151,48.86176495660618,75018,98.92197689337496,6,9846.536214329111,429.9373638220436,,3,1035675.0
2.370905031722576,48.83755779114534,75011,76.49871585638331,1,10149.03143443424,171.11812195084912,,1,720181.0
2.3299288734346093,48.875467036710944,7507,86.9393802670374,3,10160.7203358053,297.0000682356027,,1,1350926.0
2.4021469021701645,48.882811544830375,75010,92.76564496607836,2,9903.611678623716,317.36237005783966,,1,691795.0
2.2591065549259115,48.869484153913554,75017,103.18155048702876,1,9899.474939437398,152.36467454648073,,2,750551.0
2.237091140337455,48.89891927400057,75012,37.37691140746554,4,9935.066867676536,266.17179906472137,,2,478625.0
2.3018233636914367,48.84414821847587,75019,134.2125105656608,3,9910.289427293848,47.03251697369764,,3,811981.0
2.387649472372712,48.82942385796687,7507,89.52488265840906,4,10160.7203358053,75.16159820145033,,0,1126636.0
2.22792268156025,48.87746149530487,7501,139.04762860463902,6,10006.394372127985,489.0781319938584,,3,1518510.0
2.400175910518781,48.89165667721431,7509,111.9581456028922,6,9775.064380528089,484.6787403677904,,1,816007.0
2.333312123568231,48.87358427576832,7503,58.12657634505317,3,9983.017238897526,133.03930506717944,,2,774399.0
2.310289734752168,48.89747744415728,75010,93.17902200660808,4,9903.611678623716,493.69386516584206,,1,1136279.0
2.3924664272703224,48.845721517672494,7500,78.55882785543879,4,9981.88888607979,115.12654742991847,,0,654582.0
2.386894124333525,48.85900607897172,7505,39.62841720305683,5,9974.4015549417,158.29935545045527,,2,258622.0
2.4297073955693853,48.87070953472021,7503,81.01347803202293,4,9983.017238897526,237.6550052543375,,1,1218899.0
2.4619752579935072,48.86499394788342,75015,114.24708840273992,6,9813.040070612808,40.87661371510467,,1,862936.0
2.2449070202904107,48.84138547713115,7507,48.38150938279723,4,10160.7203358053,80.04009224038691,,0,674311.0
2.3007247315885846,48.81467337350074,75015,105.52602298990855,6,9813.040070612808,40.36153576395528,,0,845990.0
2.291357574921458,48.84817601067879,7503,140.61181445730145,6,9983.017238897526,350.76998716577145,,3,907553.0
2.473005388222432,48.884856983341365,7502,91.761116475257,2,9569.91693818043,327.4709722825169,,0,1183863.0
2.386035441778404,48.88415711862594,7505,143.02094298671412,3,9974.4015549417,43.78901845749159,,3,1302876.0
2.3918771628356903,48.89612042902917,75018,86.38277151714544,4,9846.536214329111,475.2612878151755,,0,679756.0
2.423918642631518,48.83283384609744,75016,58.03467691182675,2,9678.120674588112,315.8693253401575,,1,606274.0
2.335950497976021,48.83619868028553,7500,93.37726509267468,1,9981.88888607979,336.0264934647867,,1,888787.0
2.238151452593624,48.89466623614595,7509,50.42361490097003,6,9775.064380528089,246.16771879386943,,0,604497.0
2.478244627381687,48.86870797187623,7509,35.572573278732534,1,9775.064380528089,295.1311288126471,,2,405679.0
2.4250488941691293,48.88902763772855,7507,56.79296330799346,2,10160.7203358053,260.5156093765796,,0,576903.0
2.276235350824621,48.88703346556797,75013,112.10771619364772,5,10190.767780889602,324.39427197263353,,1,1299313.0
2.318984027389828,48.86413490124362,75019,102.9009758785094,2,9910.289427293848,419.5766604371647,,0,1328559.0
2.316682245983193,48.83191514095672,75019,108.5451312266582,2,9910.289427293848,243.24225407195405,,2,893987.0
2.4559815735194546,48.87002113227278,75015,138.85696689092129,2,9813.040070612808,177.333893912391,,2,1367265.0
2.316152721351871,48.814962970464286,7509,122.98581743424474,4,9775.064380528089,273.1471072246151,,3,1233017.0
2.451532393395357,48.81351162319123,75019,115.0367809369329,1,9910.289427293848,286.12192261596607,,2,1100311.0
2.294857126427617,48.89084484841179,7505,88.87376995150382,5,9974.4015549417,362.1316459097835,,1,1199653.0
2.3545154774864,48.85072336724621,7501,130.00627645665378,3,10006.394372127985,122.40295939254888,,2,1499055.0
2.2774039553878085,48.85904762914029,75018,67.62407591828239,2,9846.536214329111,401.862395911158,,0,526945.0
2.378044674281127,48.85905647216907,7500,77.51058442367818,6,9981.88888607979,398.0011375777167,,0,740631.0
2.253897337042168,48.86567127282857,7505,89.57308985828861,4,9974.4015549417,244.7575182560446,,2,817680.0
2.411192413228437,48.83166522479014,75016,72.3030387355136,5,9678.120674588112,367.4488686784849,,3,662779.0
2.337255611961986,48.84341620698184,75010,97.5357136646069,3,9903.611678623716,224.3455676402,,0,668642.0
2.42931465931887,48.89032933460458,7509,84.57165335724977,2,9775.064380528089,459.2820372043266,,2,850028.0
2.372799670963353,48.88795144326486,75011,141.45461261921378,2,10149.03143443424,126.09831664442724,,1,1509010.0
2.3738272921580514,48.88679354215984,75013,89.08294914115291,1,10190.767780889602,121.25841507717382,,2,1189810.0
2.271799989618318,48.819692633082205,7505,37.02871892274596,2,9974.4015549417,226.6093095043416,,2,416178.0
2.319909717204162,48.89769837066949,75014,90.64045027193038,4,10062.666974334055,310.3000924666374,,3,1085503.0
2.3428175906671336,48.84999780687809,7503,71.18803637834503,5,9983.017238897526,173.06892984910846,,1,759530.0
2.2659237719155803,48.89125467265824,75011,55.8012426964327,6,10149.03143443424,215.6402846069508,,0,683728.0
2.405423533449297,48.89962618337753,7503,100.6698102654534,4,9983.017238897526,146.52644980732862,,1,1187527.0
2.3077928803208847,48.8881606770586,75016,124.27736637041636,1,9678.120674588112,226.4884679301068,,2,1038835.0
2.3246829328949263,48.87708427867816,7503,85.78753730672884,5,9983.017238897526,276.09963502255226,,2,700306.0
2.429094198732408,48.8684545436993,7504,112.54671777779365,6,10257.726066885674,156.6502118780261,,2,761204.0
2.268131517900051,48.89290863464965,75010,79.31478323063774,2,9903.611678623716,241.48809843040505,,1,693385.0
2.249400049213357,48.892951012533146,75018,118.49333394465874,1,9846.536214329111,444.5551205606668,,0,1599781.0
2.3367452231614068,48.89404583418747,75015,100.9272478454572,5,9813.040070612808,348.6532767116624,,1,1301743.0
2.2235077269706456,48.81644853253942,7506,42.388664533672845,3,9841.359840436731,105.6709325201169,,0,466926.0
2.3890845005424057,48.82837804235161,7508,105.7155960612922,4,9848.31703220121,254.2217823511824,,2,1085931.0
2.4626462834896965,48.82754162215842,7508,122.70019278777175,5,9848.31703220121,79.24177448096837,,3,806225.0
2.258185724187985,48.81599125867103,75014,122.57372355604709,6,10062.666974334055,69.5934841524352,,0,999562.0
2.248027431805218,48.87547097850072,75018,104.91105245718887,3,9846.536214329111,35.75535595833379,,1,690679.0
2.361293070500177,48.83365438768574,7506,57.07358409921048,6,9841.359840436731,233.67692007651587,,0,920876.0
2.428892080062625,48.874989605432674,7500,73.84913035600759,6,9981.88888607979,330.87267851820417,,3,791334.0
2.2940188861982453,48.88321375033672,75013,66.75830944293233,4,10190.767780889602,249.31387349894283,,2,658968.0
2.315577598123434,48.862672415636055,7507,81.85087824500229,1,10160.7203358053,295.57267305662845,,1,850227.0
2.2960255635477487,48.834485857243294,75016,69.70002244363747,5,9678.120674588112,42.43709897183732,,3,518775.0
2.258403903772153,48.818183588502,75018,147.163435598815,5,9846.536214329111,435.18550018705264,,2,1449429.0
2.4611391006618684,48.88500843379156,7509,104.34158213264207,2,9775.064380528089,266.9442068772493,,3,1598733.0
2.4054513098591963,48.896388255803664,75017,94.13227474695228,3,9899.474939437398,407.2051014500775,,1,590596.0
2.4057888864419907,48.85655714270071,75014,107.71132444484084,5,10062.666974334055,369.0907382035924,,0,1530954.0
2.248521350742008,48.85929777086979,7506,49.99340508517362,4,9841.359840436731,222.14691548452348,,0,554432.0
2.4555242575811405,48.81421562632388,7505,133.0362496935287,6,9974.4015549417,397.6824861029152,,3,1364038.0
2.278794153134277,48.85051499710716,7508,70.58773190554999,5,9848.31703220121,391.9417769109013,,0,750764.0
2.324097646973896,48.87636648633376,7506,113.212594144792,5,9841.359840436731,82.28091752036684,,1,1325438.0
2.3140716406781454,48.8225331708226,75015,38.95772512757058,6,9813.040070612808,369.8094554025884,,0,435381.0
2.2422777898096973,48.88471531175115,7509,48.33851907173273,6,9775.064380528089,319.7837470658669,,3,420577.0
2.4326044314304927,48.883058515883626,75013,101.92017930566736,3,10190.767780889602,396.96803207013016,,0,1006561.0
2.237409069973788,48.82558059482459,7504,44.69438117882922,1,10257.726066885674,328.2396362982314,,1,410005.0
2.454546025080405,48.82561559604736,7505,147.94726040950775,6,9974.4015549417,86.58878611440517,,3,1116679.0
2.267305975566526,48.849833808233456,7503,106.45754587884451,3,9983.017238897526,220.1133677266728,,1,965999.0
2.4612605487988537,48.89560329448022,7508,76.32208142230772,6,9848.31703220121,213.04215812062185,,3,1049867.0
2.29279328236424,48.87725220601233,7509,47.57717975264099,5,9775.064380528089,206.00319537329125,,2,524686.0
2.4346108091625256,48.87327494061805,75012,45.36596469349597,2,9935.066867676536,459.61397828684034,,0,305443.0
2.3790018380281124,48.83828305847456,7502,104.2698585404953,1,9569.91693818043,320.5784003648646,,2,778803.0
2.362009445177333,48.86301511584608,7504,66.58826798093044,1,10257.726066885674,373.8202664784309,,2,772560.0
2.420047891906691,48.82544958271199,75012,142.98171011976055,2,9935.066867676536,481.60312679057887,,0,1530277.0
2.418995467788477,48.87236983095911,75010,109.70453625537868,2,9903.611678623716,462.3485019581784,,3,1542353.0
2.221689266761412,48.81863795907233,75011,147.53713894472486,3,10149.03143443424,427.76015977568255,,2,1384135.0
2.2368037445782445,48.865504120393936,75010,55.75494106249833,6,9903.611678623716,382.37555586504885,,0,424786.0
2.475489713350532,48.88369990153222,7509,38.99867372713916,1,9775.064380528089,46.81663581222007,,0,343224.0
2.412563643025021,48.88026363107655,75018,90.75774674706643,4,9846.536214329111,406.4773789088119,,1,1374832.0
2.3408091346766264,48.894974029555854,7502,61.02622158528236,1,9569.91693818043,284.43089469146923,,3,426700.0
2.3555269243080774,48.86297042449503,75012,69.73087979716252,3,9935.066867676536,168.4162272118644,,1,882932.0
2.46089704112111,48.85114322432357,7501,119.54254849303295,2,10006.394372127985,493.2159877038328,,0,736601.0
2.368864568537973,48.86141314375911,7502,86.22235289332437,6,9569.91693818043,239.63491339952705,,2,862095.0
2.460050846894616,48.88578773811806,7501,73.92307540909414,1,10006.394372127985,393.16336644495806,,3,745313.0
2.29422582643812,48.81355238060876,75011,83.3500681769982,4,10149.03143443424,437.3091123593932,,3,1225867.0
2.446338707530647,48.85191010885475,7502,80.31995717636707,2,9569.91693818043,196.2689963349654,,1,838683.0
2.237103789991872,48.85859712715293,7501,106.47723211879875,5,10006.394372127985,468.6464751713327,,3,1075121.0
2.40940171259216,48.87332985444483,7506,46.48901572878601,5,9841.359840436731,278.1652984726263,,1,504361.0
2.341183153794609,48.89924654403842,7505,129.79052768082792,2,9974.4015549417,362.3377742180656,,0,1568524.0
2.3939895268824785,48.86126337474425,75010,109.14065181623894,6,9903.611678623716,493.8991737272284,,3,842773.0
2.3506209958592907,48.85780688628386,75012,50.51230187050905,6,9935.066867676536,443.3641640683676,,0,786694.0
2.301565814634488,48.81036839897515,75013,65.90474591789479,3,10190.767780889602,407.6888187658773,,3,603133.0
2.314487476142205,48.87365060441755,7500,111.57561934638558,4,9981.88888607979,243.44748395947752,,2,1303122.0
2.3017217998455526,48.88197291448858,75012,98.73596642707648,3,9935.066867676536,387.66920596485016,,2,1065459.0
2.38509390515295,48.82280425471337,75011,112.98824862652206,1,10149.03143443424,341.466070437596,,0,1586384.0
2.3526480520814905,48.84985870110979,75018,50.380753984183215,1,9846.536214329111,128.12237369541623,,3,696735.0
2.414515237250576,48.89413992024338,7500,125.46716444238773,2,9981.88888607979,348.95908575029193,,3,1417287.0
2.264843056326224,48.83350983961857,75016,36.20655885403381,6,9678.120674588112,144.42889910533495,,0,474178.0
2.2318866363366685,48.89531885363725,7501,146.95692099353323,2,10006.394372127985,203.8294988395737,,3,1347013.0
2.291953242142666,48.81793382864054,75010,144.1650561599012,5,9903.611678623716,221.33947623004536,,0,1258156.0
2.45882220915332,48.82671013306539,75018,58.634266100470086,5,9846.536214329111,287.08680252797683,,3,835826.0
2.233414662313629,48.89149771132584,75013,36.44820244476523,3,10190.767780889602,388.0305283447641,,1,534841.0
2.4392014269099658,48.84269299710285,7507,66.37218353415909,3,10160.7203358053,271.2322436013732,,0,428671.0
2.448072484472223,48.899093310349535,75013,118.58096786727629,3,10190.767780889602,345.2364979548203,,1,1084947.0
2.345630364805797,48.87518591384835,75013,81.7388259719018,5,10190.767780889602,40.38728691956105,,3,1267185.0
2.3766622567650684,48.86705193377915,7506,43.443061133180265,2,9841.359840436731,182.18046716513865,,0,471402.0
2.248557909349344,48.86859895205607,7509,120.0854045737422,6,9775.064380528089,453.0005529841381,,3,1146772.0
2.4694789178225904,48.837007417497055,75010,42.63838242971405,1,9903.611678623716,220.5478857584112,,1,508653.0
2.2703627248123754,48.89399358767021,7505,37.95739443679308,5,9974.4015549417,404.1592700769332,,0,480203.0
2.251914787977299,48.81638391984945,75016,56.907835703631136,4,9678.120674588112,192.212063448892,,1,684474.0
2.297730704887847,48.85390432064855,75012,137.78714585516394,1,9935.066867676536,474.9433483809034,,3,1595642.0
2.3945477654014047,48.8723730408576,7503,73.56561186236397,4,9983.017238897526,196.53230567259783,,1,548838.0
2.3710223138940862,48.89519261204431,7504,86.36172085219351,3,10257.726066885674,194.5791328284324,,1,1160382.0
2.339627287851576,48.87291100121848,7509,130.4190285480836,5,9775.064380528089,438.9696679059722,,1,1184492.0
2.353359670058883,48.8846749931172,7501,57.96870884841693,5,10006.394372127985,396.03668455776193,,3,433772.0
2.329332784754984,48.89722879887598,75019,72.76966050264735,3,9910.289427293848,207.0098778458404,,1,625232.0
2.2744409991039984,48.811505746047565,75017,61.618145438061774,4,9899.474939437398,191.9565812986232,,1,714843.0
2.4200867692645565,48.885108643207886,75015,133.24417680232693,3,9813.040070612808,114.75005836444456,,3,1487538.0
2.350016068662186,48.88756394410209,75017,121.06510757469438,4,9899.474939437398,82.58903874007632,,3,1150158.0
2.229582204609858,48.86051046647133,7506,62.48546888863842,5,9841.359840436731,429.6199492992771,,3,778079.0
2.2217641168459963,48.88254502754794,7508,88.54152654311926,5,9848.31703220121,487.3059754954887,,3,817976.0
2.3543698360289502,48.83406861398667,7502,101.65860515489592,6,9569.91693818043,288.175708148031,,0,1114267.0
2.288702658404599,48.87373783388379,75013,43.48515378825594,4,10190.767780889602,270.995697547676,,2,632263.0
2.260655162671023,48.89575769474537,7509,68.60725035356238,3,9775.064380528089,281.3706941889569,,0,906048.0
2.374301030007999,48.83980332534224,75017,78.34574884755176,4,9899.474939437398,347.81546414682833,,0,1009299.0
2.362689342979176,48.827100615776494,7507,38.62654354117285,2,10160.7203358053,157.43776892508012,,1,253147.0
2.2950808051871947,48.88401859055422,7508,131.6892715462926,2,9848.31703220121,125.37686744854152,,1,1380971.0
2.461250003374084,48.884277880287264,7505,79.27555135245912,4,9974.4015549417,322.7329711333288,,1,602358.0
2.288323708149956,48.85666997632646,75016,78.56544363175219,1,9678.120674588112,425.00926631624105,,3,838705.0
2.300321360581046,48.81450723276639,7507,105.99582836136996,6,10160.7203358053,165.87637863510386,,1,1460422.0
2.2606794125723537,48.87947401720513,7503,35.70898983502437,3,9983.017238897526,130.44159361977543,,3,544612.0
2.283256829996034,48.820983304945145,75019,77.15163889514935,3,9910.289427293848,289.92984675991704,,1,665656.0
2.394976544041618,48.86665283062964,75018,62.314693473562826,2,9846.536214329111,426.32818602610615,,3,404160.0
2.267864706302377,48.855678544889365,75016,60.55003324068714,2,9678.120674588112,186.92479531988445,,2,471023.0
2.367448099434471,48.86506543734839,7509,118.76149353161152,3,9775.064380528089,153.55376306424694,,0,1357232.0
2.479633877751822,48.8827099813449,7500,103.78611617720652,2,9981.88888607979,435.50577924987454,,1,1605827.0
2.426728625344299,48.85063721253991,7502,104.09433634001896,2,9569.91693818043,484.8517474945525,,2,1188676.0
2.2260664263064296,48.88896548714503,75011,71.18981091606045,5,10149.03143443424,104.88215651962918,,3,1051296.0
2.4620856344287203,48.81969803495456,7509,133.16857612555293,5,9775.064380528089,274.3788457565994,,2,847516.0
2.479421931854984,48.84305759385682,75013,88.16234509339232,6,10190.767780889602,185.4760843429604,,1,1035911.0
2.464274729062017,48.825670048930725,75013,100.18576589931016,5,10190.767780889602,260.717015077312,,3,955638.0
2.2842384133879445,48.83028835990299,75016,60.20671332714217,3,9678.120674588112,279.13922053581064,,0,642981.0
2.313028732115129,48.84342342026704,75010,111.15501212542829,4,9903.611678623716,322.0518566261416,,2,757149.0
2.258659586566418,48.82491216441093,7505,109.81425375620776,3,9974.4015549417,157.03055569589046,,0,891372.0
2.2954465052248096,48.8848351939141,7507,48.3977484636364,1,10160.7203358053,53.85708497311045,,2,356612.0
2.3481336840878626,48.880058559898266,75015,78.033230147296,4,9813.040070612808,225.4185674404458,,3,740076.0
2.2354496154323025,48.84486878093959,7507,49.92626732870371,1,10160.7203358053,395.8575309387241,,2,739181.0
2.246846999934078,48.88306280205293,7503,103.31829394465214,1,9983.017238897526,179.23956225920097,,1,658125.0
2.267740987794858,48.83284411375241,75013,40.23424807115175,5,10190.767780889602,199.811693818238,,1,566992.0
2.4049681610921736,48.86731308104866,75011,84.4872653772362,3,10149.03143443424,486.63196887614737,,0,739061.0
2.359333505563126,48.81382967085397,75012,120.5344879773575,1,9935.066867676536,362.9057955888501,,3,894180.0
2.3101029577956926,48.82099678883301,7502,116.21594019959956,5,9569.91693818043,165.09478024601663,,1,1023083.0
2.405292043380429,48.86732217219621,75012,56.655027772772016,3,9935.066867676536,341.22468942525467,,2,453815.0
2.436475224918808,48.88440988763092,75010,84.68862532041314,2,9903.611678623716,68.94604994355285,,2,1020712.0
2.4087236440630573,48.855660957416994,7507,66.16692446371293,1,10160.7203358053,85.58351043832398,,2,1011077.0
2.406674585427188,48.8356951248927,7504,47.09000491016769,2,10257.726066885674,301.98415728591624,,3,462478.0
2.351129501988752,48.84943932548879,7500,45.53912054562563,5,9981.88888607979,269.80836694918,,2,345527.0
2.281593766771046,48.84633274724067,75019,142.1326628267702,1,9910.289427293848,444.1253826504304,,3,1426057.0
2.2660957073014254,48.82812926265749,75013,98.61242499850994,2,10190.767780889602,326.8447816025163,,2,1244287.0
2.343243517285821,48.84574076064025,75016,41.05928475571567,6,9678.120674588112,212.68435145103064,,2,267127.0
2.3498739171031984,48.87096664542646,7503,147.1905392234861,2,9983.017238897526,260.45530936550085,,1,953563.0
2.2230679849041226,48.8925969485418,75019,98.79661058905778,2,9910.289427293848,119.30369906074596,,0,1353249.0
2.2548288080091496,48.88768335447795,7501,116.90338474875034,2,10006.394372127985,434.4805228951656,,0,1106895.0
2.446587507524301,48.842248106661806,75011,124.94091718961732,6,10149.03143443424,367.3982526646275,,2,1466798.0
2.44441904043231,48.89288511222112,7509,52.7897342957209,6,9775.064380528089,312.8925151234744,,0,365110.0
2.2883627933270425,48.86152956973608,7508,134.72503885158235,4,9848.31703220121,105.73357656915302,,3,1692105.0
2.284920624337152,48.85906730123599,75019,76.69870039408708,1,9910.289427293848,464.5281137160818,,1,601965.0
2.4135365874763703,48.85773551998343,7500,129.087159427647,4,9981.88888607979,362.0347567198763,,1,1225724.0
2.3753933896103923,48.81773684212551,75019,75.47372369640262,4,9910.289427293848,132.24491566355545,,3,775291.0
2.3210936610959347,48.85869929615106,75017,122.96563933764114,1,9899.474939437398,51.40265729168174,,1,1059177.0
2.371350803879869,48.84662582952539,7502,76.6861797752176,2,9569.91693818043,428.45881957057657,,1,507295.0
2.3418214538671385,48.88381537079781,7500,56.26477886760186,4,9981.88888607979,239.6703173964839,,0,575855.0
2.41537680887249,48.882188595087015,75019,45.60370737904175,6,9910.289427293848,349.9418956833294,,2,506818.0
2.4100406621337003,48.86188567827204,75013,105.83849903342892,6,10190.767780889602,83.99680518229283,,1,1391187.0
2.331526652354132,48.85429520410984,75013,65.0139631442151,5,10190.767780889602,190.01577475933377,,2,542868.0
2.4209754283164533,48.86482999983973,7508,144.632220046134,1,9848.31703220121,96.62016161838083,,1,847537.0
2.377966164439469,48.896614772721456,7501,55.16150654564794,3,10006.394372127985,474.09896057293616,,2,396272.0
2.458336061049249,48.84682586912248,7507,119.7536841346518,6,10160.7203358053,363.8802365514752,,2,1614397.0
2.2886688789138088,48.88828074829369,75016,65.37481560661647,2,9678.120674588112,244.31346069115423,,1,517824.0
2.306676319657874,48.82958630766221,7502,81.77347759958452,4,9569.91693818043,251.79201899794143,,2,670992.0
2.2617242556834145,48.896582767948175,75015,123.86962638826628,4,9813.040070612808,183.9875776370665,,2,805419.0
2.2717160278840627,48.87200112645205,7502,97.30023836243706,5,9569.91693818043,311.6841240010723,,2,1070535.0
2.3386689242685907,48.85774971701588,75011,107.98759034071192,3,10149.03143443424,91.284309608639,,2,701636.0
2.3882540622185373,48.836207374414506,7503,79.82764803085632,2,9983.017238897526,244.3772246489086,,1,607552.0
2.466434727219961,48.86593463348839,7504,86.17583356785944,4,10257.726066885674,257.7966762623106,,3,816567.0
2.346305293897365,48.88260751434964,75012,54.42601104204371,2,9935.066867676536,385.778247995852,,1,634748.0
2.4301423079679223,48.85395375788202,7507,66.76163517188147,2,10160.7203358053,287.6662226838161,,3,516998.0
2.303405767660141,48.87925067044301,7500,98.08375876150332,5,9981.88888607979,296.92117604363887,,2,1200485.0
2.4778126815608603,48.81344653280736,7502,57.03425909578934,3,9569.91693818043,346.1339265426227,,2,728222.0
2.431855135986648,48.87210166004469,75015,115.78574451555792,5,9813.040070612808,105.4465161291759,,2,737112.0
2.3084240774465097,48.86202788110584,75015,52.14598781483231,4,9813.040070612808,389.5806336429155,,1,808910.0
2.257173184079116,48.83120583179835,75011,144.66617554005592,2,10149.03143443424,317.5405272787424,,0,1102889.0
2.471772955088433,48.86203016453647,75016,99.29050605559382,1,9678.120674588112,78.45429163690393,,1,621566.0
2.2439806114597385,48.887298145287005,7506,112.32867377539507,6,9841.359840436731,46.747760073640976,,0,1513923.0
2.445089290765861,48.84457753339717,7506,118.99527357377674,6,9841.359840436731,158.151666250582,,3,958265.0
2.2302146345888167,48.83484497612625,75010,70.2490548756241,6,9903.611678623716,415.3164014165512,,2,514848.0
2.360837131509756,48.876520896406056,75016,74.10960275008028,5,9678.120674588112,450.78127721028267,,1,458080.0
2.4506848503096195,48.89895749540905,7508,59.77782623480334,6,9848.31703220121,303.002302029035,,3,419529.0
2.2524544315460897,48.81253675157872,75019,76.94130638649347,5,9910.289427293848,478.2200628635293,,2,501995.0
2.47698157261132,48.81215403433647,7507,41.84851565185198,2,10160.7203358053,436.3415280418974,,1,276462.0
2.282528339736112,48.822559271123865,75013,46.4957861050392,6,10190.767780889602,466.7302062927229,,1,465516.0
2.313751760749025,48.88937347288571,7509,53.798139926099736,1,9775.064380528089,279.96088165973856,,0,502646.0
2.414603134601136,48.88924882549789,75019,52.84926899526314,6,9910.289427293848,459.4153300601331,,1,451695.0
2.328177845296364,48.8231478742427,75014,80.60396828453287,6,10062.666974334055,468.4914053017738,,3,994439.0
2.440712054122812,48.81806009465231,7504,74.75768201742935,2,10257.726066885674,269.08512793019986,,3,1193404.0
2.3030878468330216,48.81039531994161,75011,55.32604214675203,4,10149.03143443424,195.3277623736411,,1,599919.0
2.3286649722877195,48.87914729975596,7500,136.93515848530285,4,9981.88888607979,149.64819649318463,,3,803796.0
2.2448972032559777,48.89041730692732,75012,75.65927454502535,1,9935.066867676536,80.8352504450663,,3,751630.0
2.380854052491973,48.84332972364197,7505,95.12745868752194,3,9974.4015549417,72.02385554286442,,3,859966.0
2.4549184038168987,48.85296002876383,7502,108.90993961762088,1,9569.91693818043,440.1239776060309,,2,1094993.0
2.42838927357058,48.821326987658864,7500,85.13699845170768,4,9981.88888607979,415.3563515253864,,3,1236911.0
2.392708129150262,48.84672118764637,75014,133.0675594100744,5,10062.666974334055,38.99293908858278,,3,1166736.0
2.231558502869588,48.87989531734825,7501,76.92776083441481,2,10006.394372127985,87.84558647543862,,0,1108710.0
2.413408537316058,48.82134291982637,7505,71.8298311342363,5,9974.4015549417,460.9992101170556,,0,540142.0
2.471070573800111,48.81103643834299,75010,48.8464772076156,4,9903.611678623716,56.79929531527375,,1,727556.0
2.281489413332377,48.874599348422606,75014,43.046761306006815,6,10062.666974334055,78.25716704559905,,2,273074.0
2.4269038958348523,48.85524111582979,75010,95.9061848638284,2,9903.611678623716,494.3109491086776,,2,1423129.0
2.327233296617858,48.85731753410868,7507,145.48108376973,5,10160.7203358053,204.5074429527204,,1,1128208.0
2.2604943028979854,48.85076487438897,75017,104.41112159766456,3,9899.474939437398,239.5310984250742,,0,1301013.0
2.430725846673462,48.86219338867577,75013,86.40162751279298,2,10190.767780889602,488.0133817861167,,1,850219.0
2.4011273324430453,48.876629874614544,75014,84.13730127766225,6,10062.666974334055,357.6053714336044,,0,499541.0
2.3687339288764253,48.88160996565376,7509,71.1225719617422,5,9775.064380528089,377.6783160249748,,1,400585.0
2.457015030876495,48.83627891324007,75017,55.71727730342526,2,9899.474939437398,78.82058931803465,,2,541929.0
2.289828678632436,48.88426731253029,7507,76.48568577761891,3,10160.7203358053,289.254736877005,,3,533988.0
2.360668175180169,48.86750269582222,75013,117.3065360977076,6,10190.767780889602,106.73835872766064,,2,1045226.0
2.2517901962224154,48.827505096830926,75013,105.7721671471704,3,10190.767780889602,186.0323287231901,,1,970063.0
2.253890732087995,48.81048588153701,75015,76.14504165579781,3,9813.040070612808,367.7261634514125,,0,530404.0
2.3185603758476803,48.824525134618725,7500,70.37910538106385,3,9981.88888607979,454.5876829741416,,3,652352.0
2.237476498947267,48.85427173338941,75012,134.6195792736066,2,9935.066867676536,70.42907699519381,,1,1165295.0
2.289429075879162,48.82259933200708,7505,84.32257150870373,4,9974.4015549417,309.56740604648576,,1,827653.0
2.29334597072639,48.8914422188726,7507,62.15138254530921,2,10160.7203358053,391.45119036365736,,1,703011.0
2.419509501054458,48.83152982065626,75015,85.95904304291179,6,9813.040070612808,111.39112209614277,,1,574157.0
2.454505263278808,48.8204418698421,7507,99.96835530252956,6,10160.7203358053,143.0149623296781,,2,1004914.0
2.261341308827466,48.85413561605053,7506,88.66638025380166,1,9841.359840436731,403.5375630319303,,3,1301741.0
2.301122560094756,48.89023512445442,7502,45.71673387618148,5,9569.91693818043,404.5400727440119,,2,331220.0
2.307667068496249,48.88938252312588,75013,91.0253858235222,3,10190.767780889602,376.6737486093901,,3,867462.0
2.42486424339774,48.88312351025947,75017,71.35038798346767,3,9899.474939437398,400.9500211918837,,2,855178.0
2.22686662776357,48.8255365086034,7508,94.5371211012861,2,9848.31703220121,457.2380182515796,,1,625365.0
2.286067587551872,48.83562681020559,7501,111.02762357457704,5,10006.394372127985,294.87908610069707,,1,738151.0
2.402674853117192,48.848818609946505,7500,117.47009431650888,6,9981.88888607979,80.79577146494513,,1,1678673.0
2.264858227960196,48.86366386916367,75015,107.16929648495729,1,9813.040070612808,315.13057755136174,,1,820691.0
2.329591868642944,48.88999972909325,7504,48.780678688037966,5,10257.726066885674,282.7118274118536,,3,573186.0
2.405109604840696,48.85194250728852,75014,107.15060857991938,5,10062.666974334055,203.216394755891,,3,1164523.0
2.322217280753231,48.82403178559181,75013,48.71533554763548,3,10190.767780889602,355.6157178126901,,3,318168.0
2.4282664713181896,48.85723582007616,7506,143.40512385512125,2,9841.359840436731,256.64146821206384,,1,1155832.0
2.346523519727786,48.87102106870472,7509,61.48020531652395,3,9775.064380528089,93.13518631152836,,2,696732.0
2.2383136853825474,48.84439634170256,75011,129.11983476318528,2,10149.03143443424,246.1522841171878,,3,786197.0
2.462507803493404,48.822913812160735,75010,75.21669988245252,6,9903.611678623716,457.3937502871223,,1,991837.0
2.3526673495594865,48.83913760687872,75017,66.90183652511544,3,9899.474939437398,258.8682756874913,,2,647722.0
2.407131546514837,48.82987420384587,7502,84.08751574089843,5,9569.91693818043,464.5682121832407,,1,606931.0
2.435546572628333,48.82957980210772,75015,144.02244309798957,5,9813.040070612808,200.66817965168937,,0,933690.0
2.413254927546737,48.82062881540146,75010,82.94154272761489,2,9903.611678623716,440.6848352790622,,3,1316666.0
2.273313616451033,48.85840798638165,7502,96.44452204045156,3,9569.91693818043,486.8715217721343,,2,661440.0
2.4449505114711214,48.874575301824734,7502,107.83714737255464,1,9569.91693818043,48.80328602294081,,1,1263142.0
2.392513810129141,48.811022430447416,7503,85.30299453729342,2,9983.017238897526,309.6614887691799,,2,767444.0
2.3666772837206964,48.84579464818032,7509,124.68602711540674,4,9775.064380528089,245.0329125166096,,2,1381218.0
2.3820624395582595,48.81280400850616,7506,84.02199937000466,4,9841.359840436731,277.80347681968607,,1,1154951.0
2.3571974412334167,48.840987692910346,75011,149.06794549796092,2,10149.03143443424,171.56455862641764,,2,1636647.0
2.457494328238277,48.88332339848812,75015,59.58989717163301,6,9813.040070612808,208.40555377043205,,1,376249.0
2.3203211658049407,48.87296241879909,7502,53.84568874593673,5,9569.91693818043,106.96294759408748,,3,569855.0
2.374667074264131,48.83119905699626,75018,93.35047106954516,4,9846.536214329111,83.03628694252097,,3,972295.0
2.3330703066795846,48.858860737153336,7500,135.2970940818929,2,9981.88888607979,297.6147078709153,,1,1554414.0
2.3891680450506736,48.866333704882365,75012,119.20103786323848,1,9935.066867676536,379.3700339870298,,2,898615.0
2.345587098944871,48.85264176476483,7506,59.2727412120882,6,9841.359840436731,243.6303008639649,,0,647799.0
2.4798488026160386,48.85505828447825,75014,123.8872253568988,1,10062.666974334055,130.8224313803326,,3,1174404.0
2.255531389027182,48.886790083333246,7503,105.6951566964343,3,9983.017238897526,430.3697944900362,,2,927407.0
2.324886811975805,48.84413002960934,75018,113.55915097112558,4,9846.536214329111,434.6844910296456,,3,1058626.0
2.262630667764499,48.82545924444819,75010,49.070956765714655,6,9903.611678623716,152.57710225239867,,3,521891.0
2.335429883558853,48.84790502555712,75016,45.58809712659603,5,9678.120674588112,183.99247755173604,,1,415101.0
2.27913256670944,48.855810974821,7509,41.30823932410741,5,9775.064380528089,430.6849616142154,,2,439857.0
2.321712708683682,48.81212539159369,75013,44.57027220718899,4,10190.767780889602,458.37521494698746,,1,529667.0
2.417355654043216,48.899618873040566,75018,49.37187594915262,3,9846.536214329111,80.67039276223281,,3,393293.0
2.3306134301215886,48.83990468102658,7507,68.6991931087787,1,10160.7203358053,129.08081182349173,,3,1084911.0
2.4251285367789026,48.86849064872099,7504,116.89008264649888,6,10257.726066885674,455.4435486504966,,3,1698590.0
2.367879924791837,48.88415988056765,7500,119.17018817611792,1,9981.88888607979,432.5646771359108,,2,1394778.0
2.400137967442208,48.814681577803256,7506,70.59012820746915,1,9841.359840436731,170.37950058955047,,1,857204.0
2.225246973810146,48.8810798335848,75012,120.28302423643215,1,9935.066867676536,295.77843399762406,,0,812365.0
2.4143732507354505,48.839228137269735,7508,64.87864362602159,5,9848.31703220121,239.02851509244195,,2,871476.0
2.3981358131975448,48.82479486898632,7508,62.46304595379504,6,9848.31703220121,264.4124641933811,,2,602638.0
2.2597633280871974,48.8921779808298,75012,45.7619169914269,5,9935.066867676536,451.6167058049105,,3,384331.0
2.268656522173867,48.8412113237714,75013,62.47151527572923,1,10190.767780889602,391.5215072518279,,2,403271.0
2.3540751502036663,48.88866126596307,7508,91.84302256013764,3,9848.31703220121,101.83989582864542,,1,710524.0
2.277581023053829,48.89669526906631,7507,44.20595756571417,6,10160.7203358053,462.7287189711271,,3,425592.0
2.389159333079791,48.88962213037398,7500,66.5829279861671,4,9981.88888607979,41.620486699535206,,1,479632.0
2.2997770914278965,48.83972286558184,75014,80.97379658287039,1,10062.666974334055,450.3514949311588,,3,856920.0
2.461014361446535,48.85793423438226,7500,104.51273774253768,5,9981.88888607979,378.9325159239231,,2,882806.0
2.415252470802792,48.856603844763285,7506,105.8975766652793,5,9841.359840436731,450.7436501211154,,2,1290341.0
2.251132721429758,48.89704155923436,75013,73.81893403402765,2,10190.767780889602,301.1309377621755,,1,1096811.0
2.421061277443077,48.86086857647092,7500,96.68732095577892,3,9981.88888607979,59.128347953654384,,3,1048698.0
2.418588458018488,48.87561121139615,75017,105.37645525158156,2,9899.474939437398,461.7090216269176,,2,1072705.0
2.393407428336684,48.81266145389142,7500,73.77731363657549,5,9981.88888607979,435.948996307259,,1,993717.0
2.235775176607896,48.84123475305243,7506,65.91114016200768,3,9841.359840436731,50.267777077036456,,3,836830.0
2.440533373737462,48.89436330288494,75014,63.37869135485767,5,10062.666974334055,411.0906151395034,,2,498262.0
2.407859255863125,48.867778304100646,7501,53.232077086027815,2,10006.394372127985,376.08275272906616,,3,428993.0
2.339065384871198,48.82524753383297,7506,78.50040413266919,2,9841.359840436731,124.4380304291585,,2,710630.0
2.423883851587496,48.88628282529828,7509,42.72299736063453,5,9775.064380528089,454.7940269621392,,1,602172.0
2.4744714996982715,48.81264625080112,75014,49.09073812695592,3,10062.666974334055,317.7346242455169,,2,596267.0
2.4475403250654484,48.857473805856216,75014,101.668840573705,4,10062.666974334055,400.06889186869097,,0,1211056.0
2.458813823751832,48.89275506436107,75013,57.25677094455008,1,10190.767780889602,472.4342924944992,,3,640592.0
2.3013595788680936,48.84619885700639,75012,122.58932059381895,1,9935.066867676536,75.58959570923366,,0,1440645.0
2.4571919460833387,48.854555913718606,7508,126.83487289870112,4,9848.31703220121,111.81012346491258,,2,1274918.0
2.359055203686018,48.86963478204624,75014,108.68486667456892,4,10062.666974334055,56.83970067799906,,2,1572471.0
2.3675258623848783,48.830283197477215,7501,100.7053748895239,5,10006.394372127985,247.10363358457104,,2,1390101.0
2.300708440911994,48.87115173263182,7500,78.46365691082175,4,9981.88888607979,449.917745303378,,2,709367.0
2.3306864632631936,48.82765250780395,7504,104.42744161091272,3,10257.726066885674,174.02044809936046,,3,1567463.0
2.4661881454327776,48.8224454474178,7504,125.14785685049448,2,10257.726066885674,280.38399341867915,,1,1421254.0
2.3231062216914937,48.843862405385096,75017,50.50528211409792,5,9899.474939437398,290.7536926553543,,2,341005.0
2.279763502401681,48.86028312162632,75019,92.44228841820264,5,9910.289427293848,246.3595548355242,,1,784447.0
2.294282908196345,48.866643586466246,75010,35.659791537215554,2,9903.611678623716,389.813768624684,,0,301588.0
2.454363730420944,48.89786023177844,75013,46.951113662172425,4,10190.767780889602,265.13887784454795,,1,471802.0
2.4672870645985205,48.85795138458671,7509,93.84829730313888,5,9775.064380528089,434.8953122947622,,0,1216728.0
2.426283371360032,48.82935175769482,7500,97.53305620087386,4,9981.88888607979,185.4802237801472,,3,594182.0
2.4318310075330376,48.84469094533789,75019,139.92817090721095,6,9910.289427293848,147.79444135606573,,1,1292040.0
2.443635974784196,48.85375170159276,7501,73.44705014885201,6,10006.394372127985,84.72449353342039,,1,1078724.0
2.3084353284517367,48.86684253829014,7505,86.53171141839073,2,9974.4015549417,151.39755489643076,,2,592767.0
2.4594901652486323,48.899659005418194,7508,119.4972094677506,6,9848.31703220121,359.009731245672,,3,769072.0
2.3680043285951147,48.895630401875486,7503,54.153132195401,2,9983.017238897526,264.40926210232215,,3,576276.0
2.3285847872812973,48.85996677168357,75014,140.2644188226932,6,10062.666974334055,484.4535232409641,,2,930660.0
2.309233194879896,48.84202338259272,75015,95.52755630943577,6,9813.040070612808,337.15556837439664,,3,1013602.0
2.425467252603507,48.89694936141341,7505,116.76288953267,6,9974.4015549417,389.8521134321906,,2,1098379.0
2.343748792294195,48.89238924026915,75010,42.78170195138945,2,9903.611678623716,284.4818360011136,,3,591577.0
2.247603545183165,48.86361201772623,75016,73.84756255097321,4,9678.120674588112,491.4709601138546,,2,796071.0
2.302384354396488,48.882796268955225,7503,87.50207977777143,5,9983.017238897526,485.7534492231999,,1,717889.0
2.391521221489236,48.87088877760353,75010,141.48977324816298,4,9903.611678623716,102.72897557661962,,1,1540937.0
2.223783121222172,48.85077156442604,7509,111.58816385567928,5,9775.064380528089,245.2430925757864,,1,1509138.0
2.472844121668964,48.86937205311633,75010,66.91868908382429,3,9903.611678623716,325.7927254015471,,3,560187.0
2.4314370726307857,48.8177923158954,7505,125.97208213314092,5,9974.4015549417,266.3492286976662,,3,1071243.0
2.3433636572453405,48.8737715736964,7503,110.06814093132516,6,9983.017238897526,300.9149585475457,,3,1395076.0
2.3841567515244786,48.81395190017937,7507,46.62062346777032,2,10160.7203358053,391.3532011592605,,2,311641.0
2.276278396097858,48.8714280992406,75013,97.73320095934469,5,10190.767780889602,422.6938125773775,,3,1324383.0
2.33843173085113,48.82338437620874,7509,125.95070156418362,6,9775.064380528089,342.00716905352243,,2,1385106.0
2.394740165086729,48.82563667976998,7508,147.8791688661011,6,9848.31703220121,93.20991879950044,,3,1082886.0
2.3027379327628155,48.85466047696737,7501,115.87913571896296,6,10006.394372127985,123.16207215800496,,1,913792.0
2.230554533779048,48.836409022659886,75017,58.94573446803892,6,9899.474939437398,200.9445052584537,,0,557138.0
2.325140290105195,48.83185439974992,7509,59.52193679042674,4,9775.064380528089,241.36703612520847,,0,824634.0
2.2806856882538744,48.88823764019999,75019,141.8356882601953,6,9910.289427293848,335.90430046528235,,1,1070607.0
2.23438118508697,48.86798950786008,75019,118.29751583270956,6,9910.289427293848,38.57722734144423,,1,1450272.0
2.3126794243392754,48.86534133148518,75019,136.66872391057782,5,9910.289427293848,98.86339500184002,,3,1123253.0
2.44063074433429,48.89263117420008,7509,100.1873632621526,5,9775.064380528089,178.99268054206925,,0,812926.0
2.420367347760033,48.89847198154505,7503,85.43158882640867,6,9983.017238897526,253.4643369936604,,0,723952.0
2.384727213113517,48.81039198348244,7505,116.70003978857572,1,9974.4015549417,89.23834491743456,,3,1019445.0
2.4584865270282443,48.84424752072141,75013,96.79952883045878,6,10190.767780889602,304.57180534907303,,2,716405.0
2.477669117001912,48.82580780929989,75010,104.02135140163053,4,9903.611678623716,117.88975303750516,,2,938921.0
2.259670563975747,48.89757447907371,7500,105.33712884345718,3,9981.88888607979,51.75790509987198,,0,1349709.0
2.4561890397220614,48.85559520565763,7509,140.5417580666143,2,9775.064380528089,40.96581091320538,,1,1469902.0
2.446192085306828,48.82820233031188,7502,114.81814571224992,1,9569.91693818043,432.15287135368857,,1,1356325.0
2.4222187034577023,48.85497000687006,7501,84.93815582329705,1,10006.394372127985,53.16808280345431,,0,897445.0
2.4739472703767045,48.86118458970283,7506,49.03704297396602,1,9841.359840436731,353.67614623967734,,2,351086.0
2.4545616890395165,48.81820107333695,75017,37.07559752177093,5,9899.474939437398,241.29901680695585,,2,355132.0
2.4464108458089755,48.856698431147336,75015,110.12144931991192,1,9813.040070612808,411.54370211888784,,0,1419186.0
2.255946092429552,48.82327995941171,7505,117.66300927844006,1,9974.4015549417,111.80711812835229,,2,1366169.0
2.3216996704298585,48.81261491973471,75018,96.22572097226512,3,9846.536214329111,258.12696297383764,,2,620007.0
2.305342253227033,48.874839550145815,75014,59.54734179961452,5,10062.666974334055,155.32827376238052,,2,518908.0
2.296067834897136,48.82726520300327,75012,148.6014951142428,6,9935.066867676536,403.41578464201496,,2,1655458.0
2.476359518955369,48.85348715033125,75017,134.00850573760584,2,9899.474939437398,357.61481869409124,,1,1134847.0
2.442554437504663,48.82983531101999,7503,115.15791622025984,2,9983.017238897526,400.5984677122596,,0,1143425.0
2.3429467648706708,48.8259848876185,7503,81.11836201866049,6,9983.017238897526,336.831521197913,,1,769099.0
2.367725202946384,48.86267437362594,7505,137.13301898362846,3,9974.4015549417,460.3112615760709,,3,1297158.0
2.328175818209167,48.836755474416215,7501,65.68029585935331,4,10006.394372127985,348.8475068192012,,3,662895.0
2.316965104517657,48.84388835859403,75014,62.481168454814046,2,10062.666974334055,428.599672306152,,0,896120.0
2.2698866193775165,48.88966532322702,75013,61.67863769932024,1,10190.767780889602,423.8442824638757,,0,924155.0
2.245553372512304,48.81707990937356,7505,48.8863342512511,3,9974.4015549417,258.9940300865537,,0,437082.0
2.2944515128682528,48.84367687940487,75018,87.70699763178787,2,9846.536214329111,347.2037623027182,,3,1135713.0
2.2805079910550496,48.85929266273144,7504,85.89356528451428,4,10257.726066885674,75.37612621426385,,1,681507.0
2.222701241437396,48.81304563565841,7500,68.58241553127431,1,9981.88888607979,371.6686898607822,,2,598571.0
2.233583209244776,48.86920824250518,75012,71.50249835779901,4,9935.066867676536,201.7071089205288,,1,898795.0
2.3458954259466624,48.85956283895828,75010,136.4442306145803,4,9903.611678623716,375.1093028755138,,0,886503.0
2.3576384250966766,48.867977722484575,75012,134.4324921854117,2,9935.066867676536,389.833095166058,,2,879043.0
2.251791652946942,48.84319409521952,7505,142.9707219807268,4,9974.4015549417,337.1179684190445,,3,912344.0
2.393132573807208,48.89299474206987,75011,59.75082245325975,3,10149.03143443424,148.51820243151218,,0,456786.0
2.397796716960768,48.85513421187016,7502,131.27005400886935,2,9569.91693818043,175.50141521135916,,1,810756.0
2.328457940841329,48.82891371359994,75018,51.52592790578752,5,9846.536214329111,411.6738576922573,,2,369713.0
2.3281285144056088,48.8723952709048,75017,41.43523510563045,1,9899.474939437398,294.2473866639769,,0,512881.0
2.394132236729506,48.87240397999092,75012,69.85497766098507,3,9935.066867676536,396.47909766042585,,3,917123.0
2.342056447870485,48.82914455450738,7506,54.10545290633195,4,9841.359840436731,52.13115674570497,,3,525808.0
2.2408138236371853,48.87064956696487,7507,121.6018346302508,1,10160.7203358053,435.6132530355809,,1,1534423.0
2.331013602835975,48.836311167181606,75010,88.61700683049678,3,9903.611678623716,167.09970072776824,,3,614033.0
2.318717257392464,48.828803766860666,7507,135.1822862748386,2,10160.7203358053,275.76205639002626,,3,824483.0
2.4426682064955414,48.84549827107473,7508,91.72395642018957,2,9848.31703220121,389.8608434824399,,3,1218128.0
2.4645113293013754,48.8414262489374,7508,86.72300827025342,3,9848.31703220121,99.1191814718477,,2,1020664.0
2.239047804301082,48.84957651864583,75016,127.29012378469444,3,9678.120674588112,362.1117689827949,,2,814410.0
2.2581026442820176,48.828440306468,75011,128.5125224932379,3,10149.03143443424,355.44103008583625,,1,1640040.0
2.2753042474436422,48.86199515032368,7500,59.64313219446757,1,9981.88888607979,443.3693100981264,,1,341349.0
2.3704447360469736,48.84321917483869,75011,68.58405312738965,5,10149.03143443424,108.90548421278795,,2,470635.0
2.245182278343824,48.83530936816887,75014,51.97459947140963,2,10062.666974334055,375.5613072524416,,1,482254.0
2.370966354841576,48.8486498048106,75013,120.68361655371376,6,10190.767780889602,305.35214675533456,,3,1576719.0
2.3931615433092155,48.83552390649258,75019,57.69210042089856,5,9910.289427293848,200.2274894742784,,3,441097.0
2.324468649581004,48.879617084660055,75013,114.77313417324198,1,10190.767780889602,414.9432076271853,,3,959645.0
2.278381091475035,48.8112685815006,75016,75.02328287316028,3,9678.120674588112,323.28281805386825,,1,1059459.0
2.464837057278336,48.81220469348907,7507,91.3923429845727,6,10160.7203358053,398.5151694071751,,2,1200973.0
2.234376562118946,48.8154248882136,7509,75.89730434311383,5,9775.064380528089,330.0942958645527,,0,723804.0
2.291928955350448,48.8469497858069,75011,71.49872497479441,4,10149.03143443424,193.34495199955973,,2,929454.0
2.238492236852806,48.88875131983724,75018,37.20911506379346,5,9846.536214329111,161.95764932982672,,1,242523.0
2.2204739209345288,48.856962538263566,7506,38.59285835229368,4,9841.359840436731,199.3959463277438,,2,518443.0
2.348685932862431,48.87675532519482,7503,62.75324479093631,6,9983.017238897526,220.28709295834489,,2,879621.0
2.38358953742071,48.819015798457954,75017,139.40361188521013,5,9899.474939437398,91.92632191682657,,0,994107.0
2.277690877105216,48.84062240122576,7508,106.65681486948972,1,9848.31703220121,362.6541973323364,,2,1072892.0
2.342799362090558,48.88531675909877,75016,83.31212029057878,2,9678.120674588112,185.0563690283004,,2,535100.0
2.307301201621455,48.83413230208236,7509,58.92385242066214,6,9775.064380528089,52.59990527774081,,3,384318.0
2.431359310091899,48.89667637820201,7508,106.27263751854976,5,9848.31703220121,408.6454516405046,,3,841841.0
2.390777601497569,48.82893895440444,7508,111.35192560535708,2,9848.31703220121,308.53818044483216,,2,1260634.0
2.2410868036949823,48.85330416091836,7505,126.8308341243626,5,9974.4015549417,469.6206145596089,,3,1092020.0
2.3543969779872223,48.825862932993104,7503,109.4593612689598,1,9983.017238897526,338.9920185497812,,2,949182.0
2.369625572790071,48.873056665298776,7505,76.37258343399876,4,9974.4015549417,315.5817626817029,,1,759362.0
2.411699079721485,48.8871421933068,7501,58.92818772517245,1,10006.394372127985,440.6326656779913,,1,767933.0
2.278366085211021,48.87717487688263,75012,111.93412652564396,3,9935.066867676536,477.7566244968276,,2,1392876.0
2.303996417614921,48.84926097107877,7504,36.32990737971336,3,10257.726066885674,166.13398332426598,,1,353999.0
2.309477032063668,48.82148720560608,7509,72.28972989203126,1,9775.064380528089,464.321812246046,,1,669604.0
2.279435392913893,48.88252194032851,75010,51.24798547179765,1,9903.611678623716,260.91239124936965,,1,778735.0
2.299155507471178,48.85394162946789,7503,112.9016804407278,1,9983.017238897526,128.0087247971533,,2,968279.0
2.3658773613643174,48.86201037805545,7504,118.15743177324497,1,10257.726066885674,473.2322081409142,,1,1122138.0
2.460955941987715,48.81487892988621,75018,68.50869300888202,3,9846.536214329111,66.37769318071514,,2,711858.0
2.3433333588491645,48.88314971941438,7507,43.4389014468248,2,10160.7203358053,148.75758720325754,,0,601891.0
2.2475399938437843,48.82020590587179,7505,54.59834684027396,5,9974.4015549417,149.43442008980028,,2,585892.0
2.3060230533813524,48.85456458494146,75019,69.57042338278654,3,9910.289427293848,150.23933187349311,,1,1069730.0
2.369634317586766,48.839780698763626,7508,138.48049826895124,4,9848.31703220121,112.74639101052458,,2,1090787.0
2.340310673522553,48.87011387182584,7506,65.8741010496031,3,9841.359840436731,300.5859619638857,,3,581618.0
2.4053803427011613,48.81641041349372,7503,69.83850329777158,5,9983.017238897526,358.4155648221406,,2,460348.0
2.450790368300068,48.86946183278088,7506,80.53643991435274,3,9841.359840436731,115.4363025523366,,1,533348.0
2.221825203238765,48.814987540860656,75017,75.69125316150362,1,9899.474939437398,218.95519407480805,,0,470615.0
2.459554771376624,48.84770100093276,75019,112.40583653598507,5,9910.289427293848,104.31603207348272,,3,1022054.0
2.372474002996288,48.8516328588728,75017,111.8033064161521,5,9899.474939437398,257.91285891397365,,3,1297449.0
2.45066174473127,48.8844383266367,75019,119.63464339904844,2,9910.289427293848,74.2476532852517,,0,1268259.0
2.3954783513056155,48.82658076468927,75013,112.21072607285411,2,10190.767780889602,398.4303120659692,,2,1086083.0
2.4571073763867903,48.89101223543304,75015,142.91705744879658,3,9813.040070612808,225.5906088254873,,3,1544791.0
2.449742626569173,48.88738777021554,75016,124.8703020108781,1,9678.120674588112,196.50467888367123,,1,1538892.0
2.41916676511674,48.81851055877738,75014,73.79211542475367,2,10062.666974334055,419.9376557036064,,0,522767.0
2.2425490745196264,48.8565262649046,7509,81.90567829647264,5,9775.064380528089,456.24416658500047,,0,1020684.0
2.4027611112340064,48.829582105288615,75011,56.16819134633048,4,10149.03143443424,457.6195066121673,,1,346502.0
2.4440538906881484,48.86878579799652,7501,134.00108527165844,6,10006.394372127985,121.7198082993289,,0,1456575.0
2.4302243669731203,48.88367542796526,75014,110.04937721359528,1,10062.666974334055,59.79170589779186,,1,664420.0
2.4378885399175734,48.89188184270724,7504,107.74091892430069,1,10257.726066885674,237.7235618399502,,3,697423.0
2.4371839108951496,48.84826661732119,75014,83.18891335265013,5,10062.666974334055,394.22330242827314,,3,1163217.0
2.2600480521145845,48.85965737757808,7501,76.09494733577822,3,10006.394372127985,82.63471170536242,,3,1221786.0
2.245210714012429,48.81982369139581,75014,136.397005218396,4,10062.666974334055,228.0182736134399,,0,1128436.0
2.3307717041735607,48.860059126371794,7503,120.66130616340672,6,9983.017238897526,180.5538993670156,,1,1112501.0
2.221966695014444,48.839913936202414,75014,98.85542991565734,6,10062.666974334055,68.09691990721763,,3,1268829.0
2.4798888741560834,48.84046172918843,75013,90.22831442730408,1,10190.767780889602,420.5009240060274,,0,593117.0
2.4318777200704007,48.82940387710473,75011,107.96440110010931,6,10149.03143443424,395.7624810804237,,1,1094131.0
2.3008451289164458,48.85265204152808,7501,93.76923882443008,6,10006.394372127985,443.6524566241857,,1,659300.0
2.469601526389065,48.83216562488626,75012,123.8198566602937,4,9935.066867676536,227.9575143399016,,0,904861.0
2.375170092399161,48.81081391613081,7504,146.0829292187019,3,10257.726066885674,291.59282428364435,,0,955064.0
2.3674520262454504,48.81148156839072,7501,65.09538627152003,3,10006.394372127985,428.0539133253452,,3,781679.0
2.4605619732328825,48.81299389222056,75017,138.0735409769954,1,9899.474939437398,487.1270901866129,,1,825683.0
2.231911416026928,48.89428390776917,75019,50.40776663606921,3,9910.289427293848,384.0954574001387,,3,548954.0
2.3160838871614766,48.81250963790203,7502,99.48672971546536,2,9569.91693818043,407.61610266559336,,2,786892.0
2.2933996444876583,48.85221087202305,7507,88.89874131910608,4,10160.7203358053,286.80138107146405,,0,646645.0
2.339390103010029,48.810333577437,75011,88.75765646244692,6,10149.03143443424,158.67911557020568,,2,899353.0
2.366328170263905,48.81028472793955,75013,102.0090140612756,5,10190.767780889602,209.71379735409064,,3,1517305.0
2.265487500458718,48.81772459825708,7500,51.74017685563148,6,9981.88888607979,162.8038647604497,,2,736421.0
2.3881045295213994,48.88347540279532,75015,95.40006181926194,2,9813.040070612808,61.547022249875134,,3,1156336.0
2.252411481841207,48.831653557508886,75013,118.66393466726603,6,10190.767780889602,444.8810384086851,,0,1000226.0
2.228161098351961,48.87397935354885,75014,105.7625421083347,5,10062.666974334055,494.4570696634115,,2,667427.0
2.453215235500744,48.88963286313821,75018,129.08027288529894,3,9846.536214329111,68.8803072436769,,3,1423463.0
2.304454303116383,48.86184920569482,7504,105.13180906020872,2,10257.726066885674,346.8525532456612,,1,1231752.0
2.4400167465494635,48.863509845198735,75015,57.060826168815694,6,9813.040070612808,37.02732181496745,,3,560570.0
2.3139246303933816,48.86913308365895,7506,82.91736853837915,6,9841.359840436731,125.04810500206727,,1,571764.0
2.238902621927024,48.89510785414407,75010,57.79599721387541,4,9903.611678623716,353.19418079442033,,1,732997.0
2.477946165080257,48.86685486073051,7500,56.23836810631563,6,9981.88888607979,251.76843350877783,,0,828859.0
2.3500362780375914,48.88862352649077,7500,63.75270360298161,6,9981.88888607979,141.074378479226,,2,890362.0
2.412682106651908,48.872149269279824,75018,94.3164394284449,2,9846.536214329111,446.3012616467428,,2,700357.0
2.22406812405524,48.824717975130135,7508,77.40059917078403,3,9848.31703220121,130.6840344824506,,0,760361.0
2.2840291610363805,48.85778862485866,7505,90.87080696052912,4,9974.4015549417,268.99808855075685,,0,1226870.0
2.3987824806187787,48.87621313070094,75017,68.09851014627355,6,9899.474939437398,198.55267094515887,,1,444173.0
2.336174782288939,48.81983238428524,7503,69.40651876202828,5,9983.017238897526,111.36006289832278,,3,767198.0
2.254840378079985,48.85468802458114,7504,92.98476333565952,3,10257.726066885674,109.77116825528816,,2,1385368.0
2.4621882498997305,48.89855327491797,7502,66.14252518559131,2,9569.91693818043,85.59298568212827,,0,388796.0
2.4197682643376504,48.85106186714302,7505,140.28693621166616,1,9974.4015549417,195.679048092318,,3,1176818.0
2.468284410527117,48.84890603213666,75016,137.8205716380606,5,9678.120674588112,373.43331748850886,,0,1021255.0
2.3525991086502778,48.853765628180746,7503,91.01839815974596,3,9983.017238897526,260.7548152756151,,1,693246.0
2.238543464621145,48.85251651910283,7507,46.67897129302045,3,10160.7203358053,456.7043805045668,,1,313576.0
2.286500232171521,48.89767670073868,75017,98.01213201306042,1,9899.474939437398,307.3096018098682,,2,1051119.0
2.386836528086897,48.81556735483366,7509,68.15411413792826,3,9775.064380528089,334.6780948624039,,2,778007.0
2.3330035086231904,48.870544171479786,7506,41.34438640686445,2,9841.359840436731,222.7617882716904,,2,249234.0
2.38100725695188,48.892124478630166,75016,108.37855074191748,2,9678.120674588112,395.928846686105,,2,815848.0
2.4387115139534505,48.852272415713536,75017,132.8492296827373,3,9899.474939437398,411.5070899913895,,2,985297.0
2.3212379236346385,48.84702886086364,75014,79.17419251087193,3,10062.666974334055,427.7602708015157,,3,555161.0
2.287117170024692,48.82469604007078,75014,131.38140805187626,4,10062.666974334055,328.38378644344454,,2,878708.0
2.3886784754392245,48.82928102191688,75014,47.56283422836823,4,10062.666974334055,372.14725041676286,,0,692934.0
2.451773885520519,48.85392735126376,7508,77.13037933963406,4,9848.31703220121,72.93476637321137,,3,830199.0
2.2988987410742467,48.88547550632662,75015,125.01884622320378,2,9813.040070612808,414.1352525021045,,2,824463.0
2.4001411128152443,48.85272640941092,7508,89.24361101471827,2,9848.31703220121,154.59569170379626,,1,548166.0
2.2885953398313763,48.83396552615605,75011,49.61082107570988,3,10149.03143443424,253.62490371648943,,1,702502.0
2.4120563959197714,48.88215114432168,75018,77.8435570046894,6,9846.536214329111,185.7684961459192,,3,775633.0
2.276118291823655,48.89023300184032,75014,45.46688506539461,4,10062.666974334055,279.00825703814263,,3,449209.0
2.402111817967898,48.883988528026734,75013,80.86952606033248,5,10190.767780889602,453.27771924676057,,1,1208210.0
2.263112065559345,48.88960807136882,75012,132.52462796963175,4,9935.066867676536,69.9502276496637,,0,951355.0
2.3648965119447656,48.862778985334735,75019,54.64658184783073,4,9910.289427293848,416.0068001141236,,0,851191.0
2.4717262855272923,48.8174259982947,75015,94.5939791142966,1,9813.040070612808,257.71756091155027,,2,828537.0
2.447001488139412,48.86889019564476,75015,60.91372829907564,2,9813.040070612808,466.00573538463135,,3,781535.0
2.464475575486492,48.815272051045554,7500,61.55143703759159,1,9981.88888607979,278.62130233225474,,1,530222.0
2.290229527754461,48.88919751317793,75015,35.69435800742556,5,9813.040070612808,196.19859990725723,,2,529061.0
2.3531594781688883,48.88487992041552,75011,84.76634035302827,4,10149.03143443424,315.78278582377817,,1,879445.0
2.4086080733829283,48.86481930284574,7500,70.84634146067856,3,9981.88888607979,278.28129801977707,,3,637836.0
2.2502929210454443,48.81339960892442,75019,38.92474407283947,4,9910.289427293848,261.7297407416933,,0,448245.0
2.344189324567701,48.8763174333444,75011,72.13248936218659,5,10149.03143443424,356.1925545321406,,3,920455.0
2.356194060095239,48.89095229708326,75015,103.82029612256252,5,9813.040070612808,206.10401686398848,,1,1260516.0
2.324396220793352,48.81570443094409,7506,102.0585575439738,5,9841.359840436731,247.67871344579217,,1,1459037.0
2.2627444829685706,48.86695674242194,7506,126.13228658250412,4,9841.359840436731,154.97080867330197,,1,1210454.0
2.248099838003464,48.86331274052776,7507,97.59650173843126,5,10160.7203358053,376.5566513930979,,1,983157.0
2.3855702612559018,48.876425969756895,7503,123.67392247601418,6,9983.017238897526,360.60717969234673,,1,1457576.0
2.247024230763268,48.89165478269263,7509,55.50377248201976,1,9775.064380528089,323.79064820728286,,3,380166.0
2.308435002501457,48.887317762192666,75013,91.53489990899082,6,10190.767780889602,108.16717475874434,,1,667257.0
2.26737391563539,48.8995960159027,75015,122.34781614197794,6,9813.040070612808,490.6528998581262,,0,700495.0
2.403805045464855,48.88149670407709,7500,118.01004344789888,1,9981.88888607979,231.46315876181225,,2,1543090.0
2.465788450122173,48.829697369798666,7501,139.38641853504737,2,10006.394372127985,354.8379224243229,,1,1144823.0
2.312660508343501,48.85316074162486,75019,139.83755212134946,2,9910.289427293848,45.639782308829865,,1,1499189.0
2.2331840085442063,48.867877508445495,7503,67.80329791311422,2,9983.017238897526,374.4867279067655,,1,676534.0
2.316372334602692,48.88750526138816,7502,76.39571834653258,3,9569.91693818043,320.5995350267001,,0,710531.0
2.423107652284475,48.8425501337596,7505,37.74622431845777,5,9974.4015549417,238.70938803658737,,0,445994.0
2.414126980283638,48.81481177883583,7501,52.07161643985821,3,10006.394372127985,255.6142895953167,,1,831966.0
2.355553404045694,48.826167595172166,75010,108.74285730531386,6,9903.611678623716,347.0653429356682,,3,1104982.0
2.389612770315232,48.88299253840927,7503,44.8667500191835,5,9983.017238897526,302.8191738518227,,1,496843.0
2.394512614876876,48.89643944228008,7500,128.83577239022782,1,9981.88888607979,499.3957990026056,,3,983543.0
2.241184774216644,48.816425310594994,75018,83.22332081044436,3,9846.536214329111,355.2693258239997,,3,1025976.0
2.2274589905204483,48.885439539059405,75010,71.13373867817768,4,9903.611678623716,41.37105159222282,,2,441569.0
2.228246921415294,48.882968429376696,7509,132.29912005379842,6,9775.064380528089,398.7292678301189,,1,1559213.0
2.245852790340097,48.81999779230282,7509,112.6604550628212,2,9775.064380528089,424.0533729729706,,3,838014.0
2.372849962877225,48.83746419626824,7507,97.08001806183576,2,10160.7203358053,177.14741835433975,,0,717198.0
2.367110362985428,48.86287245058977,75012,51.20169367963087,6,9935.066867676536,486.4985607801332,,2,579683.0
2.299445856222776,48.88349605969444,7504,121.73119684513917,1,10257.726066885674,383.62026239181125,,1,1190462.0
2.3239100571572577,48.83578560798327,7508,111.28320799384498,1,9848.31703220121,220.12703577732407,,0,1229700.0
2.336785436400054,48.86242040180907,7502,125.61264997776324,4,9569.91693818043,378.3346489280259,,0,1273599.0
2.355902506336568,48.842535429493786,75016,71.9889886896807,2,9678.120674588112,205.00237689662293,,2,900595.0
2.278140665630867,48.87062539498874,7506,45.40637405200828,3,9841.359840436731,430.8301026121469,,1,363358.0
2.386978186340657,48.85427304685196,75015,64.4962540955917,6,9813.040070612808,474.2062248745173,,0,551310.0
2.4237886890075497,48.83440765267719,75016,119.61362752559612,4,9678.120674588112,489.0183134109024,,3,977752.0
2.3289875027611395,48.8132514172362,7501,96.45214364846672,4,10006.394372127985,246.42389712810663,,1,660541.0
2.324156435496967,48.85672677042693,75016,51.536321746143685,2,9678.120674588112,268.5811291430414,,2,769832.0
2.2923141357478234,48.88345838580396,75014,41.43812634962129,6,10062.666974334055,159.14946249016327,,3,485091.0
2.2390435464234626,48.817239760931926,7500,64.17795364729946,3,9981.88888607979,230.74812254373592,,0,440564.0
2.284373595095496,48.868837587280304,75011,63.47337964994315,1,10149.03143443424,210.8698826331744,,0,839655.0
2.4585287436614047,48.81387640942658,75019,107.99410381004296,6,9910.289427293848,442.0519174775124,,0,1345221.0
2.4373005880709684,48.86825552696978,75017,84.47688255711174,3,9899.474939437398,497.7194495321101,,0,1113363.0
2.3186403114887515,48.87407885634674,75011,35.6409791661273,2,10149.03143443424,124.48090695018682,,0,465218.0
2.4290422648668666,48.8707289748504,7501,84.02920694360861,5,10006.394372127985,63.5498365347128,,2,865363.0
2.2201194851185875,48.87671348570273,7505,92.29262856947788,3,9974.4015549417,357.95679730467674,,1,776923.0
2.269920166300772,48.89042976373565,75019,57.43631913849405,6,9910.289427293848,410.22298110427903,,3,709496.0
2.373736426653944,48.86770037901946,7500,101.3327983285418,1,9981.88888607979,423.7387401004628,,3,985482.0
2.2927551301174334,48.83129172858012,7501,61.767782225434914,3,10006.394372127985,124.32132659741532,,3,376321.0
