longitude,latitude,code_postal,surface_reelle_bati,nombre_pieces_principales,prix_m2_ref,surface_terrain,number_of_lots,season,valeur_fonciere_actualisee
2.9104947162492296,48.50738166659933,7701,188.16570821989208,3,2534.5676313664776,3414.5127934710176,,0,517302.0
3.0920791158583176,48.11991117249707,77019,126.60641855030072,4,2509.836958318999,4790.078247982735,,1,309682.0
2.1974803831898875,48.8547034500932,7705,182.50159722959552,5,2469.326368602736,2174.7796486110374,,1,472530.0
3.407535541774545,48.45008859420052,77016,157.0888748259926,6,2489.955719107417,4383.049642105996,,2,317409.0
3.0688590790928822,48.44962847538326,7704,114.58525183993208,6,2507.681546343389,1030.479091490707,,3,434085.0
3.283021503025434,48.90626739728983,7708,77.7819350937603,4,2479.8146622631675,1410.2634539271917,,1,186578.0
3.4972691152812843,48.35424114344157,7706,123.43275984982824,5,2515.5912267881854,2259.219468215276,,0,213855.0
2.298617464286268,48.83310207623801,77014,188.10056729693312,6,2531.1992319512387,739.0948705271761,,3,505886.0
3.296376309396932,48.63557434069778,77013,141.43055326569146,2,2550.4876935530483,3658.2785581751496,,3,291272.0
3.392030283146086,48.32893730133002,77015,168.57707314654667,4,2509.041371711664,2899.2211235280165,,3,298876.0
3.114744123386964,48.49084732146765,77017,98.98391190691588,1,2535.249063009944,1871.3965020478336,,3,242641.0
3.1621131747693223,48.3984925870644,77018,138.78860187903513,5,2529.770777288311,513.6620860645431,,2,318699.0
2.3446719417610127,48.27017493677773,7707,145.7001468844398,1,2468.2970993678014,2255.1474790945103,,0,295800.0
2.222860509268113,48.41722932808285,77012,160.57017853420928,6,2528.438700180489,1630.4988862693594,,2,496691.0
2.117864004205732,48.31811416532896,77015,182.8269336473523,6,2509.041371711664,4435.1636775927545,,1,515384.0
2.092088446613253,48.81714097022704,77010,126.59239394063457,2,2535.7676266455924,2208.772452170056,,3,451459.0
2.2600839212619945,48.09838549250697,7706,152.0251514317037,6,2515.5912267881854,4660.756395498373,,1,277936.0
2.7189877843043435,48.84208850343027,77017,179.9392766585385,2,2535.249063009944,2115.847587365553,,1,325752.0
3.227603971246736,48.990374429578864,77014,184.2276931272588,2,2531.1992319512387,2766.096033523662,,3,390430.0
3.038889966598381,48.0718528734991,7702,78.82479425882855,5,2521.514844161584,2721.5089732639067,,0,229438.0
2.50132294005614,48.207888354105,77010,153.4641197529516,3,2535.7676266455924,1069.9630966321774,,3,434665.0
2.1640178109702544,48.84383914686334,7708,159.35483210510532,5,2479.8146622631675,4752.660807876279,,2,548880.0
2.1712613764533244,48.12285822411151,77019,167.98144774893328,4,2509.836958318999,1237.1819189406317,,0,577249.0
3.3350718648109114,48.35561683020557,77017,225.44515261320848,3,2535.249063009944,727.9164718919822,,0,633925.0
3.172863003318252,48.54528729249288,77014,175.34368710771136,6,2531.1992319512387,3045.725946806136,,3,344608.0
2.906474245698758,48.33862946801791,7706,83.61463688596241,4,2515.5912267881854,1440.5470124212816,,3,293257.0
2.1330593045655486,48.93199716522582,7702,83.2934234053353,6,2521.514844161584,4405.8112726282125,,1,173850.0
2.866339375762317,48.93948948841538,7707,142.10532142270068,1,2468.2970993678014,2518.1442432138647,,1,237595.0
2.6418025467083,48.14961634988074,7707,180.4746115251453,2,2468.2970993678014,934.0117249632008,,3,565513.0
2.835552857381016,48.94281387838777,7702,168.88513726997303,5,2521.514844161584,1614.147919580298,,0,263893.0
3.1152304291818105,48.22714860426812,77019,201.91084094712247,5,2509.836958318999,588.5721778743566,,1,411816.0
2.864940462129728,48.00382288972837,7706,208.4677835497432,2,2515.5912267881854,3261.401746459571,,1,753801.0
2.411692558095008,48.18697821478255,7703,205.56607966228623,1,2494.7034077219337,4105.574716688754,,0,579022.0
3.275649730979171,48.56453699429392,77016,195.470546253345,3,2489.955719107417,4054.269090962622,,3,634756.0
3.288359321246682,48.5622367924565,7709,183.48468392856267,3,2516.219162131406,2400.2835156601845,,0,619641.0
2.304064337456036,48.78116047372473,7707,199.4888600813142,2,2468.2970993678014,1175.0591071413176,,1,364570.0
2.45194871356942,48.49555535051645,7704,117.19842219684924,6,2507.681546343389,3456.8080245866363,,2,309438.0
2.5193665922419166,48.72723006194348,7705,99.3981464103368,5,2469.326368602736,1190.6836648024164,,3,161882.0
3.24982381879623,48.85216817699776,77013,232.5754082422515,1,2550.4876935530483,2208.663999081212,,1,839317.0
2.477028601335421,48.041655572073225,77010,208.1005756645052,6,2535.7676266455924,1260.2853962860531,,3,403101.0
2.2769486860210537,48.3421076208636,7701,116.06374636021876,1,2534.5676313664776,2480.2612092922946,,0,320110.0
3.1511210431178505,48.691268590117424,77010,84.9841121410805,1,2535.7676266455924,2312.9707901844004,,1,175978.0
2.9968205682089035,48.16865019234702,77014,156.07074919505806,2,2531.1992319512387,2966.915556414476,,0,545595.0
2.6775452288475243,48.39738139048532,77019,232.75183911369643,3,2509.836958318999,974.6316498048376,,1,549791.0
3.174797619947939,48.78037612357098,7707,164.19258687717425,5,2468.2970993678014,2961.3346311712467,,0,488774.0
2.8163900327142244,48.13322970727684,77018,135.7452274928457,6,2529.770777288311,4337.488418743531,,3,414161.0
2.9819480388756427,48.04905836740864,77017,210.1140841230222,1,2535.249063009944,4026.663449424389,,3,409939.0
3.077875218225216,48.81850335734708,77015,172.60622696272262,4,2509.041371711664,4581.780669685977,,1,552319.0
2.3863535487855456,48.30803627492824,7702,211.4645853974996,4,2521.514844161584,1990.6306114639824,,3,503135.0
2.331336528011948,48.78119448098877,7701,146.93809127226928,1,2534.5676313664776,3823.6678609069454,,0,520157.0
2.29128634279805,48.39198072438271,7703,227.7261680524648,5,2494.7034077219337,1308.6179792415646,,3,514622.0
2.12827968709316,48.35017764376537,77016,135.14189810330356,1,2489.955719107417,1322.897034186189,,3,422238.0
2.8126355294901746,48.76458985353997,7709,169.58204779454468,2,2516.219162131406,1957.8566238679784,,2,316632.0
2.040618847800669,48.76767567878288,7709,76.94375129464086,2,2516.219162131406,4771.823578162326,,1,288141.0
3.2392740871276944,48.99425818656034,7701,155.269871525572,1,2534.5676313664776,1304.128301126228,,2,444703.0
3.214886630454349,48.58313021909959,7702,135.8416909570937,6,2521.514844161584,1192.6377940230727,,3,351454.0
2.3833504161620223,48.829039284261,7702,101.7358142388412,5,2521.514844161584,882.1183021908835,,0,346264.0
2.54261392524405,48.78874658608586,77010,209.1871617777248,4,2535.7676266455924,2804.191893592939,,0,727266.0
2.058229238269803,48.6743307590546,77015,106.61468692008472,2,2509.041371711664,3585.1154859226426,,1,282148.0
2.635756227330873,48.6660208284725,7705,138.23241051214058,6,2469.326368602736,1923.4302665480047,,2,379268.0
3.017736752975872,48.32309970166634,7706,179.71769410371604,2,2515.5912267881854,1746.8116237102984,,0,473475.0
3.383205618549022,48.68790476507618,77016,200.7827384040487,3,2489.955719107417,3682.6760591978873,,3,588633.0
2.213832039497244,48.40415956677325,77017,236.4957040345648,6,2535.249063009944,849.0155113694395,,0,543694.0
2.645930462142452,48.31931856496698,77010,81.13282348696707,1,2535.7676266455924,2537.7960702590817,,2,259178.0
2.465517039524548,48.88055154679686,77017,172.92370018014412,3,2535.249063009944,3520.244492293363,,2,554683.0
2.4388439305140057,48.74147439604704,77013,112.43027969953803,4,2550.4876935530483,2830.893177202076,,1,262984.0
2.790198104808709,48.93622265238484,77012,102.2542949380152,4,2528.438700180489,2998.1653467200344,,3,337032.0
2.763662142857086,48.65379461544413,7701,177.82985886441676,5,2534.5676313664776,2663.312494457733,,3,570494.0
3.3138267696401416,48.096549842036055,77011,160.44941180393005,4,2522.5267076694745,1130.5652958243068,,0,246581.0
2.011595401010524,48.42311343099578,77012,230.1912545736194,4,2528.438700180489,2282.548842732437,,0,519601.0
3.2419257876130865,48.2796546786358,77017,150.5683514428752,2,2535.249063009944,2421.6520598265743,,0,380083.0
3.347403061009909,48.23119644182767,7701,136.3614760120508,3,2534.5676313664776,2245.511196225409,,3,251885.0
2.6495159683856,48.28321562704076,77017,218.14968589530568,2,2535.249063009944,594.2540872933157,,2,743788.0
2.8897784187515096,48.72728539400633,7700,122.29796369108894,1,2500.6482553342094,600.8109501167792,,0,369124.0
3.0233405749540467,48.2823894405007,7702,93.98549948681458,2,2521.514844161584,3953.196820324983,,2,259780.0
2.5376266931486566,48.40139052015931,7701,225.0781147700715,5,2534.5676313664776,1710.0728434935097,,1,573066.0
2.577953115428959,48.30080399236786,77019,197.23991123450588,6,2509.836958318999,2639.6074062950383,,0,359826.0
3.402279219484573,48.66060968979528,77019,168.5116283456012,5,2509.836958318999,2418.64398533824,,3,263565.0
3.3709735756266896,48.54468209028563,7709,152.39617550538983,6,2516.219162131406,1241.4048914454222,,3,570053.0
3.407497747023177,48.989225841677246,77011,176.65013077176857,5,2522.5267076694745,4553.852571199723,,0,433119.0
2.3867654570129258,48.86951120361643,77010,240.8165054841137,1,2535.7676266455924,4146.642185067943,,3,440882.0
3.018641647628569,48.24537081553722,77013,114.79518724363146,6,2550.4876935530483,2011.159021434796,,1,314078.0
2.3904626650742955,48.14843008427992,77015,163.31612460940417,5,2509.041371711664,1930.6641024137248,,0,324664.0
3.2211003589269005,48.60610959985297,7703,79.88118331624887,2,2494.7034077219337,3935.759381241649,,2,221274.0
2.074854412784699,48.82513583749005,7700,232.7275653650076,5,2500.6482553342094,2913.461528078091,,3,607890.0
2.9970771193804,48.48320247261095,7703,157.24192629211444,3,2494.7034077219337,1510.4157678726806,,3,538571.0
3.134089794311096,48.34820575332071,7702,160.59813890227667,4,2521.514844161584,2764.835086538801,,0,431051.0
3.2988778246438315,48.356524926231415,7702,130.69758429542333,2,2521.514844161584,4299.510103341892,,0,237672.0
3.167773166157222,48.55684394718117,7708,210.0449748818592,4,2479.8146622631675,3233.4258121129496,,2,708101.0
2.561042281979777,48.506228529536266,77015,200.656234988055,6,2509.041371711664,3181.822855302924,,2,470463.0
2.00547061614877,48.74375755263713,7703,115.9514319504027,5,2494.7034077219337,2607.393388295711,,0,237031.0
3.060526753364826,48.32339757635325,77018,79.5505694630756,6,2529.770777288311,3381.53968806833,,2,237381.0
2.03443449460834,48.79620017571286,7705,109.31927939042212,1,2469.326368602736,1202.1999179029503,,2,388152.0
2.934925824109249,48.45826096896795,77012,210.9576142931305,6,2528.438700180489,2152.914581576604,,0,529913.0
2.2952599280308537,48.33855743760238,7708,139.86403145678875,6,2479.8146622631675,1751.4262370986974,,1,455980.0
2.117305699815895,48.85590196342039,7700,180.5536248344128,2,2500.6482553342094,3040.792950592921,,2,472188.0
2.280945571566959,48.68047026217737,77010,111.65754104031453,4,2535.7676266455924,696.5268330470346,,2,206241.0
2.9821710787441296,48.45020811648767,7707,124.53927498387398,1,2468.2970993678014,3088.1903828133327,,2,199016.0
3.0434783236121072,48.77505062023219,7708,179.1996386991193,5,2479.8146622631675,507.02204529112,,2,370788.0
2.3054800015474224,48.24226180921055,7705,127.69059102243374,6,2469.326368602736,894.2526117937272,,2,206765.0
2.4719404609251243,48.3819857900328,77017,66.97620424217715,6,2535.249063009944,822.5687098080612,,3,254939.0
3.289777207873495,48.77781214344392,77014,106.98734177726736,4,2531.1992319512387,2920.509873432553,,3,400283.0
2.8216586966523383,48.762534557664296,7707,203.22191927690747,5,2468.2970993678014,4358.6407997569,,2,314771.0
2.204931997163043,48.70891099691012,7700,176.85137307284225,5,2500.6482553342094,3833.45877989392,,3,350648.0
2.5766914838806843,48.91817254324408,77019,208.3269928280611,3,2509.836958318999,1968.760594356416,,3,352322.0
3.3390164800173525,48.502181141539126,7708,195.76292327550092,5,2479.8146622631675,3664.123444793664,,3,334162.0
2.7280916896462823,48.93039306965121,77012,173.38281297171528,1,2528.438700180489,2901.0601055191933,,1,567815.0
2.4615383654796097,48.21007495679008,77017,85.01171701686938,2,2535.249063009944,2078.4766307050827,,1,285849.0
3.48385505198641,48.04527884061899,7703,148.12342533119136,3,2494.7034077219337,1958.68540699196,,1,396558.0
3.226148039625328,48.74242343110338,77013,112.66219645976642,1,2550.4876935530483,2910.783375280752,,3,339611.0
2.58597397791857,48.01493169679281,77011,201.591092746974,1,2522.5267076694745,2000.4103074252848,,3,376219.0
2.9743887045580264,48.5735959145072,77015,214.4492150754996,1,2509.041371711664,4394.909665723257,,1,556579.0
2.0990252240993907,48.29301398498672,7703,183.1711442578677,3,2494.7034077219337,4164.917705330081,,3,558989.0
2.814805157421725,48.3674018763477,77017,90.48611233368716,2,2535.249063009944,1181.4476408373137,,2,312234.0
2.901778176808114,48.00313991646056,7701,141.85956391239364,2,2534.5676313664776,1012.3311109538764,,2,315965.0
2.408900524533249,48.04566905084042,7700,132.12951334719014,3,2500.6482553342094,526.6688699414307,,1,453049.0
3.3100056319124835,48.073476883005725,77017,119.0466471148487,4,2535.249063009944,2895.970825903544,,3,253108.0
2.102429169966424,48.87216024683497,7709,214.61758602727525,4,2516.219162131406,3939.149399181242,,1,729475.0
2.2450138151547603,48.96415834923656,77018,161.69729286513902,1,2529.770777288311,3280.595224768746,,2,415232.0
2.489062673070089,48.625961630865774,77014,110.33318245150085,1,2531.1992319512387,3843.5083100876914,,2,255736.0
3.147905786175436,48.35626144879296,7702,67.17905625317914,4,2521.514844161584,3395.1637628139224,,3,152614.0
3.04893792537634,48.59509200200633,7707,76.40332016994797,2,2468.2970993678014,2403.390644646551,,3,223691.0
2.300804573295278,48.11332972991363,77018,152.61413048656107,5,2529.770777288311,1095.3777364129728,,3,409013.0
3.0978895362604906,48.34597322616307,7700,72.18453750309608,6,2500.6482553342094,4527.4634479489305,,3,174270.0
2.317377770224632,48.93356997227517,7702,83.38637523094901,2,2521.514844161584,3529.5520324552854,,1,201988.0
3.13922062811206,48.94783520078104,77017,201.5598482767261,4,2535.249063009944,1850.9358419156613,,2,621893.0
3.344255610154574,48.43041545576009,77013,221.6662510583952,4,2550.4876935530483,2010.0050114795176,,2,534372.0
2.5049654144383284,48.45504241311914,77012,211.95304919664903,5,2528.438700180489,2854.6821410237662,,2,742550.0
2.452258307101544,48.46845744268166,77019,207.65347127781348,6,2509.836958318999,3483.9858228473454,,1,490079.0
3.081186874307301,48.631540402192144,7701,80.04633153136568,5,2534.5676313664776,4601.77185884999,,1,218093.0
3.259676739042676,48.04884986750952,77019,157.9353784331919,1,2509.836958318999,1649.0881101546502,,3,564482.0
3.323234514611867,48.61732663669472,77016,92.9659960676794,2,2489.955719107417,927.3577694709136,,3,275599.0
2.890810651501792,48.6455114854787,7705,82.98995582729262,3,2469.326368602736,1259.1573926168555,,0,275606.0
2.575839235454313,48.54114989103612,7707,228.6403734769277,5,2468.2970993678014,627.7594244404206,,2,549107.0
2.1487275843823657,48.9303985522452,7709,182.14005431143283,2,2516.219162131406,2457.5447570276274,,3,642522.0
2.116199154377528,48.49250097281646,77011,166.30702223619187,6,2522.5267076694745,3844.3142172956136,,0,372420.0
2.7733734954929865,48.2646191885984,7703,223.6742079804293,5,2494.7034077219337,981.4154393178828,,1,750197.0
2.9538294400449754,48.378132480230256,7706,110.58462737320257,5,2515.5912267881854,3666.046806026313,,3,230532.0
2.623158524389491,48.40796260220573,77014,194.15104178122584,1,2531.1992319512387,2707.0448383390312,,2,536041.0
3.097231130084926,48.95913620658513,77011,113.38892656710316,4,2522.5267076694745,3742.1199529630376,,0,275725.0
3.033223308191652,48.61040750897296,7703,130.4335995191184,3,2494.7034077219337,1560.7894101350191,,3,317581.0
2.2913551370099734,48.59480831577989,77014,146.85290911092838,1,2531.1992319512387,709.8865291661498,,3,532842.0
2.8179381462595234,48.47800247935831,7709,137.8562150260795,1,2516.219162131406,3011.1170770615126,,1,269409.0
2.7828673973688067,48.546569399250885,7703,230.25955081975525,4,2494.7034077219337,1875.795984982398,,2,770143.0
2.278609881349938,48.0345895370638,77017,180.12005075298867,4,2535.249063009944,3344.3993006443884,,0,478457.0
2.904303404100078,48.58328963003071,77010,60.24174872201104,5,2535.7676266455924,1735.303887691854,,2,189502.0
2.623676606670079,48.2950053436195,77015,223.17159699725275,4,2509.041371711664,3637.355842225689,,0,586809.0
2.527292062395321,48.06331924697232,77012,238.26471122857012,5,2528.438700180489,699.3172426194175,,0,427151.0
2.5375584073275324,48.85192424165716,7708,229.7009968114516,5,2479.8146622631675,4596.524896684124,,0,618875.0
2.34923488081667,48.94549951401453,7702,225.83089252705048,1,2521.514844161584,1793.3422475233249,,1,694463.0
2.125810607828018,48.99280397818602,7706,119.66836057335236,6,2515.5912267881854,2568.197973372006,,3,364345.0
2.8821293687820466,48.57068966157685,77018,212.30507855647812,6,2529.770777288311,4062.722754129221,,2,551270.0
2.384092379224046,48.71672802671575,77013,211.87535895942108,6,2550.4876935530483,4235.1046973548655,,1,701063.0
2.961153206050513,48.40505083333219,77016,86.86656505854876,4,2489.955719107417,2052.1738499529347,,2,237395.0
2.8829659453747505,48.74322951089108,7709,232.133111106266,2,2516.219162131406,3717.4722364774857,,2,572733.0
2.462064235331028,48.10565554790524,77013,91.96240587015656,5,2550.4876935530483,2694.3473931899,,2,361074.0
2.884425343004539,48.48202842743824,77015,174.7207588275361,6,2509.041371711664,2127.8884513876046,,0,464401.0
2.446626815957407,48.53539464575376,7709,79.38970624654614,4,2516.219162131406,1242.3983721916409,,2,228214.0
2.602590894304466,48.80143352418448,7708,101.83272691829356,6,2479.8146622631675,2231.5844318032105,,2,220621.0
2.1694454134963816,48.81181222656994,77015,179.65647873430208,5,2509.041371711664,2172.7192376420426,,2,725900.0
3.470309397557344,48.50115173245669,77013,125.191084699423,1,2550.4876935530483,4343.013355875146,,2,282939.0
3.2415145324424666,48.9397729082346,7703,217.67115334130887,5,2494.7034077219337,2649.686100612541,,1,787654.0
3.247160747833305,48.173291037887786,77018,154.27204277737505,3,2529.770777288311,1086.475708783505,,0,302633.0
3.448453743062172,48.20236356032179,7707,202.5042161736784,3,2468.2970993678014,903.6719466888552,,1,352281.0
3.257461053902296,48.41876321656187,77012,85.05153872725603,3,2528.438700180489,1539.9047620581753,,2,257714.0
2.9387323783635617,48.21266826764716,7701,93.85365855076228,6,2534.5676313664776,1489.0904889931508,,2,267844.0
2.070472686103599,48.52815047924722,77015,154.6512086417717,4,2509.041371711664,2911.447065162253,,2,486108.0
2.1562162416203177,48.005527514757816,7704,83.97829810183447,6,2507.681546343389,1143.8734791046495,,2,181720.0
3.053042591499059,48.15985817563273,7708,211.77601419396035,4,2479.8146622631675,983.4289865688766,,3,655671.0
2.1152741927918512,48.39294443937336,77017,65.3210106997671,1,2535.249063009944,694.5041813800054,,3,181127.0
2.4776780653480763,48.7234749446581,77013,197.6075327434429,2,2550.4876935530483,1203.8898595522687,,3,694808.0
2.3699327860708554,48.77848712060519,77014,177.58710976319355,6,2531.1992319512387,2792.4970928911625,,1,408474.0
2.616205980461851,48.97890859939009,77018,191.7188330095053,1,2529.770777288311,4216.385458146719,,2,356719.0
2.9778124125352226,48.7112288336984,77016,234.8882951650423,4,2489.955719107417,562.0935170518359,,3,425673.0
2.828278608755972,48.58576035837089,77013,113.72524269124509,5,2550.4876935530483,4065.584282177701,,2,175031.0
2.423747470487075,48.29579802875652,7701,218.51445267576253,1,2534.5676313664776,1419.968063873462,,3,604581.0
2.456912482618268,48.37790970354538,7708,175.19833805965962,2,2479.8146622631675,2193.3929194065367,,0,381591.0
2.999906942827495,48.997506864218096,7706,90.64280616591104,4,2515.5912267881854,1382.3797997549214,,0,174446.0
2.280406830945388,48.37643893944671,77012,167.24407544115132,2,2528.438700180489,3107.98299333807,,2,414770.0
2.947558682954745,48.8599441416255,7709,231.3048111940553,2,2516.219162131406,1098.5588021721917,,0,746667.0
2.7609092666348607,48.66503176170213,77011,125.73477268333492,5,2522.5267076694745,2685.2374309858114,,1,335069.0
2.3665617734408784,48.93011233922785,77015,72.52736665660937,2,2509.041371711664,3512.380871532766,,1,189888.0
2.277130455168268,48.64255884883761,7704,153.05020951600392,6,2507.681546343389,4338.073070983555,,3,362818.0
2.314001050609356,48.36058936180933,7707,105.692478818513,5,2468.2970993678014,3571.8065971746046,,2,288107.0
3.230577352567672,48.43744641081634,7709,199.79228940146325,3,2516.219162131406,3134.468838071281,,0,443978.0
3.378858613090014,48.78463899315802,7701,155.26467853887766,5,2534.5676313664776,529.1436615260404,,3,521698.0
3.14817825629095,48.62749014570308,7707,135.77786257248627,4,2468.2970993678014,1502.2090131932082,,1,378207.0
3.046757402953654,48.65607057648296,7709,152.13375907330712,6,2516.219162131406,930.0089493096611,,0,419269.0
3.217900145357393,48.18238440275202,77012,192.2815154159873,3,2528.438700180489,834.5363675061287,,1,501318.0
2.7747686939368617,48.48425305623002,77019,192.524816847048,4,2509.836958318999,3551.326305448625,,3,517950.0
3.093428938252016,48.37542542028381,7700,196.563503923866,5,2500.6482553342094,4192.029643399397,,3,497997.0
2.177180199698264,48.99075414390573,7703,106.27663735252916,6,2494.7034077219337,4370.834495459836,,0,333010.0
3.394166397237459,48.83781130009089,77013,228.37840715505905,1,2550.4876935530483,1359.5425073617207,,2,725152.0
3.179622942271533,48.93691466764417,7702,176.44472915029309,5,2521.514844161584,4041.093589980769,,2,483895.0
2.531827509332693,48.73097884336962,77014,89.19640988156578,1,2531.1992319512387,4723.50019351315,,3,268783.0
3.4561407756994407,48.19034189770783,77015,222.7934893311512,2,2509.041371711664,3523.550359777308,,2,619849.0
2.133562499067982,48.6795615776855,77017,217.8773164255428,6,2535.249063009944,3450.789758535839,,3,571957.0
2.24994031172436,48.93779598814328,7706,187.52834299327628,2,2515.5912267881854,2864.409146834397,,1,691910.0
2.373673820768143,48.76623730239443,7708,198.0964951479453,1,2479.8146622631675,3261.336164632728,,3,603585.0
3.19957687042808,48.12323257571632,7702,219.2637800055421,4,2521.514844161584,2126.317005802339,,2,612894.0
3.2200655477768505,48.75703735618584,77011,115.77198921653864,6,2522.5267076694745,773.1151046056209,,0,393482.0
3.1730596192067653,48.95733768912219,77018,206.2828794431841,2,2529.770777288311,3772.379679887763,,1,415826.0
2.507216192625365,48.01120539305747,7706,216.8964638466912,4,2515.5912267881854,3400.434643722432,,1,502709.0
3.4300334245599844,48.916560039625416,7704,173.82407543792016,5,2507.681546343389,950.5144071409964,,2,272177.0
2.6365612387337123,48.09237455682494,7709,63.12545627828178,1,2516.219162131406,1566.783969231975,,1,202757.0
3.227782465197145,48.21457134491387,7700,146.47483104749944,4,2500.6482553342094,983.844961789596,,0,285582.0
3.23246167047727,48.7261289572014,77016,132.34922320685013,4,2489.955719107417,1195.6120905038897,,3,413036.0
2.4012800997629493,48.05471260191572,7708,105.0894280407324,4,2479.8146622631675,2032.664522023914,,0,318121.0
2.5736167766014497,48.598431078026806,7703,97.72686155184536,3,2494.7034077219337,2501.956473029626,,1,359082.0
3.334747344439096,48.02871394613227,7702,82.66546731480909,4,2521.514844161584,4790.7524739468845,,0,199040.0
2.381981470562064,48.75998592968059,7701,230.7618701932105,6,2534.5676313664776,1694.592516115741,,3,804530.0
2.5837700165669224,48.00332288928417,77013,70.77421580955935,1,2550.4876935530483,2928.440593692997,,3,257614.0
3.217497896842981,48.55832951215648,77015,143.67333486395128,3,2509.041371711664,761.7433001901832,,3,275868.0
3.200139307832872,48.57935309748523,77012,238.53796058234204,3,2528.438700180489,2670.3074673301658,,3,824898.0
2.788375194208494,48.32544209704604,7700,213.2497537067374,5,2500.6482553342094,4022.745080471681,,1,622486.0
2.884502278331824,48.68329638291464,7700,130.1648302438017,4,2500.6482553342094,2983.1966653984523,,3,309727.0
2.9836601278966697,48.20335677318709,7709,186.697877962804,3,2516.219162131406,4302.41233095177,,1,386297.0
2.1664690871554635,48.484734958605024,7705,204.13038821576188,2,2469.326368602736,1452.2766906805432,,2,575208.0
3.084728149547197,48.54050291257021,7709,171.69356077712797,2,2516.219162131406,2948.607749478664,,3,341111.0
2.0545559691967554,48.56563316045132,77011,62.50900842091431,4,2522.5267076694745,771.8555018202858,,0,223395.0
3.191921955375592,48.61464686250078,77015,133.39997199799564,6,2509.041371711664,1347.137018976091,,0,423121.0
2.3860129822842984,48.26983345329109,7708,99.2562953293854,3,2479.8146622631675,4721.53248768516,,0,151978.0
2.4555345885975344,48.254707151139286,7702,195.8529301207085,2,2521.514844161584,4140.357825974593,,1,524890.0
2.2372300148062187,48.73700751806169,7705,158.52829642084805,4,2469.326368602736,2288.302192099106,,1,357096.0
2.3163811573665485,48.96141980241478,77011,176.6094903975524,5,2522.5267076694745,3175.4248803651044,,2,294540.0
2.856987333281796,48.336269054872766,77011,191.2593917056815,5,2522.5267076694745,2922.8010323081767,,3,751257.0
3.2972463990569487,48.56972866933911,77010,75.36569243714939,5,2535.7676266455924,1271.478475814315,,3,237343.0
3.1025988131621327,48.95063170377728,77010,234.62903152744752,6,2535.7676266455924,2500.645355215722,,3,419086.0
3.1797874465926057,48.76698127657975,7707,146.0643477169269,2,2468.2970993678014,2858.805996984328,,2,454565.0
2.903708346723125,48.78807941618327,7703,77.54744800311978,4,2494.7034077219337,1200.7577096284251,,3,250561.0
2.575677155618447,48.631048543528685,7708,65.89111327290111,1,2479.8146622631675,3027.2073742687307,,1,210922.0
2.846128600540196,48.7705895081627,77013,102.69178174483716,5,2550.4876935530483,2140.226115808605,,3,324474.0
2.0955073320699227,48.85936870951443,77012,126.77833364538692,2,2528.438700180489,4476.230115205236,,0,409660.0
2.212053787555872,48.93911267325554,7702,116.72975981050632,2,2521.514844161584,756.2830262474804,,2,459689.0
2.687638811067373,48.52295827756823,77018,234.58188973919283,1,2529.770777288311,2302.679183473725,,3,571682.0
3.474613478222727,48.32025414447673,7701,85.55645546685551,6,2534.5676313664776,2129.193212460087,,0,268284.0
3.350015377901972,48.84857548387836,77012,149.30671849380488,1,2528.438700180489,4780.155056672461,,0,246903.0
2.772225796220562,48.6484248808524,77012,117.23325300889462,1,2528.438700180489,4374.515277507459,,0,305363.0
2.5771609244691422,48.47597720832303,7707,233.0305897206006,4,2468.2970993678014,1611.417201365203,,2,558478.0
3.153258303966575,48.638724525448765,7709,186.9446032670573,5,2516.219162131406,1715.6040256580998,,1,332768.0
3.163649661390104,48.57409200008183,77014,235.43826168773816,2,2531.1992319512387,2651.704442900897,,2,693257.0
2.238318521293106,48.58650388147242,7703,172.83335688257557,4,2494.7034077219337,3146.5029700172063,,1,413065.0
3.057136857666374,48.82465369296133,77014,189.70195352677536,4,2531.1992319512387,3253.893776113922,,0,571408.0
2.8091276423296945,48.06864150644521,77010,233.5868227318507,3,2535.7676266455924,2984.963253215624,,0,491916.0
3.215189952517939,48.76760601945824,77015,137.6109209194592,3,2509.041371711664,3660.3934549303913,,2,434122.0
2.604383929287464,48.226663641932205,7707,84.94247829901687,2,2468.2970993678014,875.9735473588462,,0,229115.0
2.170959878205513,48.1144608359247,77016,133.69491785921247,5,2489.955719107417,3289.893861516126,,3,258277.0
2.874565901367176,48.70984581401484,77011,160.9535700048504,2,2522.5267076694745,4436.085537541468,,3,266191.0
3.474483961824129,48.67647674579885,7702,155.50961721280302,4,2521.514844161584,3401.961231503186,,2,427984.0
3.226174562736788,48.38062329347658,7705,155.21906984458184,2,2469.326368602736,2287.3044984314497,,0,275237.0
2.104739782784628,48.630486919204095,77016,125.78202612740856,2,2489.955719107417,1187.9723427150348,,0,325042.0
3.3027405280673428,48.18544178421929,7702,84.25357599390571,5,2521.514844161584,1752.190157734805,,2,235892.0
3.484046963827794,48.610642066631776,7706,68.79253699789732,3,2515.5912267881854,4038.995317648097,,1,196361.0
3.2449904687936537,48.271217333209975,7703,148.72207672362805,6,2494.7034077219337,3155.4884844210283,,0,285706.0
2.511344802624362,48.80293530310381,77010,209.8393566683928,5,2535.7676266455924,2139.855220650436,,2,382081.0
3.115896370016962,48.33653238418001,7703,182.92632468745884,3,2494.7034077219337,1586.6809439445983,,3,304958.0
2.5098307813932563,48.59234749021336,7700,231.87854637312373,6,2500.6482553342094,4146.337476732849,,1,592931.0
3.3411142426869445,48.3623749421328,77015,207.2187228839616,1,2509.041371711664,682.0381728804059,,0,460626.0
3.1377847868910624,48.05769322148886,77011,160.1479251660893,4,2522.5267076694745,1913.8623374678807,,1,313498.0
3.214079997558545,48.13756425811254,77015,227.66571945761623,1,2509.041371711664,1337.9475311227793,,3,755722.0
2.3800470933411164,48.73315476899806,77016,154.80340466390294,5,2489.955719107417,2624.4034089616785,,2,380961.0
2.820027882648933,48.57540938728615,77018,192.3216633368604,5,2529.770777288311,2750.5073843448213,,3,436185.0
2.295985885847114,48.63997307316721,7703,191.88596606794988,3,2494.7034077219337,2812.7986660902425,,3,655845.0
2.6252775262827206,48.0599388426312,7707,169.6439648783632,1,2468.2970993678014,1650.340574955684,,2,419679.0
2.3789053171045853,48.297814675158186,7707,218.51978830623565,3,2468.2970993678014,1922.3965282003464,,1,712885.0
3.2032205869824097,48.9547841244346,7705,205.70517400247329,2,2469.326368602736,2376.793457073655,,1,485036.0
2.5278654393261606,48.790517477746704,7706,142.6273857281355,3,2515.5912267881854,591.5133813132584,,3,389975.0
2.437674489917688,48.7885201958731,77013,162.75577338710784,6,2550.4876935530483,2766.5763689098167,,1,280373.0
2.80516320566374,48.00358076757591,7702,176.67485977953356,1,2521.514844161584,4220.046390737407,,0,630241.0
3.341146291983544,48.18129247201392,7701,144.55860382982442,3,2534.5676313664776,2628.9538767054087,,1,207441.0
2.6181417698036564,48.84795793359653,7704,239.0505828434332,4,2507.681546343389,2746.523127524416,,0,592907.0
2.6407607145810443,48.99791661611244,77012,85.67763472715302,3,2528.438700180489,2747.9935728512683,,1,262544.0
3.28444942509841,48.70073244022898,77012,193.6902844960204,5,2528.438700180489,642.0907093593644,,0,367303.0
2.050632470258235,48.638020596152174,77018,135.1171586307489,1,2529.770777288311,3112.5479499468606,,3,324760.0
2.7123421777440178,48.44742397516132,77017,69.33135377808026,2,2535.249063009944,2242.594453028497,,0,171266.0
2.0498121101461995,48.95708997645866,7701,158.76122169481005,2,2534.5676313664776,1367.7542173287611,,0,598252.0
2.5468918839883745,48.34867275716966,7702,168.17539021943136,1,2521.514844161584,2454.8136918645946,,1,541413.0
2.568748928935328,48.16580355689665,7703,100.37922186864296,4,2494.7034077219337,3459.443604789324,,3,380205.0
2.585484254591864,48.84875927628555,77011,145.43777228661747,3,2522.5267076694745,4232.472256346706,,0,343589.0
2.6922412708543653,48.292420388045976,7702,112.34879486799318,1,2521.514844161584,1459.456820385673,,3,393466.0
3.172618788222912,48.355339708219546,77013,132.33215177869533,3,2550.4876935530483,4612.08316741983,,3,479048.0
3.015676039794754,48.86428933394184,7706,176.7137378082072,4,2515.5912267881854,606.7150283732689,,2,502661.0
3.430998758041373,48.01232702322951,7706,211.5297575639556,3,2515.5912267881854,2710.406907491975,,3,488079.0
2.3315792126934585,48.201415924191664,7709,189.6031607206669,2,2516.219162131406,2066.9445936714524,,0,676896.0
3.3518353281081787,48.786775218823394,77018,200.9032772834597,5,2529.770777288311,4048.704003522088,,0,701148.0
2.0677375105332447,48.07702248657367,7705,132.22013975600277,6,2469.326368602736,1741.9236515203586,,3,315696.0
2.317991082047987,48.65735348217013,7701,206.4483174701372,3,2534.5676313664776,2371.0887530935256,,3,596385.0
2.014674403690753,48.18757637031364,7706,166.4251069245266,3,2515.5912267881854,2585.4960019800988,,2,304783.0
2.3932267156812568,48.39411819372573,7708,216.08323110694133,5,2479.8146622631675,2277.220302663556,,3,490958.0
3.462294931140531,48.374273831763134,7708,66.38662382016562,1,2479.8146622631675,3986.24345819455,,1,249540.0
2.45422931868584,48.67302116471858,77014,147.7478914566778,1,2531.1992319512387,3508.14106529456,,1,342101.0
2.1169417219957816,48.0293470665497,7706,228.8371919021083,3,2515.5912267881854,4272.92521020383,,1,666972.0
2.4723445502188803,48.74516319741074,7706,186.93661073479296,5,2515.5912267881854,2937.9873702315795,,0,664925.0
2.697916296913885,48.05823783082028,77011,207.23640973813144,6,2522.5267076694745,1712.3805019830725,,1,761955.0
2.6385598310911456,48.919266740954896,77015,214.34887670616536,3,2509.041371711664,3937.669465400162,,1,423418.0
2.3828605267883343,48.67180127754846,7703,195.22286216534576,1,2494.7034077219337,4224.596374838906,,2,474977.0
2.573097039680764,48.67057874656276,7708,231.0970854890346,4,2479.8146622631675,1323.5825712144847,,2,741525.0
2.0897302926118977,48.14016499946963,7702,196.52763831166035,2,2521.514844161584,2432.750468683455,,3,693682.0
2.2346231946842288,48.034568565837546,7703,96.9642607787658,6,2494.7034077219337,4463.500655230009,,2,263246.0
2.9428979888450386,48.453641507007895,77011,89.47985003460415,4,2522.5267076694745,948.8737131910826,,0,242184.0
2.1009633325608217,48.74700058613873,77015,201.67806798451787,1,2509.041371711664,1346.626043628452,,3,637652.0
2.7002554376225305,48.93302673725698,7703,153.34473790813954,3,2494.7034077219337,4247.367503753192,,1,509830.0
2.272892195742907,48.86178562101352,7703,154.43227027603731,3,2494.7034077219337,3944.103264798083,,2,392641.0
2.8781724372269344,48.71256507787837,77015,227.2119126576493,4,2509.041371711664,1964.8309173406933,,0,505111.0
3.015124123213321,48.3350262007216,7701,230.71264468162008,1,2534.5676313664776,2558.63447624459,,3,950038.0
3.272421113808531,48.73717735470185,7709,212.5737292072077,4,2516.219162131406,724.1820443331735,,1,797012.0
3.3492691476444647,48.940879906341486,7707,220.08226358574103,2,2468.2970993678014,938.1952809860188,,0,803495.0
2.34784098697675,48.77941949420835,7703,72.85635112250223,2,2494.7034077219337,3465.501450840042,,1,175027.0
2.5901722298354537,48.131851989643394,77016,215.1035357900657,2,2489.955719107417,4074.2632281320352,,2,622669.0
3.2629625381094067,48.01036372234718,77012,153.7788307211064,2,2528.438700180489,3634.461789285668,,3,248319.0
2.663017697505744,48.27704292347719,7702,190.58784007590424,4,2521.514844161584,3755.26713351288,,3,359021.0
2.4692162512649576,48.72983799190634,7701,83.76193574703748,1,2534.5676313664776,845.4745474396269,,0,278249.0
2.857823882399165,48.30556306102143,77017,76.5363773673953,3,2535.249063009944,1182.1456035604376,,2,208469.0
2.816556037146552,48.45016305428362,77016,67.2379280052173,5,2489.955719107417,3437.8861930401904,,2,169987.0
2.7822344696705867,48.19138606133035,7708,208.69928455058988,6,2479.8146622631675,3895.44743567158,,2,698880.0
3.483359049799391,48.2640250588996,7705,195.82113416008065,6,2469.326368602736,3863.0435379958863,,3,602799.0
2.385116131151837,48.611249372833726,7705,113.49165762030992,3,2469.326368602736,832.9499789085728,,0,201860.0
3.468896897049828,48.45313384872017,77010,116.2255241019003,1,2535.7676266455924,1698.405420190886,,2,366038.0
2.6359911259687765,48.57238740722987,7707,113.65450770047798,3,2468.2970993678014,1395.476149240303,,2,382072.0
3.130468970898763,48.46605801831884,7700,183.59913866642083,2,2500.6482553342094,708.2159574649994,,3,441129.0
2.5741889845300907,48.54916437279845,7702,113.96615789475372,4,2521.514844161584,2067.547611742236,,3,435082.0
2.7684974833411364,48.2438775175793,7708,232.41581884996856,6,2479.8146622631675,4393.048427790611,,3,467049.0
2.0222561202571656,48.60028868731944,77017,185.46954477155,4,2535.249063009944,3997.4238799716313,,3,667782.0
3.179952359301897,48.587111915904266,7703,233.1088169936449,6,2494.7034077219337,897.9751739155902,,0,418860.0
3.1818634138396065,48.58688798851588,7707,169.31084717994614,1,2468.2970993678014,1353.702708503223,,1,506714.0
2.285542087320364,48.384437251190604,77013,173.88561017041573,4,2550.4876935530483,1697.733084189328,,1,538887.0
3.463447422726353,48.42512213420135,7702,151.06703879647034,3,2521.514844161584,2806.194359465633,,0,415951.0
2.16779299719551,48.04477944488946,7708,228.68518554835848,2,2479.8146622631675,1762.942314473899,,1,558029.0
2.85847245018986,48.14843218424496,77012,201.7347515550476,6,2528.438700180489,4693.7842981976255,,1,337486.0
3.35734491720969,48.31266254334591,7704,208.0795087920964,5,2507.681546343389,1677.8442748239609,,1,668921.0
2.60181859209348,48.181373518963895,7709,118.5875481787439,1,2516.219162131406,2342.6304106348825,,2,292029.0
3.2869118888801467,48.14030242900779,7708,235.1434140154308,3,2479.8146622631675,1796.7057855427051,,2,510169.0
2.4354953613743744,48.519243971877486,77018,108.11968687865976,4,2529.770777288311,1650.7075640203736,,1,308552.0
2.9578059156295127,48.91764995491379,77012,125.10921302497562,6,2528.438700180489,3323.06171563964,,2,468581.0
3.4094541324478964,48.829542199011634,77017,76.77523134422309,3,2535.249063009944,1376.4181262337397,,2,220791.0
2.075887274285072,48.07653960733417,77012,226.4992067862503,2,2528.438700180489,1222.9779530499018,,1,421480.0
2.4284398995253658,48.27090922324687,77012,154.34446458434792,5,2528.438700180489,2068.291174019385,,3,314599.0
3.145858051495093,48.317365522073146,77015,109.03218968071948,2,2509.041371711664,1990.1643020983424,,0,349836.0
3.249754770317022,48.749776061238414,7705,162.1240423469102,5,2469.326368602736,863.1850786513091,,0,488919.0
2.597108832830976,48.87671091939086,77018,118.42992224683796,3,2529.770777288311,2961.0584972606493,,0,319051.0
3.4574468573978714,48.49167390127266,7706,137.15336023504318,3,2515.5912267881854,2075.7577101856737,,2,299165.0
2.1194355958999664,48.20828494577554,7700,225.35432429427584,3,2500.6482553342094,2738.944206899733,,2,401413.0
2.8797191003389098,48.167383032858616,7708,105.54057471444176,4,2479.8146622631675,3605.0472896404494,,1,347755.0
2.31106835658855,48.60784347728737,7708,155.49633331007155,4,2479.8146622631675,4235.168483069461,,1,523730.0
3.4301110858898327,48.73136593456081,7707,168.2709389199611,3,2468.2970993678014,3026.8482556502377,,0,409347.0
2.7408771311424625,48.09770914775399,7701,81.29283959710239,4,2534.5676313664776,3671.8991300735297,,3,323697.0
2.051835306430895,48.96096370338576,7707,120.61790118457088,5,2468.2970993678014,3536.2825236799977,,1,221820.0
3.261691412158015,48.907198710663046,7708,132.25873506058028,4,2479.8146622631675,2863.4830707094616,,3,481378.0
2.724645343979427,48.70859536840967,7703,195.8372630696516,6,2494.7034077219337,4055.827918855704,,0,742782.0
2.4365874580806106,48.240971567544605,77015,235.5840363189792,1,2509.041371711664,2637.111112966747,,3,506984.0
3.017497972867777,48.37845495308413,7704,115.4191802970193,1,2507.681546343389,2873.9840803416546,,3,318585.0
2.8140667443016607,48.706761387210506,7700,151.2751649390931,6,2500.6482553342094,3790.1031975606456,,2,377035.0
2.251039599707942,48.97202525649659,7703,160.90621552819613,6,2494.7034077219337,3018.5980017707293,,3,540289.0
3.485453023844693,48.76547858885639,7702,143.18358672506048,1,2521.514844161584,1645.399715130288,,3,327509.0
3.358982580974022,48.36655103316368,77018,176.83426729763033,6,2529.770777288311,1185.576214160521,,3,396323.0
3.233971890790834,48.21004733729207,77012,201.86748330946105,3,2528.438700180489,3038.876563094354,,0,472742.0
2.261131806939111,48.01189681505185,7707,231.39095650010472,1,2468.2970993678014,4468.525353369967,,0,608322.0
2.3214990782484395,48.86458456642261,77013,212.4127576477001,5,2550.4876935530483,2417.462249232991,,2,340782.0
2.193179790008577,48.4527419321377,7705,106.89223956617592,3,2469.326368602736,2986.691618911268,,3,264275.0
2.3275343625255696,48.110203595708015,7705,197.3020712443549,6,2469.326368602736,4480.119699414898,,1,590964.0
2.6574098992201485,48.47687961495602,77018,161.32407241705886,2,2529.770777288311,3145.522586978452,,3,562158.0
3.159932859346521,48.57722641086813,7707,205.68378957791705,5,2468.2970993678014,4232.45999919167,,2,753160.0
2.614506580063989,48.65517371452434,7702,99.90557640809352,1,2521.514844161584,1764.6713662146271,,1,185188.0
3.4975780819679536,48.83358425369335,7704,134.58426946481984,3,2507.681546343389,4770.738812612637,,0,396007.0
2.99699274752697,48.461966008583765,7706,140.11962225742377,1,2515.5912267881854,2606.945343222449,,3,347038.0
2.789902405242706,48.38007522992986,7708,203.591400840186,4,2479.8146622631675,3650.977504448068,,0,494232.0
2.096774324560874,48.016417842885936,77015,222.93741808921712,3,2509.041371711664,1151.0793567165283,,3,556545.0
3.0064890088421645,48.14300732040428,77010,148.5838392748169,5,2535.7676266455924,3313.170557156813,,3,366604.0
3.2866148820059378,48.84448680808031,7705,178.17655908160168,6,2469.326368602736,1904.426600272929,,0,600659.0
2.243441060228028,48.500847828908455,7704,147.02127912453054,3,2507.681546343389,1992.971412456889,,1,306016.0
2.356927733668688,48.47830979786893,77012,100.58310564385704,1,2528.438700180489,3753.482712978089,,0,173999.0
3.407485488027282,48.13586196392836,77010,227.7458452583721,6,2535.7676266455924,4598.356986955798,,1,710944.0
2.5095845303356663,48.0526138197165,77014,66.01967467403853,4,2531.1992319512387,3385.700172521451,,3,198586.0
2.013894052274113,48.31572913179639,7707,141.2020579197197,5,2468.2970993678014,4686.820223577336,,2,341811.0
2.5699433703008734,48.19869437982699,77015,69.29267736739567,4,2509.041371711664,1368.6452588577404,,2,166588.0
3.476209470562604,48.18704268523872,7709,233.8978579658441,1,2516.219162131406,2319.182217793189,,1,391244.0
3.325832279706627,48.137453142605445,77012,216.6385254622893,3,2528.438700180489,4443.644650420036,,3,770497.0
2.3696367717568587,48.43715146483973,77019,95.1357086105174,4,2509.836958318999,1591.466886222293,,0,331006.0
3.299194151202043,48.337009001184114,77016,128.15967734945832,4,2489.955719107417,2568.494018801808,,1,248782.0
3.1788527694970146,48.05132105956901,7706,154.48255932089808,5,2515.5912267881854,1099.8079420292108,,2,617498.0
3.052113440418741,48.4566926994401,77011,101.18886814949856,1,2522.5267076694745,1772.1341967553833,,0,325140.0
3.265219922543254,48.20144995633128,77014,76.09116802173025,5,2531.1992319512387,1077.8661310794778,,0,273431.0
2.102698109051655,48.66538340835472,7700,78.9115098447526,5,2500.6482553342094,4059.0808906723896,,1,200472.0
2.8862519523644146,48.155270380509165,7708,170.958524239064,6,2479.8146622631675,4269.448047566557,,3,573610.0
2.1829998434775315,48.83542397267987,7705,68.39123383855556,3,2469.326368602736,680.3419857927227,,1,168264.0
2.199739697508668,48.44469288571626,77019,179.98992133467775,5,2509.836958318999,2918.255096966232,,0,687658.0
2.7904225598977983,48.764679856325074,77018,117.20607143146702,5,2529.770777288311,550.2213746660468,,2,313487.0
2.930458502892822,48.34337817454493,7701,109.91092282998233,4,2534.5676313664776,2528.978238500392,,0,243994.0
2.7130781552508987,48.15369369877892,77018,92.33096513061828,4,2529.770777288311,2864.650071006372,,0,327139.0
3.246856444807608,48.90332114921356,77015,194.9937301298014,3,2509.041371711664,2537.65737685174,,3,622360.0
2.5746521503858766,48.83557070996456,77014,147.84756417758587,1,2531.1992319512387,2357.014748015936,,3,479348.0
2.987501329455557,48.781093785421625,7706,87.29896643811198,2,2515.5912267881854,669.7664961015053,,3,220245.0
3.3962139228710235,48.71829946303102,77018,169.8884353833626,3,2529.770777288311,3239.2741496024205,,3,278684.0
2.110885527396163,48.617912084260205,77019,113.85237615265277,3,2509.836958318999,2344.922542994962,,3,303930.0
3.25972487570602,48.63338267060571,77010,179.71128727178018,4,2535.7676266455924,1673.7810192612812,,2,516932.0
2.744497836217546,48.83764559927354,7700,127.9367947833098,5,2500.6482553342094,3651.1176481541033,,3,456929.0
2.365803001840741,48.27247360064335,77019,217.5196291695821,6,2509.836958318999,2466.545204808769,,1,431268.0
2.5765325577862024,48.02519341395923,7703,156.2678033067217,4,2494.7034077219337,2242.567720301432,,1,381278.0
2.024924479836626,48.65353762437657,77012,114.1733127123648,4,2528.438700180489,1711.3785390142025,,2,356264.0
2.502657147016224,48.322104789889984,77015,236.94813675072143,4,2509.041371711664,4377.12161543557,,1,596369.0
3.123722785521394,48.235097115270754,7702,211.4488683427956,4,2521.514844161584,1159.1184203524265,,0,346500.0
3.3122693274630977,48.01303524463236,77013,227.919007417288,2,2550.4876935530483,2106.6532390663824,,1,593211.0
2.498206972715176,48.30418649453768,77010,98.60686907920108,2,2535.7676266455924,1416.9565043295104,,0,311453.0
2.575958309326924,48.59384317986417,77015,135.60935638432147,5,2509.041371711664,3503.908486714501,,0,416037.0
3.1851642684006416,48.65959682705881,7708,64.18744869685051,4,2479.8146622631675,681.2656617482216,,3,182238.0
3.2750243113655744,48.866533836981176,7705,201.190472570946,6,2469.326368602736,4104.082515594461,,0,492426.0
3.4131897412413705,48.65642911752386,77013,117.48814249997191,1,2550.4876935530483,1233.6313382516591,,1,313126.0
3.156348771075517,48.25516771668472,7706,167.2112124590829,3,2515.5912267881854,4186.976411059915,,1,297001.0
2.898029956502182,48.87433977512536,77019,97.77705505838564,6,2509.836958318999,4120.311662651155,,1,205644.0
2.68883690772177,48.50738944747253,7707,72.24035567430656,5,2468.2970993678014,2986.5230842440924,,2,182592.0
2.7871279077719784,48.17293202083703,77018,138.59265851608927,1,2529.770777288311,4118.8921489731465,,0,376207.0
2.0383278373836493,48.09915545329558,77019,137.3307239508913,3,2509.836958318999,731.0816657483683,,0,504363.0
2.969769451557685,48.43775840158428,7706,95.5896117572268,4,2515.5912267881854,1773.4632694936238,,3,176673.0
2.775014588908013,48.99187454468231,77019,135.04025559867998,1,2509.836958318999,1973.0013158742345,,3,241209.0
3.358191409052776,48.52086482384621,7700,177.03604313798456,4,2500.6482553342094,2000.823459748067,,1,423384.0
2.927436198132182,48.68067237322574,77012,230.61149107515365,4,2528.438700180489,2862.722031104231,,0,512738.0
2.078235846279994,48.0992933462968,7705,211.91590166784533,6,2469.326368602736,588.2153940284907,,3,552495.0
3.454489619754055,48.28519574830515,77017,213.0898061565176,2,2535.249063009944,2182.997151615182,,0,319043.0
3.1935645786070834,48.67629667479115,7705,70.15096421503445,1,2469.326368602736,1039.3702403614525,,0,151330.0
3.148151013474753,48.63951987730263,7709,79.7770027956644,1,2516.219162131406,2602.866295132113,,0,184706.0
2.587734492759449,48.80829665274369,77015,218.2091307738612,1,2509.041371711664,1363.1251848494458,,0,340218.0
2.9257636879267985,48.67398997182016,77014,220.4218353112765,6,2531.1992319512387,4270.249879158472,,3,369554.0
3.376027367130169,48.09294036117012,7709,171.59456700948547,6,2516.219162131406,4334.081632352849,,1,576406.0
3.0058107597591364,48.31835202213601,7708,67.18582594488672,5,2479.8146622631675,1053.734556156462,,3,151641.0
2.896120313345308,48.93761261932649,7706,73.14940513245024,2,2515.5912267881854,2984.6203737703763,,0,214084.0
3.0713819947959107,48.14157593170017,77014,188.67386782759576,3,2531.1992319512387,780.5239370413631,,3,673115.0
2.5293890351772736,48.04793508665609,7701,171.71659581285962,2,2534.5676313664776,4738.874289665873,,2,301158.0
2.167978336478799,48.953552143185,77014,98.12968315120628,1,2531.1992319512387,1632.7247716613062,,2,302356.0
2.2789004613115766,48.22436917569848,7700,239.81194413809047,5,2500.6482553342094,3230.1019543904863,,1,462027.0
2.036446370513194,48.66683890781629,7708,157.91010870239947,4,2479.8146622631675,1446.0142602861004,,2,399794.0
2.396717430730177,48.593816575135314,7708,95.8436771641897,3,2479.8146622631675,3564.8548576463027,,0,208361.0
2.103959969868228,48.324657234366256,7702,199.7041496099381,5,2521.514844161584,4214.849011160504,,0,608989.0
2.594130393153996,48.90163504917456,7701,209.76031067322447,3,2534.5676313664776,1044.6970906889053,,1,389857.0
2.6376542010928423,48.17594327732499,7700,118.09417639958278,5,2500.6482553342094,2337.884183744117,,2,289650.0
2.8609884395459155,48.69624462784257,7700,97.8162043629246,3,2500.6482553342094,2251.416171648516,,3,269228.0
3.141809347637368,48.89017750646575,77013,109.77819895078198,4,2550.4876935530483,896.6819954362991,,1,403502.0
3.2735504762461067,48.20650535874248,7703,207.36174381756325,3,2494.7034077219337,3186.845231594502,,3,323917.0
2.170591488496935,48.00034910614587,7708,220.02430036497907,3,2479.8146622631675,1258.035050677404,,3,763123.0
2.0505347557661056,48.63975771243945,77017,233.4867538298684,4,2535.249063009944,1902.0932026610064,,2,687431.0
2.1637804534916083,48.82169995377439,7701,163.20339512351788,3,2534.5676313664776,1400.7241741590738,,2,400549.0
2.058924114380788,48.69231025326498,7709,213.55562224761195,5,2516.219162131406,1865.6138686681336,,3,644026.0
2.5310835354364905,48.00235311586484,7707,142.8105522013571,3,2468.2970993678014,571.7929463190519,,2,265357.0
3.245689385644042,48.23680177006045,7702,154.02827180991864,3,2521.514844161584,581.2998579313887,,3,501241.0
3.283233775469653,48.83429018828792,77018,235.09579925529147,4,2529.770777288311,3807.649907596968,,0,634423.0
3.3360318619713705,48.967218655469125,77016,185.4709038849838,1,2489.955719107417,3077.0641244780045,,2,386539.0
2.2679865297077955,48.056855490631655,7704,189.6156468753083,3,2507.681546343389,1685.8653644787294,,3,669272.0
2.653197148552784,48.94379968041455,7701,152.45669754496447,4,2534.5676313664776,4164.681581123719,,1,394206.0
2.5484868974433628,48.77488474712232,77019,228.47448657896228,2,2509.836958318999,4239.144654421858,,1,672474.0
2.1005022379387417,48.26581651876744,77013,72.76384901310504,5,2550.4876935530483,4629.598480093483,,2,259074.0
2.610122493799933,48.65922026427608,7709,229.3331425596565,1,2516.219162131406,504.8112273738996,,2,591825.0
2.396907465378814,48.38098782857178,77011,172.75395096090057,6,2522.5267076694745,3932.197732970552,,2,627967.0
2.422776437779235,48.5888779971403,77015,148.40943692248365,3,2509.041371711664,4632.7798690657255,,1,456866.0
2.827370923371656,48.44507893941193,7700,193.35533240844407,5,2500.6482553342094,4264.262650241704,,1,717553.0
3.1934090736641227,48.856996826437154,7705,66.61692889009977,3,2469.326368602736,2162.255968618973,,2,251290.0
2.4901939656125616,48.91765329591487,7705,135.22714826592608,6,2469.326368602736,4177.2172408158085,,1,440286.0
2.3491570106454565,48.09060643453282,77015,135.97358462589852,6,2509.041371711664,709.9954844612694,,2,462619.0
2.934419847472527,48.94725205713758,7707,142.83304496576642,1,2468.2970993678014,4787.606974485926,,3,277109.0
3.492564104093816,48.658630735570505,77016,132.62579097759397,6,2489.955719107417,4202.220988563005,,2,239020.0
3.3428743591272934,48.285565397642266,77010,238.6100399946978,3,2535.7676266455924,2768.209099126353,,2,469224.0
2.866972478602289,48.298741458724834,7709,196.8410576203549,4,2516.219162131406,3265.423402854393,,1,467556.0
3.167614860216853,48.83368906617202,7703,192.2184956858709,4,2494.7034077219337,1406.0263047493454,,0,534908.0
2.9399013196188983,48.50533893009225,7705,240.2081201957554,2,2469.326368602736,2965.1607787033304,,2,750854.0
2.857454926961199,48.902876647063,7700,130.23219234827906,6,2500.6482553342094,1981.8739078906967,,1,228762.0
3.083608520211284,48.05902973928709,7702,177.69782295660758,2,2521.514844161584,672.6938107892823,,2,525616.0
2.161918142340327,48.37953224745363,77019,79.22806907559799,2,2509.836958318999,4456.4416494113975,,1,284105.0
2.372259379712561,48.5798932423755,77011,195.10212359621417,5,2522.5267076694745,2682.453841218609,,3,288155.0
2.869137653132726,48.411709200428,77014,132.53706217005842,5,2531.1992319512387,3036.755558733939,,0,390785.0
2.724757434564577,48.4334726390104,77018,75.86024663138082,4,2529.770777288311,2736.5920393977726,,1,170357.0
2.355919618649711,48.885626131805104,7709,133.86971536580734,2,2516.219162131406,1431.3864350196818,,0,457607.0
3.401054735988516,48.32744056295407,7700,171.06952982278636,3,2500.6482553342094,3704.1321067450313,,3,521697.0
2.1770571129589302,48.62137369531145,7709,233.0445302919233,4,2516.219162131406,4010.928161328296,,1,350696.0
2.940265929907058,48.04768155617151,77011,204.0603165231861,5,2522.5267076694745,4191.673160977585,,1,475008.0
3.169284520631793,48.808415966220025,77016,213.79711490712472,2,2489.955719107417,3595.207813428174,,2,644571.0
2.900203378511681,48.14543002250435,7703,171.64881269147352,1,2494.7034077219337,1385.02948607728,,3,394864.0
2.6188326962920527,48.53142280662525,77011,141.6745611608584,4,2522.5267076694745,4469.564827100234,,0,298745.0
2.161491367907105,48.22867467816146,77013,195.0394255029388,1,2550.4876935530483,3721.796069602877,,3,552906.0
3.2510005310838546,48.28940976962095,77011,155.78090833360153,6,2522.5267076694745,3517.0262473333164,,0,383310.0
2.486991900777791,48.3962355245373,7700,107.72009625807428,3,2500.6482553342094,3218.924659384869,,1,188757.0
3.091238609714145,48.84491958995033,7708,124.684448083241,3,2479.8146622631675,4314.632602481192,,3,443867.0
3.1682131048685527,48.83078378198174,7702,151.8770508163977,4,2521.514844161584,3735.857709129863,,3,406769.0
2.612161615755889,48.79664313375515,7700,205.79285460835985,1,2500.6482553342094,3292.9330153284,,1,691393.0
2.372702786625113,48.64253183533937,7701,145.6723942559013,4,2534.5676313664776,1894.9106139596147,,2,291494.0
3.3048326375404944,48.242979194213056,7709,153.9921174420897,1,2516.219162131406,1405.728673330178,,2,437907.0
2.841954323362001,48.58577568166582,7703,79.29993412271082,6,2494.7034077219337,1869.09269907042,,1,190586.0
2.507261057309596,48.97285179492716,7705,141.06801705590937,6,2469.326368602736,1687.5820983676729,,1,212111.0
3.0743810845695743,48.57129666375567,77016,220.88085551925275,2,2489.955719107417,4380.124476312476,,2,805342.0
3.221599719701417,48.76270111550275,77015,210.9965722596229,3,2509.041371711664,2624.869832577771,,2,747073.0
3.2427625295401583,48.27726215401145,77019,116.67272142167064,3,2509.836958318999,1613.9642072227923,,3,348341.0
2.175315433456221,48.668085989215726,77013,181.09184409708664,4,2550.4876935530483,4735.637975619367,,1,609549.0
3.053852374634223,48.783696664233936,7708,194.61995652761763,1,2479.8146622631675,2000.690835034552,,0,632178.0
3.3522439657700267,48.2632216747447,7702,125.30113968976228,3,2521.514844161584,4028.173628583099,,1,241249.0
2.3781632740027496,48.678427368427975,7707,103.84500017660676,6,2468.2970993678014,1416.5402712074213,,2,182322.0
3.283120070797877,48.35901225039593,77013,152.73066480513637,6,2550.4876935530483,1303.06366286874,,2,529370.0
2.38623355535235,48.48603018882186,7706,106.00366127263662,6,2515.5912267881854,2311.800500129983,,0,348531.0
2.9682466113672903,48.39931400938636,77018,74.22989671094602,6,2529.770777288311,3173.53941875544,,1,252876.0
2.639006275897775,48.6649511189588,77014,60.53048359947048,3,2531.1992319512387,2860.2817707096165,,0,237140.0
3.393998325027253,48.93239932374325,77018,208.5288223667661,4,2529.770777288311,2191.315229200972,,2,444509.0
2.145527327355634,48.064238575857125,77018,108.46775223815207,5,2529.770777288311,3147.645601479455,,2,314652.0
2.147422831054975,48.16135408201748,77017,183.6393028576388,2,2535.249063009944,2928.586570576447,,1,492820.0
2.085262983475828,48.33217797710869,77015,188.63910576778747,3,2509.041371711664,4691.981681979688,,2,622980.0
2.938681453705688,48.78724968288456,7708,145.29703095279675,5,2479.8146622631675,2736.859293150256,,3,521466.0
3.126713115823857,48.4247257571638,7708,93.38096767732073,1,2479.8146622631675,1986.3058331335983,,3,255362.0
2.983973558961436,48.62248958571506,7705,205.0604407624961,3,2469.326368602736,553.2075772987843,,0,433215.0
2.8130128400014542,48.1960142833096,77019,138.21020589218074,3,2509.836958318999,3595.9890039743173,,3,267372.0
2.955353289218804,48.53152607552501,7703,214.1833135044745,1,2494.7034077219337,3400.283769843813,,1,611235.0
3.147340044554657,48.38942559802256,77013,186.71632784844616,3,2550.4876935530483,2327.4820202671463,,0,432985.0
2.043110501857419,48.22102677545202,7700,153.5775900648528,3,2500.6482553342094,2213.7077340745286,,1,246642.0
3.2944284907219243,48.18683368546219,77013,172.22069149252718,5,2550.4876935530483,4309.063766759367,,0,420064.0
2.286778601693398,48.05415063619831,77013,118.6523121664438,6,2550.4876935530483,3506.049623107596,,0,355769.0
3.17816814897064,48.91261934867551,77015,132.26293142815132,5,2509.041371711664,3315.9317083914507,,2,249379.0
3.4969797812759102,48.65002173174864,77011,197.3481013846412,5,2522.5267076694745,1008.1989960809916,,1,354180.0
3.061645045695265,48.88294709990532,77018,129.98694792279122,5,2529.770777288311,2941.643760978883,,3,349470.0
3.0520398633567987,48.94939261889576,77010,77.42580537010477,3,2535.7676266455924,4789.697746939351,,1,242645.0
2.846287181985278,48.76880600702001,7708,180.00483898879563,6,2479.8146622631675,2950.420316070279,,0,521795.0
3.4285345736036565,48.82623027792891,7707,238.32840735046364,2,2468.2970993678014,2488.2825000743555,,0,863309.0
3.315330941756584,48.941697923420506,7709,164.76072868825497,1,2516.219162131406,3920.1965704702384,,3,382421.0
2.293619044322248,48.826742428575855,7706,218.8277431031365,5,2515.5912267881854,2715.609175382704,,2,490396.0
3.355228853603104,48.8704852469225,7701,217.5621238815682,2,2534.5676313664776,1397.2032303797612,,3,612519.0
2.6974043861957333,48.47649528927184,77013,203.0220818634561,4,2550.4876935530483,555.0090954417998,,1,483157.0
2.255944030552153,48.93567498366122,7708,103.59863033547153,1,2479.8146622631675,2764.880305549651,,3,267294.0
2.0967276721067005,48.01203481532423,7706,199.10354810276192,4,2515.5912267881854,3744.865743536104,,2,383840.0
2.433405524986374,48.08624917130396,77019,226.0261460208281,6,2509.836958318999,1039.2114141917025,,1,689306.0
3.3150898379996314,48.25264507613334,77018,141.60311604822004,3,2529.770777288311,2754.2638008454933,,3,572554.0
3.115806507207064,48.83040686310677,7707,84.05303205441741,3,2468.2970993678014,1837.821757843556,,2,195155.0
2.0964862917935743,48.94317405115857,77014,168.28272524042472,4,2531.1992319512387,674.1061452510725,,2,459076.0
2.9927785497759616,48.66110018925757,77014,214.67247958811413,1,2531.1992319512387,1153.0705004437668,,2,736805.0
2.9897151722020943,48.2591080067353,7700,214.58852639626585,2,2500.6482553342094,821.3282307760554,,0,638894.0
2.979556170263679,48.9232408588893,77010,104.11465765672212,2,2535.7676266455924,1569.407124898129,,2,282315.0
2.460464097415393,48.258214610454296,7708,81.86804808033038,5,2479.8146622631675,3959.630130150764,,1,201291.0
2.978135532180484,48.47910840626257,77012,60.71927991588191,1,2528.438700180489,1264.847506992255,,3,167157.0
2.332205316708367,48.051037974084,77019,194.62118010970104,6,2509.836958318999,2549.302957237618,,2,432996.0
2.478635062971986,48.32422452150086,77011,210.6857061146897,1,2522.5267076694745,2559.6059229931057,,1,617652.0
2.8975950079830897,48.44032202862896,7706,109.45950886166594,2,2515.5912267881854,872.9182087098693,,1,352934.0
3.354243960553947,48.85042948767893,77013,241.2036890334245,4,2550.4876935530483,3389.496057614845,,0,491467.0
3.289316041514585,48.87855056018448,77010,93.49889975217384,4,2535.7676266455924,1848.739389277211,,2,275006.0
2.3028878524629137,48.916999787484144,77010,120.2151317819892,5,2535.7676266455924,2993.639710236541,,0,430332.0
2.988769905559094,48.34525838071021,7707,187.65298453927903,4,2468.2970993678014,3935.577605801835,,1,577830.0
2.701331679711101,48.53603016051513,77014,153.40232976756536,5,2531.1992319512387,2696.5509504303586,,2,358660.0
2.485468533252525,48.38096120588776,77010,122.33942999312076,3,2535.7676266455924,1262.8110179014088,,1,345728.0
2.1944220890864843,48.67820896782087,77011,133.76522173735998,1,2522.5267076694745,4661.998928259155,,0,370258.0
3.20456828701382,48.373650296372986,77015,173.01821563862575,4,2509.041371711664,2008.9805335652093,,2,582789.0
2.872494401077893,48.16921185815214,77017,171.27143473611693,1,2535.249063009944,2192.9224327468046,,1,656817.0
2.463094071586889,48.24338135029477,7708,101.51312530822103,4,2479.8146622631675,3134.083131962308,,1,344057.0
2.247588022382673,48.36220477220684,77013,111.70215883766376,2,2550.4876935530483,3486.957361732627,,3,219301.0
3.469579419426432,48.41339731888736,7705,132.50947690586057,1,2469.326368602736,2852.2432239092345,,3,511475.0
2.6553754929207964,48.84684155810044,77013,230.2830870178869,1,2550.4876935530483,3979.305402163948,,3,732147.0
3.092774936501517,48.71035257663831,7705,168.1187749539709,1,2469.326368602736,4279.008852186298,,3,358897.0
2.45933855518187,48.20807670305857,77016,61.05808351849564,2,2489.955719107417,2195.4316156085843,,1,186370.0
2.231092479290972,48.62514609173336,77010,108.65680098530052,4,2535.7676266455924,750.5276672928901,,3,232454.0
2.4661840688236163,48.54377724196976,77016,219.5091905872203,3,2489.955719107417,4009.835862192513,,1,329889.0
2.201785637845337,48.24515059674386,77011,179.28989119573035,6,2522.5267076694745,4656.512220520775,,1,583501.0
2.8631058246670724,48.79382474077837,7703,90.1295189704674,6,2494.7034077219337,651.9975505498079,,3,310110.0
3.3884711197131367,48.8273939646927,7705,231.7226340012465,1,2469.326368602736,4528.5204617111685,,3,772311.0
3.015202970458404,48.70035514451927,77019,90.76462141120894,3,2509.836958318999,1507.67598071696,,0,367547.0
3.435989980294762,48.60218653927208,7702,198.7510403841904,6,2521.514844161584,3415.960585314194,,2,411679.0
3.208563786951254,48.12301147388662,77017,209.33330698530503,5,2535.249063009944,1829.8252617300664,,1,690559.0
2.0554054284325383,48.335974240892135,7703,171.29548584906814,6,2494.7034077219337,2773.3019715409914,,2,547296.0
2.479765258258787,48.380173047455,7702,222.70802067696323,4,2521.514844161584,1146.2556264677878,,0,471907.0
2.1799118161086284,48.73680183021523,7706,168.98980745917095,5,2515.5912267881854,4531.631082130412,,0,305999.0
2.022613455027056,48.28698606919515,7703,240.14719834787456,3,2494.7034077219337,513.0581108828359,,1,792410.0
2.358605269719381,48.427729004452274,7700,174.74504622670057,6,2500.6482553342094,1171.203463024799,,0,432447.0
2.995980292800524,48.24074113811562,77018,203.93437785733897,1,2529.770777288311,3751.926505976999,,2,618660.0
2.966645740271928,48.37180099771729,7702,188.26041783935847,5,2521.514844161584,3816.583864060371,,0,339464.0
2.717791200345673,48.87869938523987,77012,85.46383916427303,5,2528.438700180489,2477.565688598379,,0,266728.0
3.413388484740186,48.08595572234922,7707,164.74659589490346,4,2468.2970993678014,4753.001547585471,,1,514188.0
3.166860079820693,48.85201146699824,7705,112.9029339145656,3,2469.326368602736,830.0088253443685,,1,309351.0
3.246818781208619,48.352707547614095,77014,88.66808073603654,1,2531.1992319512387,4152.105596533933,,1,300493.0
3.493773568260873,48.05210611590192,7700,69.77114922159726,4,2500.6482553342094,924.8485767798112,,1,213506.0
2.479478093382951,48.81043291357317,7700,237.3127616506344,2,2500.6482553342094,4722.627201332078,,1,802465.0
3.4968310212237554,48.68916785521385,77016,107.6306381737122,4,2489.955719107417,3514.6258941374304,,3,277758.0
3.082517320219771,48.74160679346063,77017,147.64956400514382,1,2535.249063009944,2281.964491276057,,0,411055.0
3.3916933973648264,48.39708661814107,77016,192.20989782094105,1,2489.955719107417,2812.5522869692822,,0,332674.0
2.4210803373909777,48.45075293711241,77014,100.43821138789622,5,2531.1992319512387,4598.620224368106,,1,377209.0
2.9283383467077124,48.03573545588022,7702,158.65845409837664,6,2521.514844161584,1760.6721692773342,,0,456967.0
2.290593179294884,48.22291886168584,7702,228.75055808382075,1,2521.514844161584,2151.6402902971363,,1,395897.0
2.83600200256381,48.87283321223725,77016,132.37173134230017,2,2489.955719107417,1167.676997703849,,3,218634.0
3.4026634795082606,48.62545061855895,77012,205.6802995541437,5,2528.438700180489,4233.142906748903,,0,724269.0
2.692023843459993,48.18361693657346,77017,222.27413848633577,1,2535.249063009944,4748.368362691016,,2,578253.0
3.180144663110564,48.43220700487717,77015,66.62195284184475,3,2509.041371711664,3035.1340084758285,,2,194158.0
2.571720323052104,48.4118522831445,77017,171.46280227723577,2,2535.249063009944,816.6564855771319,,2,471862.0
2.332569174390664,48.48676441222939,77013,124.52692644140984,6,2550.4876935530483,3830.833559247895,,3,328008.0
2.4019925368454143,48.12315547398879,7704,232.81809923547164,2,2507.681546343389,1133.7504244385557,,0,552605.0
2.731356888448585,48.83430618255629,77010,192.9503370581944,2,2535.7676266455924,2828.178733677206,,0,621634.0
2.006747295362892,48.663624705918295,7708,96.07421450238428,4,2479.8146622631675,2520.259941222477,,3,361948.0
2.146921651388765,48.885850180677664,7705,153.43659395266752,2,2469.326368602736,1464.5340771559618,,1,348448.0
2.881347186905068,48.57996748778762,7707,98.85535636259212,3,2468.2970993678014,4338.6085679561365,,0,177885.0
3.0347316069931427,48.48183725357626,77016,234.82162453129948,6,2489.955719107417,2616.3330021120864,,3,438266.0
2.639682090018441,48.1487303442436,77010,186.8239062728059,5,2535.7676266455924,2443.580395633592,,2,332805.0
3.060041570513772,48.9732607433639,7706,119.25912846284066,2,2515.5912267881854,2496.8222483502395,,2,186147.0
2.428801753469416,48.09262479967781,77010,231.02678348424388,5,2535.7676266455924,1310.6369920953875,,1,644401.0
2.8971992736927925,48.2978303056174,77014,67.73038664003819,6,2531.1992319512387,3535.5561364686887,,1,180768.0
3.437115103127009,48.67490138004224,7702,205.63129243211995,6,2521.514844161584,1052.920708974239,,0,425710.0
3.182210939681085,48.41760756659875,7703,210.3777783370988,5,2494.7034077219337,4765.349098896962,,2,622726.0
3.27841616730157,48.92666717334396,77019,83.87459220601828,4,2509.836958318999,1652.7559376024442,,0,159695.0
3.0231639268249726,48.619175760165206,77019,108.3163981130626,4,2509.836958318999,3791.988374966983,,2,278732.0
3.0012966148758338,48.442815068572806,7707,183.76822518444231,6,2468.2970993678014,664.5940345359155,,0,654269.0
2.718863562558996,48.28737991525557,7704,106.12266555236306,2,2507.681546343389,4497.448669918558,,1,236526.0
2.051949227095537,48.26738425243597,7706,85.68537459017035,3,2515.5912267881854,2138.284779921315,,1,185241.0
2.8507557534172028,48.4241441737795,7708,118.95310109081744,5,2479.8146622631675,758.7583784784001,,2,302816.0
3.046852349288178,48.08039402085064,7705,190.41089068034103,2,2469.326368602736,2748.136051879505,,2,517983.0
3.227004454946772,48.81874291288119,77017,165.20447091481992,1,2535.249063009944,3802.883693103072,,2,426055.0
2.4283181556837112,48.99634839155526,7707,98.02465763449962,3,2468.2970993678014,2431.6780980833355,,2,243306.0
2.231981934070739,48.03534812125056,7702,194.2836025730805,6,2521.514844161584,1850.4752067506129,,2,444930.0
2.532829776428269,48.63735646735156,77017,162.653666641764,5,2535.249063009944,551.9142810970527,,1,295097.0
2.4013036461279658,48.65206234864581,77015,180.9909524485878,1,2509.041371711664,3638.488974107076,,0,559804.0
2.4843529846800063,48.97686710296433,7706,223.3499133266376,2,2515.5912267881854,758.9018514025797,,1,729825.0
3.2300505095986862,48.476000286359024,77018,88.61638531251481,1,2529.770777288311,3873.2396712645495,,2,243251.0
2.8080502791370785,48.30015987644598,7707,218.5053016317216,1,2468.2970993678014,2643.04766082723,,0,543935.0
3.1570126908025955,48.5445465455977,7705,83.13325162723068,3,2469.326368602736,2898.8573723220475,,2,317374.0
3.427606545530174,48.60716492703819,7701,130.3747196504209,4,2534.5676313664776,1463.2203986900204,,1,253598.0
2.0216570775374856,48.24144118043725,77015,212.30949264505503,1,2509.041371711664,536.941822691999,,2,484778.0
2.658457131058454,48.07845638134226,77018,195.7730697941909,5,2529.770777288311,684.803825455441,,3,488215.0
2.1719964181065703,48.79452985012348,77016,166.60610337560428,3,2489.955719107417,1698.5539754372016,,3,482696.0
3.184834440323482,48.94092869198283,7707,147.02667807940742,2,2468.2970993678014,3874.737200451332,,0,443097.0
3.016430534970705,48.65156080289858,7702,105.63673366764516,1,2521.514844161584,3410.516731303685,,0,212358.0
2.1400935102608063,48.27194574752174,77012,117.59304269157649,1,2528.438700180489,3023.185880105649,,1,344869.0
2.6000396142337623,48.4571477849463,77013,87.82290786695238,2,2550.4876935530483,4686.559059835947,,0,220206.0
2.67022840678502,48.28358003038907,77015,132.03507068079273,1,2509.041371711664,3910.246483796122,,3,238009.0
2.478109083380569,48.70196454681059,7700,221.4351689979292,5,2500.6482553342094,4059.203950577457,,3,699206.0
2.9159155581785043,48.82051675928643,77017,100.16719027927284,5,2535.249063009944,2493.590202090442,,3,230190.0
2.68469883039825,48.4159650147119,7708,114.19867609618092,5,2479.8146622631675,4629.247801293385,,2,195442.0
3.2558331164105208,48.47626557238211,77011,202.0066122517281,4,2522.5267076694745,2912.523592888379,,2,768720.0
2.568918161070416,48.58487829019656,77010,187.28022775246149,5,2535.7676266455924,4455.245115502637,,1,492203.0
2.053450054170056,48.642849392871206,77013,109.9117564973248,6,2550.4876935530483,1567.73539559534,,1,304085.0
3.499707716200702,48.49299242910453,77019,223.88579817953163,5,2509.836958318999,3521.7350151460773,,2,518583.0
3.2106291432628487,48.0322551367986,77016,80.48114911914779,2,2489.955719107417,1528.5743464455957,,1,252329.0
2.233092250311724,48.67235072630036,7706,124.36943602287413,3,2515.5912267881854,4515.371979657855,,0,186675.0
3.1653841245541177,48.38829812139841,7707,150.80224282834138,3,2468.2970993678014,1680.6580985821668,,2,219010.0
2.739615530671724,48.35904300534151,7704,212.56996735719272,2,2507.681546343389,3864.469858138385,,1,557521.0
2.670982719501223,48.31795199164714,7703,148.28165899506473,1,2494.7034077219337,4312.00950570914,,3,230026.0
2.3563722625794057,48.12474071566807,77016,191.85721308319864,2,2489.955719107417,830.250385293952,,3,621473.0
2.6497028179943984,48.34884552894615,77011,146.10752159985054,3,2522.5267076694745,3931.2015461456695,,0,278626.0
3.071194216758,48.34418805344681,7706,168.8080615388274,6,2515.5912267881854,2441.07961587548,,0,401652.0
3.286824563793272,48.57288508071298,77019,124.82857677977826,6,2509.836958318999,4293.334962642939,,0,437223.0
3.275928136421152,48.26847146146539,7702,165.03081811487496,2,2521.514844161584,3970.029437818501,,2,438100.0
2.48415993781904,48.23235583905548,7708,89.01089647586407,4,2479.8146622631675,1850.0993461336243,,1,306139.0
2.0094654467980337,48.82029961737128,7703,182.148816875778,1,2494.7034077219337,579.1443541360181,,1,484078.0
2.1968374276659355,48.88234761183976,77019,82.36358183227784,4,2509.836958318999,3211.855190386198,,0,227616.0
2.4462943300932336,48.084101671131606,77017,90.71869581899172,6,2535.249063009944,3250.235132562339,,0,195686.0
3.015360480563021,48.27458692504699,77016,71.52647065402489,5,2489.955719107417,3173.700390634493,,3,192578.0
3.229922471363972,48.22988484642586,7701,164.4117149973977,2,2534.5676313664776,2256.858823295557,,2,525003.0
2.481322098554965,48.47954112510623,77012,159.8544373285436,5,2528.438700180489,2877.584551480562,,0,460614.0
2.9291667785193587,48.91408447288346,77010,143.53660680604105,4,2535.7676266455924,796.7074168614758,,1,213705.0
2.920278486943316,48.60905527920497,77010,169.6081612489729,4,2535.7676266455924,3035.378401260762,,1,499828.0
3.3089182623163778,48.30139837741718,77016,234.8877759045881,4,2489.955719107417,2344.307444196089,,0,796939.0
2.630948320720015,48.87019771064657,7708,225.29367134188544,1,2479.8146622631675,822.5284485632566,,0,675181.0
2.0673502259063605,48.965621514213225,7704,181.35031721541893,4,2507.681546343389,988.705564172323,,2,370910.0
2.50333817100132,48.11572935483144,7706,189.3411538399771,1,2515.5912267881854,1009.6002464726176,,2,414539.0
3.3016902117191176,48.02311460507168,7706,98.34539603197594,6,2515.5912267881854,1492.8774922616976,,3,197090.0
2.1008859416617707,48.44026634291178,77013,172.11733154793052,5,2550.4876935530483,2335.0770601944987,,3,426841.0
3.268380651716309,48.48956799764601,7700,192.42366934862105,3,2500.6482553342094,3446.5044281807272,,2,633827.0
3.308808661736782,48.29486570550905,77011,233.0439443190813,1,2522.5267076694745,2671.829688758957,,3,496826.0
3.3291198736874184,48.05294879784433,7703,176.65248762579716,2,2494.7034077219337,2029.470913594224,,1,493928.0
3.426410136062927,48.44043338465804,7707,137.2744194846403,1,2468.2970993678014,2112.454679593968,,1,388983.0
2.830828690942683,48.018503233873865,7705,167.07559856026006,1,2469.326368602736,3559.3218209841084,,3,339988.0
3.3559642578148656,48.88391839643428,77010,210.4896501855553,2,2535.7676266455924,1355.99316842891,,1,679442.0
2.056349344315971,48.71718144704676,77016,96.73445438628993,6,2489.955719107417,2600.0742012388887,,3,159675.0
3.314017914594793,48.53357323477334,7709,88.96045688584171,4,2516.219162131406,2930.4865550682566,,1,171343.0
3.222293321985054,48.538163697524695,77013,157.198660804377,6,2550.4876935530483,4177.021395576593,,0,544225.0
3.461308105387793,48.2971402642267,77011,170.94646427075548,4,2522.5267076694745,2696.993222320934,,3,391982.0
2.374653519288973,48.46508866291455,7705,100.57697160699648,6,2469.326368602736,4171.662459598894,,2,337350.0
2.009429519973032,48.91097762899136,77010,105.20150976256149,6,2535.7676266455924,1625.7864229152729,,2,261044.0
2.0288181744867915,48.03811415591292,77011,219.61991387414008,5,2522.5267076694745,848.0785903346687,,1,547245.0
3.1074028743325184,48.83871368187969,77012,144.55166749017224,1,2528.438700180489,3678.212606707968,,2,312679.0
2.096098330749613,48.96910568986921,77017,138.23986200227887,6,2535.249063009944,3141.45945054624,,0,438732.0
2.954223792221738,48.75362039730496,7700,193.4600689702181,3,2500.6482553342094,4588.825604525947,,1,568797.0
3.346079353601685,48.77430663197674,7706,91.06662759292198,5,2515.5912267881854,847.2239424417592,,0,321349.0
2.273305964896125,48.07717382091008,77011,131.6947539454122,5,2522.5267076694745,4020.215912757024,,0,454871.0
2.50009569165445,48.338535077022726,77014,153.82179018599174,6,2531.1992319512387,4432.991052258874,,1,278857.0
2.609092812578606,48.23228768800834,77012,61.5018614971378,2,2528.438700180489,3061.1226816789804,,2,173590.0
2.8322470772643995,48.49149794139699,7705,123.79339695023604,3,2469.326368602736,2167.9405692199707,,3,392041.0
2.859691884908848,48.78097440071805,7701,93.9250432641341,5,2534.5676313664776,505.91585043781896,,0,290628.0
2.8267153371508305,48.33535018861115,77018,215.34039633200567,6,2529.770777288311,2310.710872035912,,1,363868.0
3.44396070425788,48.45365346182927,7702,98.51644663700338,6,2521.514844161584,3561.9435768263484,,3,392154.0
3.0747400534528824,48.16549680374569,7700,152.4736604259901,1,2500.6482553342094,4210.615053343737,,3,287363.0
2.046004129426396,48.74148699141338,7706,142.5888465652695,5,2515.5912267881854,3628.689007492891,,0,253439.0
3.2494265935733053,48.61725586600208,77015,67.53555660584223,1,2509.041371711664,2468.5054026995404,,3,252562.0
2.484993797614345,48.93236463446989,7706,125.94711199271224,3,2515.5912267881854,3825.9288068456,,3,196359.0
3.49365681512112,48.4457662628444,77016,176.03473991564502,1,2489.955719107417,1348.1051186695122,,0,655905.0
3.3831660370533734,48.034945007818415,7708,74.6655162951506,3,2479.8146622631675,3025.285381410572,,1,193091.0
2.2316260592973456,48.65337072338367,77014,219.53343418489447,5,2531.1992319512387,4168.722675644445,,2,480735.0
3.4556784692429234,48.88512106663162,7708,75.30055647909629,1,2479.8146622631675,2370.9934221926687,,1,200388.0
2.1749457229852056,48.009857139435375,77018,198.76030917583907,3,2529.770777288311,4276.43966583001,,0,658277.0
2.327981088100444,48.24662163231454,7708,167.75634821309214,4,2479.8146622631675,4710.962168066042,,1,420024.0
3.2868268533053966,48.16660716485093,77012,210.006623238954,1,2528.438700180489,1362.6181617641512,,0,825140.0
2.949435926458208,48.052237390404514,7705,126.2318121900198,6,2469.326368602736,3398.135635273487,,1,334844.0
2.657088121125894,48.289972426569214,7702,139.84726200691068,1,2521.514844161584,3479.6472610581586,,1,383274.0
2.754680187993229,48.706689643324765,77015,158.34785750251592,4,2509.041371711664,2445.4760251932,,0,314753.0
3.446039016464999,48.54273709673251,7707,135.9179008714082,5,2468.2970993678014,2278.6796318274114,,1,460682.0
2.4532348316357293,48.07912272707673,77014,188.5494223458962,6,2531.1992319512387,2621.205774265069,,1,554089.0
3.313093920209657,48.68205206295757,7709,183.5437306283276,6,2516.219162131406,1156.7382611204994,,2,506864.0
2.2042993597904035,48.51275828402398,77018,211.9337918747508,2,2529.770777288311,1997.906444567725,,2,810375.0
2.286287131823394,48.247367251678845,7704,72.98659495887173,5,2507.681546343389,3802.879711263456,,0,185174.0
3.444584413352244,48.75082282282782,77016,152.09148846590918,6,2489.955719107417,2778.788503155666,,3,369360.0
2.770617716720692,48.07189534051451,7703,62.042151492800535,6,2494.7034077219337,1207.444655373944,,2,161950.0
2.919057699755069,48.22411327341349,7703,104.16524040368188,2,2494.7034077219337,2991.079208795616,,2,202519.0
2.9641190519504192,48.24952185758615,7707,70.31099043916299,3,2468.2970993678014,1048.326126162903,,3,228731.0
2.2410700237864787,48.97826546352948,7700,113.86636615147847,1,2500.6482553342094,977.5850868905876,,3,280686.0
3.4788424055794653,48.49549706791062,7701,147.1904114527694,6,2534.5676313664776,3143.396993610933,,2,275469.0
2.858759438602733,48.82639789780687,77012,98.74459154783986,3,2528.438700180489,801.2686070853067,,0,204781.0
3.182386464768688,48.47373652002888,77016,79.13368918934795,5,2489.955719107417,4158.20356205072,,2,243084.0
3.455977449571685,48.85119708747876,77015,76.27248651607154,1,2509.041371711664,2726.775805189437,,1,206565.0
2.027781745087822,48.9921267966752,77011,109.66116830477024,6,2522.5267076694745,2942.740190767636,,1,286786.0
3.192906415299112,48.38132332338856,77011,179.8834925327837,1,2522.5267076694745,3646.448571395873,,0,634196.0
2.45884221989228,48.4831346455655,77017,170.3460308867401,2,2535.249063009944,4679.435395424715,,3,273239.0
3.3363015893270704,48.36179549229208,77017,209.66483592709727,5,2535.249063009944,876.7100794614997,,1,466227.0
2.2050538755355658,48.408822460411294,7708,206.05862744385377,3,2479.8146622631675,4567.2305622345975,,2,446727.0
2.7606871772995474,48.138424981002125,7708,175.34905255861344,5,2479.8146622631675,2356.94525567135,,3,547789.0
2.6963377492837983,48.32807921789717,77018,179.32338313982018,4,2529.770777288311,1983.558081785562,,1,619242.0
2.647655405447063,48.4409073892559,77016,106.69505562083236,3,2489.955719107417,4614.664144242637,,3,219245.0
2.679184089704849,48.18075863407862,7700,80.07556114667855,3,2500.6482553342094,540.8581636475418,,1,296490.0
2.091654434729905,48.84455637571216,77018,210.9252353572332,3,2529.770777288311,2114.95229616888,,2,465854.0
2.7155864781867898,48.7745346794796,77019,167.50032581086305,3,2509.836958318999,4673.94896569251,,1,572895.0
2.033088976673032,48.813172649449896,77014,142.08427831007185,4,2531.1992319512387,3177.569580240221,,2,440522.0
2.5682917219177943,48.17850103894538,77016,179.66366576919705,4,2489.955719107417,4481.101019528787,,1,358834.0
2.94944964917807,48.52086674596525,77018,126.10882599906596,1,2529.770777288311,4458.713658941357,,0,240602.0
2.407675164579498,48.44282686108291,77012,173.873135100872,1,2528.438700180489,3916.5368494679537,,0,615752.0
2.624993785317548,48.25754118874344,77018,185.15243419017625,2,2529.770777288311,1973.901114527148,,2,573748.0
3.007153821125163,48.46208855621168,7708,224.512175759459,4,2479.8146622631675,1581.853452214261,,0,566493.0
2.44407580565859,48.69689763963583,7701,105.51832636060124,2,2534.5676313664776,2560.148854982632,,3,405518.0
3.495612315369716,48.95419073033479,77019,161.43169746555355,4,2509.836958318999,4607.056188103426,,3,291237.0
2.0045379524343137,48.43118419912339,7703,75.45154456826225,2,2494.7034077219337,1982.5122993134464,,3,216061.0
2.5516620082313954,48.68601673597996,7702,189.1432888705246,3,2521.514844161584,2705.4593689929347,,2,332695.0
3.453371573392389,48.53636379324875,7702,113.24790346363947,4,2521.514844161584,3906.0629431679454,,1,281012.0
2.6866841139625786,48.915150070292185,7706,120.93821023165374,6,2515.5912267881854,518.3154220763249,,3,313112.0
2.58456594041928,48.242612223653296,7707,109.4699506362946,4,2468.2970993678014,1408.5401597523205,,1,292018.0
2.76759076899914,48.57246397311892,7706,197.19001850160467,6,2515.5912267881854,4172.350778793752,,1,326265.0
2.716006455591361,48.617354111632245,7702,150.38051085178,3,2521.514844161584,1645.201598869471,,0,510165.0
2.5363810891210576,48.5896546609695,7709,195.1704388958674,4,2516.219162131406,1546.6615453501452,,2,467617.0
2.516985727566264,48.92593327977984,77016,206.44387706009,4,2489.955719107417,3162.816903768087,,1,398225.0
2.381883769115544,48.47423581202996,7705,219.3970939769065,2,2469.326368602736,4072.821556585649,,3,482555.0
2.892315514151276,48.5100983336748,7701,178.1526562420694,5,2534.5676313664776,3614.13812818901,,2,595533.0
2.687706043525252,48.10177592173414,77015,187.60382812167524,4,2509.041371711664,4274.751484827999,,1,354117.0
2.097779250686001,48.41721624578041,77016,224.3560162984168,3,2489.955719107417,938.1207222025172,,1,492059.0
2.616101113049451,48.09502123978314,7702,197.7136577665553,2,2521.514844161584,633.7992618317382,,1,618519.0
2.983370235061797,48.710807884144856,7702,97.95200739819715,6,2521.514844161584,1858.682906263981,,1,381105.0
2.239151867352409,48.97645268988234,7701,125.4160067112434,3,2534.5676313664776,3268.920700594356,,0,193288.0
2.3581900058617737,48.099777844965054,77014,214.2372625598056,4,2531.1992319512387,4221.926104798341,,1,552798.0
2.932573166936682,48.320701104848695,77013,227.4271262631176,6,2550.4876935530483,2314.978985139112,,0,757093.0
3.0014252032907702,48.90627287490312,7708,232.4552559947958,6,2479.8146622631675,1370.3589247510083,,2,696462.0
2.0086451433976644,48.6925632103533,77018,185.0613211152657,1,2529.770777288311,1103.9410432588415,,3,484186.0
3.370341765566156,48.25184687739922,77012,64.2712088909874,1,2528.438700180489,1576.868176467483,,3,201287.0
2.9843959020455744,48.78839355643098,77010,123.51662010681729,1,2535.7676266455924,4553.520784835601,,0,221454.0
3.3394835917133325,48.76125072196646,77014,233.6242770042852,1,2531.1992319512387,2641.9066382630344,,0,918191.0
2.9296022545292097,48.9300735981744,77012,107.58445111517966,1,2528.438700180489,2896.3983618001844,,0,383804.0
2.570969220046186,48.06366333324101,7707,146.68617491079596,4,2468.2970993678014,2345.922523775896,,1,436455.0
2.3746508440760707,48.70574267255558,7702,223.0679106543313,1,2521.514844161584,1812.869980999119,,3,458814.0
2.8679070151661934,48.3135973133243,7709,75.985153618492,3,2516.219162131406,4444.321172394542,,1,180893.0
2.6420769292853707,48.58066247900237,7706,190.88704805644807,2,2515.5912267881854,2967.6699009754234,,1,559702.0
2.5328261234763456,48.6974796045378,77012,114.57680819765574,1,2528.438700180489,4353.195974165626,,1,433200.0
2.574728447846073,48.27482986489959,77011,147.36576656532912,4,2522.5267076694745,2745.064697128382,,3,518363.0
2.305265205458517,48.3746539256075,7709,202.5712549071185,4,2516.219162131406,520.9476154514782,,3,342670.0
3.290958106822983,48.37713534751119,77016,75.70138620074441,4,2489.955719107417,3025.2768973777183,,2,184344.0
2.5418418132695173,48.666903830866175,7706,98.44162867394894,1,2515.5912267881854,3004.141359968632,,0,202225.0
2.19306561163803,48.97859198024256,7709,91.72944764948986,2,2516.219162131406,4073.4677571584,,1,214122.0
3.137726465714864,48.43756603241376,7701,96.9392050466394,5,2534.5676313664776,4499.207400769603,,2,267975.0
3.450236177505164,48.698262372063816,77012,149.6174774218885,4,2528.438700180489,1480.3018441369672,,1,549275.0
2.6871214303303974,48.32172472501885,77018,182.8257072519291,3,2529.770777288311,2042.01706170354,,1,627987.0
2.619564904231038,48.889678905734776,77010,109.76449562514068,6,2535.7676266455924,1825.3828970935488,,2,377224.0
2.5733895469030457,48.81583151704671,7704,119.95327338571198,2,2507.681546343389,2757.248125219812,,3,240904.0
2.293746631278699,48.07776551950982,77019,83.23538607502172,2,2509.836958318999,4042.3785626128847,,3,190545.0
3.490504768347748,48.55958814105339,7702,124.32035156733038,5,2521.514844161584,949.0580680336508,,2,344082.0
3.2131524839113474,48.761273917850005,7700,65.31234536320844,2,2500.6482553342094,4559.872705439663,,3,182567.0
2.126820811488649,48.93055284411037,7704,170.0111867309709,2,2507.681546343389,1151.674159509233,,1,265691.0
2.206884484645555,48.98181720996484,7708,189.2504694584292,2,2479.8146622631675,4508.653524412113,,1,436380.0
2.9151748508321527,48.3948564412065,77015,164.92926031235422,4,2509.041371711664,2000.31651949953,,2,581475.0
2.838827562487705,48.63127443464747,7705,183.55010286977733,5,2469.326368602736,1809.8086817351505,,2,598432.0
3.044541353547777,48.6065450128232,77019,135.4125033516088,6,2509.836958318999,3089.2664435307474,,2,526332.0
2.4210178235698177,48.864171222424254,7707,216.2945321448191,6,2468.2970993678014,3424.873756169783,,1,491165.0
3.355995855433616,48.465402497944986,7707,113.09740563878816,4,2468.2970993678014,975.4070530058868,,3,259030.0
2.3339373128324112,48.62047284304608,77010,161.50946622386078,6,2535.7676266455924,3569.781110961988,,2,356739.0
3.482551084691271,48.76924386692295,77010,116.81390407788729,4,2535.7676266455924,575.5981214425481,,2,314840.0
3.3183174179683155,48.63394133956895,77013,143.3572782689073,4,2550.4876935530483,1539.3264406229473,,3,502843.0
3.4467707501441573,48.83078529417197,77010,237.26004543569263,1,2535.7676266455924,4382.509600861253,,2,769656.0
2.7333862519382377,48.72461459062087,77016,221.9317173638924,5,2489.955719107417,3627.203387225921,,1,544150.0
3.046997989945816,48.0537921537962,77014,194.98025563265787,1,2531.1992319512387,4286.05222127064,,1,432212.0
3.2859149540619343,48.58663345912338,77015,139.55148012973405,4,2509.041371711664,913.6514198242224,,1,353765.0
2.203112836247337,48.79963712733059,77013,69.92771985329792,4,2550.4876935530483,4674.291491558473,,1,259244.0
2.817844828954084,48.017658177042655,7704,158.71991216923158,6,2507.681546343389,1435.117435258935,,3,297803.0
2.6190957196492843,48.57733501928381,7709,220.305532168618,3,2516.219162131406,3151.640741953413,,3,499706.0
2.548359893112893,48.37618179048595,7701,101.37489752431338,3,2534.5676313664776,1294.8054171106614,,2,290395.0
3.337542673939981,48.58528404568309,77017,159.22782789071488,3,2535.249063009944,2548.2532338999504,,1,290590.0
2.957996115739518,48.84501725096684,7708,226.52107112182267,5,2479.8146622631675,3002.535435994585,,3,754357.0
2.634753075142381,48.50541880318104,7707,106.89409085577594,6,2468.2970993678014,1092.726322027357,,2,301656.0
2.6854041485446967,48.711684601627695,77018,118.26043997943223,5,2529.770777288311,2116.5995854580683,,3,308891.0
3.2780067245476245,48.36607553762797,7707,87.25572521200695,2,2468.2970993678014,1124.1049280797693,,1,187074.0
2.79954330086921,48.15795482283535,77013,182.1081849577605,4,2550.4876935530483,1381.283656641135,,2,572248.0
2.251959465588232,48.77985323298961,7708,151.2489770740264,6,2479.8146622631675,4660.281100124021,,3,515725.0
2.8722567183125225,48.83583291138382,7701,197.75454871752245,6,2534.5676313664776,3361.970319538537,,0,612210.0
3.4777863318889617,48.45299723436097,7704,177.15291400707895,3,2507.681546343389,2742.728514080438,,2,402469.0
3.345690472076214,48.13711853770703,77012,62.81008022920948,1,2528.438700180489,4070.4674937359705,,3,196361.0
2.111706198302804,48.56081360316035,7700,103.0141766573494,4,2500.6482553342094,2972.8960573515096,,0,183715.0
2.629966313678977,48.58400961121223,77014,154.89451049785723,5,2531.1992319512387,4495.3834816846,,2,524631.0
2.990049086767199,48.90121781091347,77013,120.64860458836654,4,2550.4876935530483,1009.2460619455708,,0,490206.0
2.336569781420643,48.07891203124213,7701,203.6408800215299,3,2534.5676313664776,1254.3746901231452,,3,444939.0
2.7780601578211,48.70293682405085,77013,184.90389775707888,2,2550.4876935530483,1806.3922182890028,,1,588991.0
2.48092985982534,48.178331512428215,77017,141.8788539384821,4,2535.249063009944,1391.0136363839906,,1,413196.0
3.244831314436453,48.987958968351954,7705,127.12554090615085,3,2469.326368602736,1016.1578008749256,,2,438448.0
3.376500347207718,48.77441864700096,77018,113.63754852970948,1,2529.770777288311,1842.59270777803,,2,336564.0
3.4622110998985365,48.86080002931956,77014,221.8898980706225,1,2531.1992319512387,3050.157015724474,,2,481917.0
2.561244535202364,48.68823893634617,7706,175.91194154255558,5,2515.5912267881854,1027.6175989172366,,1,489284.0
2.9326322496484973,48.3980005885584,7706,119.73376051664368,5,2515.5912267881854,595.0313840530462,,1,365114.0
2.592305372611564,48.94183130139171,7709,117.6768702163612,2,2516.219162131406,4652.116732230216,,2,213204.0
2.5297177934280644,48.41695272264704,7702,142.72984205860598,1,2521.514844161584,1602.8878204629343,,2,266604.0
2.3451267377862126,48.406082132559774,7708,123.92762088967032,5,2479.8146622631675,3151.203698272047,,0,224083.0
2.361933492449843,48.00380212316333,7704,216.46486279397163,5,2507.681546343389,1519.1935964729562,,1,382289.0
2.7449758877522643,48.99334852267455,77016,220.2869069552876,6,2489.955719107417,4321.186971111414,,2,612373.0
2.7949243207361096,48.93169928174718,77014,228.58868663661087,4,2531.1992319512387,4588.859665685432,,0,485242.0
2.593495809585476,48.96736573288284,7706,131.60304896707584,6,2515.5912267881854,1685.2702404470135,,0,280573.0
2.774009174672704,48.537433255428354,7709,164.2085523671382,3,2516.219162131406,3010.051408389836,,3,321254.0
2.5540318288670187,48.40736847776145,77010,157.02993150832654,6,2535.7676266455924,3956.002489249553,,0,424860.0
2.490940465356331,48.69025974179308,7704,70.74410502520851,3,2507.681546343389,3164.0885016895954,,0,239244.0
2.375116208983576,48.00123937576637,77015,76.81987392333963,3,2509.041371711664,3002.907479526812,,3,184459.0
3.037192340550684,48.8944922028084,7702,198.8255627029998,2,2521.514844161584,2180.078542545906,,2,536095.0
2.4909821630450515,48.63450952021694,77018,149.25318676127847,6,2529.770777288311,556.5459585719491,,0,256445.0
2.714531994336989,48.13904959396289,7708,191.5092779737817,2,2479.8146622631675,3133.5070371292213,,0,670707.0
3.009080732829927,48.56610428147671,7706,107.82852616925732,1,2515.5912267881854,1281.6877729281114,,3,312018.0
2.185417786943895,48.41664028570532,7707,162.68644219505504,4,2468.2970993678014,2370.749322237032,,2,599053.0
3.1512477037468254,48.54954056950454,77016,195.2222790128548,5,2489.955719107417,1099.667332399882,,3,577737.0
2.380910883979363,48.0497408636593,7700,232.49827880710853,6,2500.6482553342094,4034.859605230237,,1,559880.0
3.0711067642135026,48.867557287445536,77011,77.0266075591113,6,2522.5267076694745,4391.401530217321,,3,275779.0
3.3957606570418566,48.06723061222328,7704,116.93456383160552,1,2507.681546343389,3267.656489608999,,0,291028.0
2.064864537468898,48.37391602721857,77013,119.2667700126615,6,2550.4876935530483,1552.0374663908322,,1,395762.0
3.420409024238377,48.32473470871884,7706,145.24880740842826,3,2515.5912267881854,877.4665136836282,,0,280528.0
2.4350195990441814,48.915669362276105,77011,85.09535479891196,3,2522.5267076694745,1368.379211695183,,2,246842.0
2.8596301319472577,48.21027874074136,77017,130.6161766488067,2,2535.249063009944,3053.874334995472,,3,296138.0
3.372250881766538,48.766951010567794,77011,70.86292123094701,6,2522.5267076694745,3670.6391681919736,,2,175693.0
3.1956487714837936,48.58591467036288,7703,120.42544818843476,4,2494.7034077219337,2690.513499584165,,0,211107.0
2.7258728036468463,48.47363068014031,77019,228.0108999147297,1,2509.836958318999,2348.749066614204,,1,530308.0
3.3602039984929446,48.22617665780882,7705,193.39269459010293,4,2469.326368602736,2015.7830843195668,,1,397386.0
3.2925600656277734,48.84723657769642,77018,105.83312134613362,6,2529.770777288311,1517.8710815025445,,1,368336.0
3.1004775381541445,48.43434601513413,7707,181.87476808812852,1,2468.2970993678014,1418.0790146979443,,1,587365.0
3.024412541937996,48.90340024089302,7703,137.1483427288336,6,2494.7034077219337,3548.189060283555,,3,468886.0
2.501588412119877,48.53018115595105,7705,140.75266949718696,3,2469.326368602736,3306.6610985649213,,2,307887.0
3.212732297996556,48.7589605076452,77011,141.7061104064884,3,2522.5267076694745,3781.0540505568138,,2,333245.0
2.36997143734265,48.583865448175,77018,189.65947763630024,1,2529.770777288311,1525.4141308081566,,3,426980.0
2.783087640215941,48.83329903744718,7708,105.9770655190595,1,2479.8146622631675,4750.263637074866,,1,341762.0
3.089912031771912,48.50974245004262,7709,122.6650036827086,6,2516.219162131406,3426.6450222295057,,1,281622.0
2.16238445931908,48.83881720373458,77015,63.503776020288406,2,2509.041371711664,3819.5721139649295,,2,197065.0
3.03251465381192,48.05543646461202,7709,214.3109593622584,5,2516.219162131406,4591.876611072661,,3,474934.0
3.3164107397921883,48.491520963925126,77016,103.70780196432752,5,2489.955719107417,1490.6513317346892,,1,265651.0
2.6280849078119903,48.13242272820506,77018,231.7246345513341,5,2529.770777288311,3727.919034103622,,1,496973.0
2.3584306112318125,48.82694718844018,77018,128.52759710257948,6,2529.770777288311,2080.913548551924,,1,237344.0
2.908517225768413,48.74551013718792,77014,76.32936507840162,2,2531.1992319512387,1767.8851830990698,,3,158177.0
2.9224253947289816,48.91185240884297,77013,173.81557930769202,6,2550.4876935530483,2406.185880892173,,2,423840.0
3.301191104594735,48.14681017696052,77017,211.60335598209244,6,2535.249063009944,891.4759129164256,,3,333559.0
2.1755551885649327,48.013519053196106,77014,162.4746819029209,5,2531.1992319512387,2511.765599434358,,2,598360.0
3.09529275958569,48.92079511853378,7705,102.11563689513213,2,2469.326368602736,1295.1464012555066,,3,291817.0
2.380344993999364,48.91491251730567,7707,84.30331916838033,1,2468.2970993678014,764.3522249973031,,1,214539.0
2.68439016301784,48.43687346869362,7704,125.72753641669642,5,2507.681546343389,1395.3173822179756,,2,423749.0
2.953039460556224,48.368021163165466,7701,196.1992712503644,5,2534.5676313664776,1771.2049826586062,,0,358159.0
2.2213364599660133,48.47355383354724,7708,145.74088112054068,6,2479.8146622631675,518.1137548428684,,3,433506.0
2.9457369082808937,48.31654453838227,7701,163.78447215114377,4,2534.5676313664776,3692.327183782501,,1,481336.0
3.40442093220339,48.06400634660862,77010,181.2113099101004,2,2535.7676266455924,2907.614770695198,,0,594165.0
2.3217799265586097,48.64470485779584,7702,150.4698772399239,4,2521.514844161584,2934.151383679707,,0,277313.0
2.357813669478828,48.33598281644813,77019,214.29721304158136,3,2509.836958318999,2487.9655408695708,,3,436695.0
2.962513565242244,48.81725926898752,7706,166.9108636002386,5,2515.5912267881854,4752.26339369677,,2,461851.0
2.483168893953707,48.686419893997645,77015,126.03721342073084,2,2509.041371711664,1086.6426087960094,,2,211550.0
3.351766434826033,48.750669014281655,77017,125.98465656900817,4,2535.249063009944,1155.0537942495607,,3,317906.0
3.0986065232726085,48.18426915357987,7703,97.1269462600653,2,2494.7034077219337,4390.537270561659,,3,285164.0
3.0548895426699225,48.528552511606506,77010,88.29994207562473,6,2535.7676266455924,4568.240100947525,,3,185279.0
2.023757106417311,48.55781012573544,77015,89.9555950914125,1,2509.041371711664,1283.047016072559,,0,177460.0
3.426959149078634,48.541394121067455,77018,236.56966722367105,1,2529.770777288311,1951.0406921872,,1,859843.0
2.079468189953896,48.07838842697026,7702,193.05806253975047,2,2521.514844161584,3602.352687937308,,0,486556.0
2.0095286915865755,48.64885467425807,7700,113.85800299496948,6,2500.6482553342094,3526.31584573052,,1,345927.0
2.194352540297729,48.81994580903926,77016,142.92809936432477,5,2489.955719107417,2308.931164559251,,2,439740.0
2.921359416721046,48.77348467949126,77018,115.66620845385116,3,2529.770777288311,2265.401819515122,,1,186077.0
2.1412049123917902,48.878664307042456,77016,66.32909831781468,6,2489.955719107417,4687.170969296403,,0,155983.0
3.3001741806734857,48.54424462098361,7704,174.46612000108303,3,2507.681546343389,1217.707852240445,,2,272902.0
2.552547943609416,48.71216573521221,77018,116.63500578567972,6,2529.770777288311,1679.163408030481,,0,451055.0
2.697758855186057,48.6359543403495,77016,230.84080178853355,2,2489.955719107417,4373.921709704187,,1,558381.0
3.1093021087713746,48.60223342993094,77014,210.3189361695405,3,2531.1992319512387,3906.0788959837255,,3,373013.0
2.056664955846368,48.44645039370759,7700,76.94554233795415,4,2500.6482553342094,3642.227019757992,,1,288355.0
2.934087756187165,48.55227506744855,7703,93.08987050145564,4,2494.7034077219337,2588.1918775652607,,1,305527.0
2.2450538992447973,48.276513451692765,7704,234.243824216378,4,2507.681546343389,1254.8701887242437,,0,511954.0
3.4478622633673,48.42548904175969,77014,203.0889391566104,2,2531.1992319512387,2653.1707808879214,,3,546534.0
2.940984808913476,48.47362581586858,7704,96.98616213254786,2,2507.681546343389,911.922674623382,,2,369793.0
2.5487428006999737,48.47770947829132,7705,161.52169378715507,3,2469.326368602736,3823.629078525949,,1,361520.0
2.25574231391474,48.138466460131625,7709,172.48742821255362,4,2516.219162131406,952.6532316009296,,0,297771.0
3.0590522363304773,48.9764772414572,7700,122.90504865129216,6,2500.6482553342094,1271.03403947983,,0,476141.0
3.098780790799667,48.85576060473907,77019,239.5141867416115,1,2509.836958318999,1539.847410709054,,1,557568.0
3.2198824266828483,48.48775370957098,7702,139.00846955092564,4,2521.514844161584,4497.373185334913,,3,396660.0
2.7317195133944048,48.13587933566726,7702,224.0589856008584,6,2521.514844161584,2287.5054557251883,,0,597673.0
3.191032327504691,48.59556064824111,7707,92.8124329328406,1,2468.2970993678014,2391.8597137859265,,2,362823.0
2.6164743066294323,48.47654212746221,77012,226.60070818361007,3,2528.438700180489,2671.8653370026013,,0,809732.0
2.068828187113165,48.61068622588192,77011,142.9570432135463,5,2522.5267076694745,575.6989998251573,,0,288429.0
2.602440467904723,48.84317482630647,7706,78.78031211941655,6,2515.5912267881854,2445.9521899213305,,1,185694.0
2.987638316295673,48.60329368104866,77019,202.27870432037625,2,2509.836958318999,1915.5070221153253,,0,479252.0
2.6957339791435464,48.14340466677165,77011,136.26702869075456,2,2522.5267076694745,2935.801127251189,,2,393649.0
2.085124222264832,48.61732357392359,7709,168.08886580879266,3,2516.219162131406,625.4848786997035,,0,529601.0
3.0163695703875595,48.94962213515944,7702,165.13796288608015,6,2521.514844161584,3882.639030005936,,3,580805.0
2.5068422616647235,48.08808084483336,7705,156.3655283881737,2,2469.326368602736,901.4070940097744,,3,288647.0
2.040290886737456,48.689274788597686,7705,187.4640373640468,6,2469.326368602736,4438.677234460991,,2,623836.0
2.396100703510497,48.74932825570785,77011,153.27576785740283,5,2522.5267076694745,3730.68736175524,,0,310730.0
2.2096654489072143,48.075208790352,7709,181.26412680843845,5,2516.219162131406,4631.344530208886,,0,443651.0
2.7630339153415564,48.90110766723157,77019,221.48719672979257,6,2509.836958318999,4752.836786597041,,1,432350.0
2.2076254244372087,48.83725108695026,77011,188.123001848316,4,2522.5267076694745,3985.061778701321,,0,362463.0
2.616190882471296,48.545137620901,7704,108.0383045821968,3,2507.681546343389,1927.080584449322,,3,196733.0
2.3400576908684307,48.12024653439047,7700,147.7132909567952,5,2500.6482553342094,1916.7963027943256,,2,266014.0
2.2278216314526778,48.43714401613193,77014,143.5747385731574,5,2531.1992319512387,1186.797937906329,,3,344701.0
2.99256205315204,48.911244439179725,77014,234.5388910994781,6,2531.1992319512387,3755.1401889595286,,1,463973.0
2.033346670350162,48.27413661115442,7704,174.23692196220674,1,2507.681546343389,3212.793079590123,,0,335359.0
2.176064654806946,48.84626387813821,7706,210.6429846393472,2,2515.5912267881854,2823.392851046672,,0,618614.0
2.284383396646576,48.80685060113876,7708,124.06566201872408,6,2479.8146622631675,1245.070066187935,,1,237830.0
2.088236022729072,48.01572310706304,77015,66.91538331873635,6,2509.041371711664,2631.465400643461,,3,248926.0
3.3578184629200902,48.08193861300587,7705,132.32797568517435,2,2469.326368602736,4428.834663266012,,0,218332.0
3.2970709443129533,48.06706765154029,7700,88.52919239493629,1,2500.6482553342094,2035.4093257646907,,3,223093.0
2.063745219769182,48.76305767637494,77011,212.1932708632379,4,2522.5267076694745,2724.920605628693,,0,439572.0
2.904788248422001,48.52360054715261,7703,112.99823445396058,4,2494.7034077219337,1081.2850035939969,,3,314307.0
3.4249406360395533,48.88518442810258,77014,178.077180297702,2,2531.1992319512387,819.8365849416355,,0,568416.0
3.143882774046848,48.53768658894634,77011,212.3593821855169,4,2522.5267076694745,3665.981462108017,,2,398927.0
2.917590306722513,48.86351254591271,77015,82.74205873527485,5,2509.041371711664,4767.064560691815,,3,186791.0
3.054946491995327,48.331161376794256,7702,119.21037792187552,3,2521.514844161584,4171.537895088306,,2,462309.0
2.5375546426432702,48.08662630569107,77012,210.22854477343,5,2528.438700180489,1200.2355013252554,,2,539586.0
2.5876857398628674,48.3743621972996,77019,63.54965641973457,1,2509.836958318999,3996.979726860453,,1,165973.0
3.2395083913785543,48.8894439728375,7701,189.9729917053233,6,2534.5676313664776,4745.903096649832,,3,647295.0
2.0750451572644484,48.34567441748854,7707,173.09398785645897,3,2468.2970993678014,3263.678751034144,,2,351448.0
2.4332939234982693,48.87710126265404,77018,202.27739465395308,6,2529.770777288311,4287.555865526632,,3,346901.0
2.987837155586058,48.38173174627029,7700,240.5073859757908,5,2500.6482553342094,3478.5005490990825,,3,611556.0
2.103556735599464,48.37618726369029,77012,108.88476615627428,2,2528.438700180489,3284.370212398155,,0,341842.0
2.5314557919762675,48.588443147637854,77015,199.1031760275007,4,2509.041371711664,917.7410919372436,,2,531445.0
2.402303917508544,48.53046135464809,7700,143.26516177670453,1,2500.6482553342094,4088.5613087749953,,1,310509.0
2.3966020215333206,48.77419337098208,77015,225.51472109820463,6,2509.041371711664,2040.3209524202416,,3,608567.0
2.724915424109621,48.366665365693855,7705,67.18654884665688,3,2469.326368602736,3261.5935047733306,,1,200655.0
3.0686445990274205,48.0302302916412,7700,143.58298434332073,6,2500.6482553342094,3675.2673323782697,,2,392470.0
3.4331658780823107,48.76367713819819,77018,88.51174032892814,2,2529.770777288311,2322.906453331573,,0,306186.0
2.18384700253024,48.294467816063474,7701,219.88468295087367,5,2534.5676313664776,4328.729506155651,,0,789457.0
2.424031146352705,48.76371579753136,77017,132.9565948031696,4,2535.249063009944,592.8594121255977,,1,208556.0
2.6420901202798377,48.55242201335249,7703,227.59780820925303,3,2494.7034077219337,1608.6592616930352,,1,542907.0
3.0717465130347623,48.6359681677955,77013,236.44290153605365,4,2550.4876935530483,1424.6400662431224,,0,671064.0
3.0107569417504654,48.2106879170303,77019,118.6948664230442,4,2509.836958318999,2545.285505317166,,1,288764.0
3.1026732380636166,48.33917560620743,77012,167.00067465444,6,2528.438700180489,532.9765456466209,,2,550440.0
2.5621263742641407,48.00780669448889,7706,99.78976519205337,1,2515.5912267881854,4003.48861483344,,3,172965.0
3.1329767646489675,48.52921323017753,7705,107.99087273978031,5,2469.326368602736,1986.0348810171376,,3,386431.0
3.0630212577678577,48.11443816351685,77016,182.5226482516481,3,2489.955719107417,2182.724211216986,,2,576446.0
3.2292365631222806,48.66766774967854,7705,71.2326822797867,4,2469.326368602736,4441.554415573023,,3,231530.0
3.4439635503861865,48.78753641446179,7705,66.19740238476702,1,2469.326368602736,3802.8224550588734,,0,260074.0
3.1301399767685765,48.47239918057138,77016,71.93902818690835,5,2489.955719107417,2659.613464494092,,0,188400.0
2.4529728696286006,48.432051027504045,77013,173.37762409191404,6,2550.4876935530483,2250.423957201976,,0,317011.0
2.1668555177302657,48.82698148538523,77019,212.30073668340185,1,2509.836958318999,3905.771126943308,,2,659796.0
3.381149912695036,48.58444890975743,77016,115.38419077550736,1,2489.955719107417,3968.341389074983,,3,290950.0
2.5919759404979974,48.31456706632634,77018,208.78987667412767,3,2529.770777288311,618.037689959571,,1,657988.0
2.6568929051808663,48.360485108208266,7709,163.0352990719647,4,2516.219162131406,2425.1505552145345,,2,301352.0
2.0405583156397324,48.68569426531095,77019,121.35756143027902,1,2509.836958318999,2490.503783490992,,1,467752.0
3.321052751622412,48.39776277471129,7701,73.4337109568222,5,2534.5676313664776,4150.140601973375,,0,165750.0
2.220892540756575,48.36202345374299,7704,188.2920378251668,5,2507.681546343389,2239.331055663117,,3,349723.0
2.778965962095308,48.14076421869922,77014,110.47134661226026,4,2531.1992319512387,2801.698646548792,,1,343936.0
2.772025425682158,48.808275439555935,7701,102.1944154317309,6,2534.5676313664776,1947.5149534679688,,2,230178.0
2.805989273019632,48.04523285621142,7701,114.47052632757698,6,2534.5676313664776,629.7598203638343,,3,324878.0
2.1723483340333734,48.65155978071703,7701,184.15394756421023,5,2534.5676313664776,1447.911903466188,,3,725598.0
2.1545451107992304,48.46990478149581,77011,128.15890844643715,6,2522.5267076694745,1250.1982498422103,,2,406202.0
2.7896864831067383,48.61408632607093,7702,74.05296381198316,3,2521.514844161584,2119.6841267577856,,0,241954.0
2.502606429521242,48.05114771624691,77010,130.4410793382331,6,2535.7676266455924,2510.6884312051907,,3,255711.0
2.802262254744646,48.01374934933053,7709,98.26758339230938,5,2516.219162131406,555.5245578271547,,1,205419.0
2.818433973829962,48.74223734713573,77016,118.69420396075937,4,2489.955719107417,3296.2026787713085,,3,405327.0
2.858914710664412,48.892767317187136,7702,125.09273871806906,4,2521.514844161584,3405.236877911416,,1,429692.0
2.6647557255790284,48.162598452316246,77017,191.2575640000589,6,2535.249063009944,3462.72723887387,,0,488110.0
2.970722908624168,48.14340634202302,7708,111.23097859417844,5,2479.8146622631675,776.7723361358549,,3,261416.0
3.0509867897849707,48.21285882263983,77010,213.41078487296875,1,2535.7676266455924,4533.848398890961,,2,500372.0
2.5573596627743003,48.195030231789154,77011,92.5014175813368,1,2522.5267076694745,4371.938006398442,,0,228597.0
2.9401654610693457,48.55346147192493,7704,185.4671324231101,5,2507.681546343389,4250.330774061385,,1,475872.0
2.0248883692448088,48.46654835281566,7709,142.34570243101322,3,2516.219162131406,3007.131790155949,,3,410230.0
2.434250370347571,48.15698399378756,7700,209.1321163015239,5,2500.6482553342094,4572.184184491889,,3,369484.0
2.5510860930456056,48.08701721830279,7709,209.27218967053412,1,2516.219162131406,1637.5929980709784,,2,366129.0
2.881767074300453,48.63128999093203,7704,237.4707734712936,3,2507.681546343389,2773.6120553003,,2,501975.0
2.9040596583101723,48.60180299710405,7706,88.7390613623448,1,2515.5912267881854,2801.020274123295,,1,176514.0
2.2761856926589825,48.60086032883749,7703,86.5577166746764,5,2494.7034077219337,2354.42059372864,,1,169781.0
2.162420610357857,48.39067036113121,7706,115.293921423405,4,2515.5912267881854,3532.9705474489097,,1,303522.0
3.431555640126865,48.67041932649892,77012,157.96160067361865,2,2528.438700180489,3792.9858093268863,,0,453603.0
2.558556699348978,48.27607559308122,7700,131.26875412728594,6,2500.6482553342094,3842.270079950477,,3,275819.0
3.1517987454825223,48.2435523503754,7700,168.80539036770773,3,2500.6482553342094,4204.248455190049,,0,427251.0
2.0737972273433467,48.24991038070618,7707,83.83626823921915,3,2468.2970993678014,1567.7246530924033,,0,287089.0
2.8193193141318984,48.01370108890849,77018,187.75412559921816,3,2529.770777288311,4176.262674399613,,3,445284.0
2.542286115174409,48.08939657038606,77012,184.3058370378605,5,2528.438700180489,2723.1184910472616,,0,564660.0
2.31460235329527,48.774798146519466,77017,141.49041874229545,2,2535.249063009944,3173.0884486652426,,0,331754.0
3.121186249678246,48.16321708419208,7706,173.77044760346254,2,2515.5912267881854,4213.255144863904,,2,460908.0
2.267356353468358,48.72243114689239,77019,97.84709440828836,3,2509.836958318999,1832.01180296646,,2,353659.0
3.408312390727855,48.78045995178656,77014,207.39237296603244,5,2531.1992319512387,574.0937969322988,,0,567077.0
2.97993047011293,48.11085727955519,77019,104.43815321537434,2,2509.836958318999,1284.0835288332544,,1,278989.0
3.051857416856341,48.93192126423881,77014,128.2423667222601,3,2531.1992319512387,4353.0212379338745,,2,455542.0
3.258194480731256,48.20009881195306,77013,216.07172957237296,1,2550.4876935530483,4252.391960063638,,2,805396.0
2.513708834353744,48.56743925126448,77013,92.16437995183,6,2550.4876935530483,3782.497947469474,,2,313915.0
2.302160194883549,48.993770042344366,7701,124.74506297628858,1,2534.5676313664776,2471.5505618638845,,2,213945.0
3.226650659211779,48.75342218786358,77019,163.5088027068378,1,2509.836958318999,649.9571859037197,,3,371878.0
2.9900018451337447,48.76667721327715,7707,113.29836375357463,5,2468.2970993678014,1608.8317933102558,,1,447250.0
2.1587075372847715,48.62820659709304,7706,194.3733823837304,2,2515.5912267881854,1356.7180383366565,,3,454107.0
3.4160395763949696,48.48318802394007,7705,228.0243128359774,6,2469.326368602736,3851.8560558299946,,0,601093.0
2.3312628164007183,48.383612828469424,7701,203.152452077342,1,2534.5676313664776,3958.361396730197,,1,715140.0
2.797725399372053,48.74293525621568,77012,101.5002834322386,1,2528.438700180489,2116.958977843994,,3,407351.0
3.202442505240946,48.06999189316623,77015,144.23981626779533,3,2509.041371711664,2062.723501457772,,0,394991.0
2.4655839781905704,48.14032109430672,7703,98.99190818955373,2,2494.7034077219337,3072.00409551582,,1,169197.0
3.2564149152894952,48.05099616691167,7703,173.9087113407959,4,2494.7034077219337,4437.564563134283,,3,273076.0
3.431074639891877,48.57516934175757,7703,150.22934810632267,3,2494.7034077219337,565.199087716799,,1,394592.0
2.137195670164929,48.985495718822136,7709,62.93312273185549,1,2516.219162131406,2787.5359763895,,3,208795.0
2.0989760338222307,48.18891283240998,7708,175.32661966873258,3,2479.8146622631675,3830.823835100038,,3,310501.0
2.6593372838237315,48.02448611071869,7701,172.63429241678494,5,2534.5676313664776,3722.4996601516295,,2,570442.0
2.642600635414606,48.383730596745295,77017,102.54538885814566,4,2535.249063009944,3027.4942206972764,,2,290660.0
2.205434483405355,48.17742092748869,7706,87.79275495322506,5,2515.5912267881854,2318.714830902913,,1,183327.0
3.4997366280532862,48.73850329688533,7703,241.18138247634656,6,2494.7034077219337,3451.3558962222205,,0,693581.0
3.333780367077717,48.70140426985511,77014,193.26123077544585,6,2531.1992319512387,2704.176895401112,,1,333070.0
3.3386488074907463,48.1179872083244,77013,63.25319630146076,1,2550.4876935530483,3678.0267648108816,,2,215406.0
2.8626016812263733,48.47174724677476,77018,160.3750949281449,5,2529.770777288311,3027.2989323381803,,1,504946.0
3.49440286755718,48.54430976901383,77010,86.13886525845167,3,2535.7676266455924,4483.57716895612,,2,298493.0
2.100402212332313,48.41627479722555,77016,222.06461931027744,1,2489.955719107417,2937.90737880042,,2,398504.0
3.268199716495768,48.37740532541277,7700,137.8956549652351,5,2500.6482553342094,2596.022758258131,,2,313088.0
3.347989688941638,48.70475791030676,7705,113.21763844365192,4,2469.326368602736,652.5647189339488,,2,332944.0
3.2653066337919627,48.81837712677581,7702,196.73205625327964,1,2521.514844161584,1290.9507516758863,,1,417239.0
3.37966618696082,48.2006445872661,7708,101.68537500707944,5,2479.8146622631675,2640.017996524102,,1,258666.0
2.3226651516922714,48.205811995988704,7701,140.49041294967836,2,2534.5676313664776,4340.453196247027,,3,584098.0
2.572571781154031,48.3729219545102,77019,110.62513804228604,4,2509.836958318999,677.4752238056246,,3,334514.0
2.974686091268937,48.08411009930968,77018,207.0639753633654,2,2529.770777288311,693.2126969047268,,3,647787.0
3.0472976460147496,48.21491653138672,77010,84.09656428457957,6,2535.7676266455924,3804.645544214983,,3,153847.0
2.4944304829755986,48.57113917968611,7704,181.93928647640269,4,2507.681546343389,2317.7777833954137,,2,519949.0
2.533776054242538,48.7369635372028,7706,145.46330877093274,5,2515.5912267881854,3822.5804478454415,,1,401972.0
3.196305890872815,48.22867511838662,77019,145.0326400059917,3,2509.836958318999,3570.792239943591,,1,312494.0
2.603865706358146,48.36639291031559,77019,216.2194248678085,3,2509.836958318999,1735.342210755835,,1,418844.0
2.679396197508597,48.64041196441473,7709,99.70399868079532,3,2516.219162131406,710.5480979463389,,2,352318.0
2.815112833851447,48.27595484235426,77011,184.98801323951065,1,2522.5267076694745,3041.5508921159058,,3,350701.0
3.091497706497461,48.75262210329162,77014,135.0151040037423,1,2531.1992319512387,3284.754185676614,,2,277574.0
2.359531203858716,48.48321492348071,77013,70.97531560192272,1,2550.4876935530483,3958.000440732564,,1,241148.0
2.501693501564291,48.16078433625785,77014,235.3942421032748,6,2531.1992319512387,4788.441779612963,,0,769118.0
2.993566298287788,48.96211387360555,77014,127.29152575756451,4,2531.1992319512387,4302.059814392824,,2,446512.0
2.606983126857,48.42904799397211,77011,170.99072894244932,2,2522.5267076694745,3820.6009991828014,,2,427750.0
2.8285878464662906,48.52680670089231,77010,232.157360273574,6,2535.7676266455924,572.3613656839044,,3,503937.0
2.6669393954181166,48.7355533222833,7701,224.52792562852068,1,2534.5676313664776,3229.9791278684866,,3,786167.0
3.0396528094139423,48.05647915813913,77018,127.27941284278276,5,2529.770777288311,1970.589429231584,,3,244136.0
2.2073458205972507,48.84605719781808,7706,122.14833735070692,6,2515.5912267881854,3686.229546581167,,2,256609.0
2.9762924406705467,48.653767386506,7705,123.3672504926978,2,2469.326368602736,3324.6286121605376,,3,252515.0
3.182811946637228,48.88162899844882,7705,219.9946890006459,4,2469.326368602736,706.6620412234457,,3,659619.0
3.2130683460586136,48.59977147123768,77015,125.9850146310979,4,2509.041371711664,3676.665607881768,,3,475893.0
2.5388797705673376,48.29163716472412,7707,232.16974495559003,1,2468.2970993678014,1491.6189327231866,,1,777169.0
2.078399953496344,48.6353203906856,77015,116.38770430678652,2,2509.041371711664,2618.104963108004,,2,281311.0
3.4972967703291427,48.97650719030062,77018,229.60467711374127,3,2529.770777288311,4628.128932793745,,1,774631.0
3.414065725714316,48.546015302870174,77012,113.21697580127108,1,2528.438700180489,1558.519349470398,,1,325316.0
2.026965996764289,48.07887931648364,7703,218.00881759621228,6,2494.7034077219337,1657.3514529953432,,1,360122.0
2.468734374705226,48.50003777577379,7701,214.1672399370887,1,2534.5676313664776,1039.2687446664577,,0,712343.0
2.639837601141004,48.23070737797335,7709,111.77424535020631,4,2516.219162131406,3768.3536506926175,,2,258794.0
3.3830116196961475,48.223479868642364,77014,128.55826959317403,2,2531.1992319512387,4265.769305067293,,0,217312.0
2.8185207853939787,48.327904022394506,77013,176.1512040826832,5,2550.4876935530483,3125.910046866403,,0,430210.0
2.1041717390816013,48.59583489690072,77017,230.37033800611547,2,2535.249063009944,3468.849927212572,,2,762460.0
2.920887419983445,48.70629204825436,77012,119.94827534876232,4,2528.438700180489,4743.864422442373,,2,284348.0
3.083775321503761,48.537920057116494,77013,228.7997129023307,6,2550.4876935530483,1425.2972898618114,,3,530976.0
2.440312659564663,48.42124440561911,77012,167.61590017262586,1,2528.438700180489,509.64024263054034,,1,399628.0
2.676361180025209,48.19862660398756,7708,87.99167605939913,2,2479.8146622631675,991.3162118087188,,1,301696.0
2.467242301972774,48.290963923266034,7709,171.44473238058612,6,2516.219162131406,4006.043031952647,,2,670423.0
3.084271486827908,48.6092933678051,77015,141.3168419291817,1,2509.041371711664,2568.3759433283835,,0,533511.0
2.123502850935192,48.75629324581349,7707,199.73689080390807,6,2468.2970993678014,1234.5973362134357,,1,753856.0
3.222199117934869,48.299405075018,7709,211.0746922438719,4,2516.219162131406,3809.182067344962,,2,474497.0
2.4056276156033656,48.69270735114344,7701,240.6045706693137,4,2534.5676313664776,3314.289334461857,,2,705539.0
2.1378037022594203,48.83832716796919,77010,233.2981167936984,3,2535.7676266455924,3008.899588473288,,2,801473.0
3.0939040650500447,48.53442939336897,77014,137.60633905118675,2,2531.1992319512387,1529.9260521037295,,2,402951.0
2.6248008462127794,48.30242618699255,77010,147.31113187493867,6,2535.7676266455924,1080.6300357758078,,0,349168.0
3.1196284096060083,48.99215143523005,77015,168.86872286811223,6,2509.041371711664,4451.85879834197,,2,481266.0
2.3680284712493167,48.05773215922512,77010,102.24864790215236,6,2535.7676266455924,2836.510568510923,,1,213686.0
2.40778640067142,48.30258665260746,7709,157.10296934736385,4,2516.219162131406,1327.966378572134,,0,620469.0
2.931028973060789,48.62888221853268,77018,160.11208042964236,1,2529.770777288311,765.3659014967346,,3,528278.0
3.2063385804513023,48.32156917935415,77016,100.03678681688254,6,2489.955719107417,3328.117620102581,,2,173479.0
3.049670583567752,48.006034216983885,77016,222.03399047734803,5,2489.955719107417,2650.8080086660525,,2,768067.0
2.3383489060169,48.87580270900927,77018,87.61743726694672,5,2529.770777288311,1854.4961333965384,,0,313995.0
3.4524285815282285,48.701919722938975,77018,163.01635442011292,3,2529.770777288311,3281.437792308356,,1,257377.0
2.7284554896165294,48.59335432589868,77016,97.93060707786312,3,2489.955719107417,4348.075265094205,,1,256690.0
2.714174979042091,48.48058097827158,7705,136.54740980193498,5,2469.326368602736,4735.418817922793,,0,370069.0
2.9426286251484246,48.60049780217993,77019,181.7876322918565,3,2509.836958318999,4748.801244804916,,3,650648.0
2.764603265005906,48.42244579003088,7709,228.28336357269075,1,2516.219162131406,3421.5295079343355,,3,357600.0
3.466222371094556,48.453629219118845,77010,238.18964386598932,3,2535.7676266455924,4574.591701650981,,1,756242.0
3.317017132404213,48.68502250050377,77016,111.1362164474874,3,2489.955719107417,4185.132694228711,,2,314842.0
3.254286096086828,48.97030619364565,7703,106.72079302923144,3,2494.7034077219337,3222.077695899506,,1,156073.0
2.3851279730774064,48.2159016655544,7709,86.13757862238177,4,2516.219162131406,1577.780860563328,,2,289501.0
2.8254236454250865,48.31985423607232,77013,170.37943675018226,3,2550.4876935530483,3524.5578032821354,,3,404067.0
2.272447132818233,48.30239574030392,7708,78.83776133274854,1,2479.8146622631675,3303.293198825218,,0,216571.0
3.284707359504283,48.93629350892498,77011,125.42914840110284,2,2522.5267076694745,3195.117657100184,,2,374238.0
2.232289847795818,48.85694276136088,77010,214.13153419071227,4,2535.7676266455924,1296.5014056454456,,2,751650.0
2.8347606072606983,48.023090515382194,7708,129.83188394639512,4,2479.8146622631675,1326.7760368302795,,2,218775.0
3.225011099701472,48.89832158490184,77015,109.99027579587622,3,2509.041371711664,2021.898617597829,,3,398573.0
3.3513066855538853,48.34521404761531,77015,141.0153019961752,3,2509.041371711664,3491.288059699023,,3,486742.0
3.0128713942821195,48.48029707302617,77012,156.12524180035717,2,2528.438700180489,841.9689225453951,,0,362980.0
2.9436414347415094,48.27139991428143,77011,135.30787588140197,4,2522.5267076694745,2675.441880289271,,3,441664.0
2.203423313403784,48.755588522138574,7708,168.29451011898806,6,2479.8146622631675,4654.606392195311,,2,319654.0
3.1103395188171503,48.93458982936711,7707,232.1609042233584,3,2468.2970993678014,2906.749057113254,,1,660629.0
2.5920062788076828,48.86818498464,77014,174.52734877967524,4,2531.1992319512387,2151.0343260112995,,1,470110.0
2.9482175748347164,48.22845255555704,77016,107.62011016376688,6,2489.955719107417,3623.6800106373566,,3,199788.0
2.517166041748516,48.67570295773138,7706,238.4147311109932,4,2515.5912267881854,664.5232314713871,,1,652500.0
3.4977387038567795,48.92163724742988,77015,152.74967891281216,6,2509.041371711664,3163.9100943462427,,0,375272.0
2.744675403338157,48.17684415349962,7706,240.8417172713248,6,2515.5912267881854,4579.414046620548,,3,970785.0
2.7308652104612934,48.24837712598728,7703,194.23597221722625,5,2494.7034077219337,804.3359723638289,,3,438704.0
3.381247856601112,48.74390127634463,77015,100.73021182163272,4,2509.041371711664,1412.9488044707678,,3,317069.0
2.290038282596423,48.36488750654712,7702,122.32607693801768,5,2521.514844161584,1786.6496968271665,,2,222999.0
3.387732227585816,48.55187994211864,77010,177.36418206498786,4,2535.7676266455924,2832.596557673824,,2,359869.0
2.1636644476486246,48.65051164779172,7708,137.3125125373454,6,2479.8146622631675,3051.573174440005,,2,502161.0
2.205373688715336,48.72491314285234,77013,159.6985594816096,6,2550.4876935530483,4401.2457317384105,,1,503856.0
3.265601163033478,48.921907948859534,7703,170.8774960945832,2,2494.7034077219337,4551.57635120574,,2,322912.0
2.8537897213877805,48.75415313996249,77015,161.29056228978703,6,2509.041371711664,4299.43308218844,,2,275752.0
3.080879629055956,48.76576332104754,7703,80.97780455857799,5,2494.7034077219337,2387.8116920188263,,3,206942.0
2.7840525563590486,48.57545243674474,7701,236.0836965672953,1,2534.5676313664776,3911.300524274161,,0,467154.0
2.6981986029613987,48.95578335460857,77017,117.12310132921532,2,2535.249063009944,653.8068507500102,,0,193703.0
3.464300468660919,48.06456172766514,7709,111.0406994602071,5,2516.219162131406,2786.9059563964406,,1,349598.0
2.4766957517923105,48.228167501693584,7708,114.03212197908788,3,2479.8146622631675,1532.5360914953903,,0,226541.0
2.9420878385429097,48.20539473931674,77019,172.50664879892258,2,2509.836958318999,3544.264009518942,,2,426468.0
2.451738529678168,48.57822978616952,77015,221.9080720820022,3,2509.041371711664,3016.336459909317,,1,724488.0
3.187120832432775,48.89016999639896,7707,111.7965385995108,4,2468.2970993678014,1071.8206690709244,,3,348820.0
3.1189396304532204,48.91245733300842,7701,157.06787147712328,6,2534.5676313664776,1862.063372174465,,2,431737.0
3.0926953463074103,48.69383549487308,7707,92.68788456186812,3,2468.2970993678014,2722.086752612423,,2,186518.0
2.75376581458574,48.82654015001057,77019,218.07492775817568,2,2509.836958318999,3980.6782349771775,,3,748498.0
3.366602084707636,48.503538747327454,77013,137.2950688859063,6,2550.4876935530483,3402.0293463572502,,3,311006.0
2.260716694298912,48.04568651239116,77012,69.99981170585917,6,2528.438700180489,3808.217743108258,,0,266273.0
2.84311177123466,48.56428599871796,77016,182.3910902094601,1,2489.955719107417,2776.774158501744,,2,602283.0
2.546515558608326,48.0869820299046,77015,208.69892798797937,6,2509.041371711664,4154.036616549615,,3,608525.0
2.604098554800449,48.34343058801949,7703,174.64933990973384,2,2494.7034077219337,3095.4238134616594,,2,641372.0
2.5299854945587965,48.93883724838697,7709,164.1272890354389,3,2516.219162131406,2591.686726726234,,2,530880.0
2.3658532536891856,48.433186755961536,7705,87.38966099239224,5,2469.326368602736,2639.8555254319326,,0,222576.0
3.025656844714121,48.93682735745279,77018,232.36790388419743,5,2529.770777288311,1690.4860370606575,,1,482196.0
2.592856862230958,48.298600878377286,77012,163.35070253256214,6,2528.438700180489,3318.6570339743494,,1,671701.0
3.336286421761569,48.98800804284796,77013,128.92348062822356,5,2550.4876935530483,1062.5486904042964,,3,409649.0
2.374994217315834,48.0163537983136,7703,178.64775345355886,3,2494.7034077219337,1052.6495392853576,,2,649273.0
3.152349828305696,48.946836216939474,7704,173.09091399743093,3,2507.681546343389,1431.1451792775852,,1,514755.0
2.38877763261598,48.00343748155417,77018,72.56874095763632,3,2529.770777288311,2524.431691918344,,3,178887.0
3.284401358325745,48.42421638654704,77018,138.11507950055375,2,2529.770777288311,1428.6482823995773,,2,400043.0
2.424025802239896,48.5904850225457,7707,79.62507490805346,3,2468.2970993678014,690.4257399032382,,0,197152.0
3.1448774114230345,48.20080955648224,77015,134.38953080379923,4,2509.041371711664,3032.903499362174,,1,260895.0
2.2716887516954376,48.67215528396603,7706,102.55355982158484,6,2515.5912267881854,3994.407707438127,,3,182599.0
2.636709948667879,48.14375353165768,77011,98.69453484416567,4,2522.5267076694745,4606.833030413138,,0,193542.0
2.0712725696744974,48.96542201089296,77012,108.17508439598282,5,2528.438700180489,3964.657542848288,,0,214832.0
2.622943602590341,48.98503112109982,77014,155.55816041365048,2,2531.1992319512387,3633.861957991058,,1,463041.0
3.259158674455548,48.70082693396408,7704,234.04618813016413,5,2507.681546343389,1153.3611020746926,,2,573095.0
3.1799117047163854,48.15025146191668,77014,96.53124921718036,3,2531.1992319512387,1077.5289065825214,,1,218207.0
2.569551727035324,48.04030308520047,7703,85.30255928033806,5,2494.7034077219337,3726.4003564114873,,1,264819.0
2.217950949021737,48.200088610882446,77013,147.0658695936196,2,2550.4876935530483,3875.1768331659737,,0,222359.0
2.3510994237203606,48.59746138914576,77014,84.63277527326852,5,2531.1992319512387,899.6909008273752,,3,272965.0
2.1362455199342287,48.735417061232525,7700,221.74845055277308,4,2500.6482553342094,986.7282755535424,,1,630438.0
2.7752076606157488,48.45910642680246,7703,135.21364994622917,1,2494.7034077219337,4330.17058438081,,2,269936.0
3.0431107228839585,48.25274266874845,7701,132.9484523770792,4,2534.5676313664776,1709.273612591559,,1,477828.0
3.3146255854504,48.14314704786485,77018,213.8630854754693,4,2529.770777288311,2512.644638053682,,2,865327.0
3.040652230430267,48.29491839139086,77019,147.26999558077387,6,2509.836958318999,1320.41654514029,,0,401360.0
2.112294895158674,48.37028692705647,77017,74.25076123559816,2,2535.249063009944,4581.399855892204,,2,190540.0
2.146958449934367,48.30241182596987,7707,102.9076692379346,2,2468.2970993678014,3333.2742688427625,,2,328708.0
2.274348732639802,48.25257340029814,7700,74.81165710821647,2,2500.6482553342094,3823.90007413958,,1,173415.0
3.2939049275029144,48.28359176632889,77010,188.14764385443087,3,2535.7676266455924,4280.567719605129,,1,595625.0
3.2263269347608983,48.02590354315826,7702,83.75698849334627,3,2521.514844161584,3362.33479433461,,1,272687.0
3.222862911604341,48.684596050116326,77014,211.6865328996522,3,2531.1992319512387,2050.8719924583424,,0,448997.0
3.1831891605555205,48.90150433677783,7705,101.49154943083954,1,2469.326368602736,1938.1867928863333,,0,312154.0
3.338300777258781,48.62639996044441,7707,118.78825796533673,1,2468.2970993678014,1334.2849865976495,,2,315373.0
3.1705317106823863,48.53683711532239,7707,225.0539264170497,1,2468.2970993678014,3119.3341336038075,,0,726985.0
2.60110353965713,48.96488964211279,77017,129.5269384437953,2,2535.249063009944,972.0898989943074,,1,458566.0
2.2676999660901136,48.8202305292558,77015,88.74427677971613,4,2509.041371711664,2857.9885991909373,,1,207611.0
2.0810107099062702,48.69880459686285,7705,108.69323086113148,5,2469.326368602736,1627.6487423107403,,0,319497.0
3.3858943709184555,48.25005469645471,77013,231.5210394408608,2,2550.4876935530483,526.9691313231858,,3,494497.0
3.05608662631534,48.695620218765896,77018,237.60241259359216,3,2529.770777288311,4606.967765708188,,1,665410.0
2.528619203481294,48.74373429650708,77018,228.3160966605106,5,2529.770777288311,1044.0963725403287,,2,608702.0
3.356364937111348,48.37472197050737,7707,61.18891949502935,6,2468.2970993678014,3047.3224090167428,,1,162471.0
3.357147412873001,48.908366165733575,7701,176.99570810635043,2,2534.5676313664776,1069.555029834435,,0,540002.0
3.438054403315916,48.30048873141512,77012,236.33008551167143,4,2528.438700180489,2581.6575989388894,,1,702697.0
2.2780237724717924,48.28547298956208,77012,73.70495759512738,3,2528.438700180489,783.2806727003938,,1,203349.0
2.2201969039125,48.74763953338624,7703,115.45160754642676,1,2494.7034077219337,2274.948427001854,,1,329719.0
2.3910603129269616,48.76231073547661,77010,78.68204209890251,3,2535.7676266455924,4447.805912738907,,2,191710.0
3.068652706159717,48.08087166842584,77011,210.1832394837884,6,2522.5267076694745,3429.33944931678,,2,681067.0
2.1747251511496373,48.89187561082432,7702,130.2754815747681,3,2521.514844161584,2151.0829232083224,,2,285416.0
3.131161520474246,48.017945678568495,77013,91.29420715213622,5,2550.4876935530483,1985.967791921739,,0,202123.0
2.606366890125231,48.731894777016,77011,81.05187082177905,1,2522.5267076694745,4237.592269266774,,3,287889.0
2.141731427623983,48.59520895002737,7708,99.04773418771649,3,2479.8146622631675,4461.160157622817,,3,183183.0
2.8950632056792767,48.91981491564149,77016,69.51396663635425,3,2489.955719107417,3359.999528860713,,1,252192.0
2.10662187892926,48.19887278389439,77014,175.8217108150482,1,2531.1992319512387,859.7989881960359,,2,641937.0
2.256052886225533,48.11736734972659,7702,82.19930112377898,1,2521.514844161584,2759.524403860012,,0,212253.0
2.754285732095355,48.99868898619528,7701,118.95552628901166,4,2534.5676313664776,4160.858788177933,,3,357291.0
2.766329880652492,48.40920832614394,7709,117.37903594379888,2,2516.219162131406,4146.859602489627,,1,243053.0
2.685031966945344,48.89890173117392,7701,144.08443847378393,5,2534.5676313664776,1445.6375270932265,,3,334190.0
2.2372018305691035,48.50139332013692,7704,205.4548962089733,2,2507.681546343389,4202.094371926532,,1,592139.0
2.4994005248734124,48.53059821683056,77012,205.91564950689613,6,2528.438700180489,4035.091431469481,,3,662292.0
2.339171945353429,48.25449090769663,77019,209.18439393742264,4,2509.836958318999,3210.958650156982,,1,570722.0
2.534971923022616,48.07320256113845,77017,198.086106975676,4,2535.249063009944,3360.4164954410053,,2,509971.0
2.3218157378830098,48.11648197430606,77010,182.29564108059336,1,2535.7676266455924,1439.004248031836,,3,559620.0
2.861010475261522,48.61218839800964,77014,193.3832729545205,5,2531.1992319512387,2498.568113011881,,0,493467.0
3.348266513079592,48.17826192839308,7705,214.5806622734076,4,2469.326368602736,2830.783901483967,,3,628069.0
2.2143139420091176,48.77534615040314,7703,105.96701925995062,2,2494.7034077219337,4117.813283986341,,0,342030.0
2.823329877827595,48.73682482316222,77012,222.1020125664901,4,2528.438700180489,1140.0439418454648,,0,486008.0
2.5039402657853085,48.00952072457774,7700,126.41552989553342,4,2500.6482553342094,2188.112831187711,,2,363035.0
2.825012243673432,48.502776334685365,7703,234.43837084344528,1,2494.7034077219337,2716.5805912926853,,0,576352.0
2.500517781518424,48.094815646330645,7704,198.23158473317804,6,2507.681546343389,3504.5119164704,,1,343188.0
2.0207511084832963,48.9628892303878,7700,176.4542098200411,5,2500.6482553342094,641.1539598574789,,3,514150.0
2.431077539384864,48.698957407004784,77013,72.33485475741769,3,2550.4876935530483,4394.824085579751,,3,216838.0
2.036552138988745,48.55722676229777,77019,185.76636530998485,3,2509.836958318999,1542.019221335049,,0,413630.0
2.7211449544813693,48.917968958995765,77019,95.66489080943032,1,2509.836958318999,1678.770561120536,,2,180757.0
2.129108735021115,48.89530089674464,77014,121.59455572911416,1,2531.1992319512387,1671.234631264071,,1,356554.0
2.6113992952730323,48.63493354031042,77016,102.09044701052008,1,2489.955719107417,2821.701518429723,,1,256194.0
3.418892828557187,48.93601812058876,77010,88.73358157893607,4,2535.7676266455924,2353.9154276683844,,3,275474.0
2.172838960394791,48.53881320957614,77016,151.50484169290303,6,2489.955719107417,2560.7680937027103,,3,539635.0
3.4542607076256084,48.37784358350414,7702,230.0821501163394,6,2521.514844161584,4763.581874431486,,0,601720.0
2.4525373961896944,48.62283667016992,77017,86.88068730877045,5,2535.249063009944,1467.632155212532,,1,222759.0
3.2627159294332486,48.6511159492832,77013,216.54714147624784,1,2550.4876935530483,2680.456471149585,,3,670101.0
3.0345347651001613,48.00808039985135,77013,209.74572680246075,6,2550.4876935530483,1178.2770934580026,,3,568179.0
3.059955219578093,48.279924457339504,7707,171.15468911346375,2,2468.2970993678014,4265.707810682481,,1,557926.0
3.3497156874566114,48.80649970907427,7700,147.24618987152016,3,2500.6482553342094,4748.942151972778,,1,304505.0
3.457120491546334,48.83661140437517,77017,160.6537846810453,4,2535.249063009944,2589.9880534382696,,0,462958.0
3.2299629768229963,48.0161661238378,77013,157.5484710781437,4,2550.4876935530483,4541.461044280226,,0,303093.0
2.9299832495540543,48.483758247954384,77011,175.7675757770657,4,2522.5267076694745,1349.6917454287204,,0,271325.0
3.470517057121656,48.718086372290415,77018,226.6771060576016,4,2529.770777288311,1075.893301704166,,2,752038.0
3.145008579864065,48.02213995303387,77018,199.0738892870153,1,2529.770777288311,2366.105693746039,,2,588105.0
3.15634803779458,48.83085767379941,77013,218.84011010495368,1,2550.4876935530483,4344.796707148245,,2,494131.0
2.033297193545799,48.18527376032751,77017,123.7571310252153,6,2535.249063009944,3441.21421611059,,3,240712.0
3.290110196412142,48.14162088826573,7703,64.54576242934672,4,2494.7034077219337,3487.193543519929,,0,175394.0
2.314093738617487,48.960018418025854,7708,170.7165534052742,4,2479.8146622631675,3247.418422880296,,1,449169.0
3.29181948408344,48.94294546784077,77018,110.56473173996484,6,2529.770777288311,2520.802773110453,,0,210973.0
2.8954406303320805,48.40968650944348,77011,214.5342999073183,6,2522.5267076694745,2442.413509334785,,1,617195.0
3.3853898146392902,48.173247098264206,77017,238.0856970010417,4,2535.249063009944,2509.3671872632085,,2,562962.0
2.4801571599803376,48.46064004354243,77019,102.83394007074496,6,2509.836958318999,2244.996058151147,,0,290763.0
2.8423236092043176,48.05611147851974,77019,116.03161808832084,5,2509.836958318999,1816.9248404234936,,3,308526.0
3.0354342949003748,48.00004812389431,77013,101.43126410691688,4,2550.4876935530483,1737.5304479979716,,2,259224.0
2.143702274900856,48.61928386081679,77012,112.97245957424218,2,2528.438700180489,1348.9564873063573,,0,349855.0
2.9832344352995017,48.46692217756372,7703,135.61247152457182,4,2494.7034077219337,1534.6632359550226,,1,227974.0
2.3445145338976583,48.20751579982732,77017,211.15674507237827,2,2535.249063009944,1562.7361583099523,,2,799303.0
3.2879594181282323,48.59025037841085,7709,193.000179050274,2,2516.219162131406,1652.699793059796,,1,580334.0
2.378936159486248,48.65770917967927,7705,239.07777186404425,2,2469.326368602736,2296.6433138740003,,3,619906.0
2.919713343155001,48.81783690889433,7700,180.3027146312108,4,2500.6482553342094,4677.911155801818,,1,298993.0
2.7022562152544034,48.35066432767905,77013,229.8665145604292,3,2550.4876935530483,1463.8552733152194,,1,489542.0
3.1789757804206724,48.26660002736086,77016,222.6118946249956,2,2489.955719107417,3100.84553284452,,3,341253.0
2.745281448209578,48.524216830898325,77015,237.2259191926652,3,2509.041371711664,2000.331417336036,,2,703828.0
3.384135785770092,48.48706191881894,7700,125.75894804217926,6,2500.6482553342094,4201.1625363546245,,2,366186.0
2.0489416159278844,48.94533125568344,7702,239.5639821104708,6,2521.514844161584,1929.8310018279085,,2,828586.0
3.0681495504341925,48.50844929169945,77013,126.43697091777348,4,2550.4876935530483,4136.661948685753,,0,451046.0
2.7846051015367723,48.31527829833113,7707,146.45223931908498,2,2468.2970993678014,1249.2479799561322,,2,332009.0
3.309560884726536,48.35681823984202,77010,77.03703528518209,3,2535.7676266455924,4269.634212058334,,1,190256.0
2.029989029325788,48.76965819661188,7707,139.52746364609814,3,2468.2970993678014,3069.1496831016784,,0,449499.0
2.360672379052809,48.824769440935405,77011,151.5588188653263,1,2522.5267076694745,2277.6435751547697,,1,388371.0
3.1905474976443355,48.33899856613052,77011,189.4207618543417,1,2522.5267076694745,670.0198734385694,,3,589630.0
3.39308627494369,48.24360308392286,7701,204.42820382854504,3,2534.5676313664776,2807.562881906232,,2,692841.0
3.030906618037527,48.82114421691763,77019,148.5424712790937,5,2509.836958318999,859.553296574158,,3,494458.0
2.6417572499222004,48.22315562357777,7709,95.47733409378272,5,2516.219162131406,1042.3723235318914,,2,186835.0
2.919116417759228,48.53888430886676,7702,140.51712467256613,1,2521.514844161584,3746.815829496777,,1,521829.0
2.346922067700439,48.64003649089351,77012,222.59004416937088,6,2528.438700180489,639.3857993258764,,1,583392.0
2.489741852808743,48.3147624876718,77011,192.0568782502081,6,2522.5267076694745,912.445666719869,,0,546429.0
2.216095809639267,48.642028047501086,7703,135.15226668430836,2,2494.7034077219337,3856.457342665572,,3,318169.0
3.143999161636397,48.97035177686387,77016,148.82070239707605,5,2489.955719107417,2817.329353153957,,2,450800.0
3.438101653418287,48.3483827906698,77013,121.28741502936464,2,2550.4876935530483,1878.7932149581711,,1,481461.0
2.79266750267748,48.06810258685803,77017,148.80287509863447,4,2535.249063009944,3718.705858581328,,3,249285.0
3.095578170339471,48.07272396764079,7705,122.10116618696983,6,2469.326368602736,1223.0645749405285,,3,181745.0
3.1096281664826377,48.70531497522183,77010,191.66284994776024,3,2535.7676266455924,3033.960752140541,,1,377102.0
2.9272559589402487,48.94804536971024,7703,195.1086681018737,1,2494.7034077219337,2416.3457581812054,,1,476279.0
2.034050548631566,48.02845684969199,77010,123.60763781212448,4,2535.7676266455924,2664.65146332682,,3,269495.0
2.742031179077898,48.802640593295216,77019,132.63307910828348,4,2509.836958318999,4116.906752061919,,3,314283.0
3.402904168874624,48.09292734001551,77018,87.76971496707759,3,2529.770777288311,4132.055378160745,,0,202933.0
3.4314919021503223,48.36489704052064,7705,188.0560434725471,1,2469.326368602736,2919.1101140620344,,3,328481.0
2.062335941533238,48.3247245531286,7709,93.09629225009184,5,2516.219162131406,3210.4131425147298,,2,257793.0
2.778347192277769,48.24047794533212,7707,66.23438505956638,5,2468.2970993678014,683.8382259541041,,1,180036.0
3.243112088716281,48.03416983513538,7702,194.7773150788637,1,2521.514844161584,971.865308974704,,2,564106.0
3.286040138138748,48.96452047227021,77015,184.3571307134157,3,2509.041371711664,4746.271640754195,,3,514947.0
2.722743854779078,48.39717358070393,7702,94.514446579149,3,2521.514844161584,682.4100346116679,,0,188705.0
2.07890362531498,48.15017098085746,7700,73.55961639220922,3,2500.6482553342094,903.4395309499578,,0,272614.0
2.979642264413936,48.92904508335464,77016,144.65849415824778,3,2489.955719107417,607.4053363229712,,0,414382.0
3.3955661210852384,48.47940737942613,77016,232.4277731968455,4,2489.955719107417,1661.4250872938944,,3,347954.0
2.4701980183169723,48.35325999903468,77017,72.53556847194906,1,2535.249063009944,2049.456451185002,,2,252116.0
2.8881017780229667,48.53335070679981,7706,202.4764272336477,6,2515.5912267881854,1702.705175524498,,3,427199.0
2.6958159751554795,48.98810865400772,77019,109.69935445209734,1,2509.836958318999,2107.815326309671,,1,271670.0
2.064174902370902,48.244063451042926,77014,214.6698660200716,1,2531.1992319512387,1240.946097152133,,3,686535.0
3.245848918979198,48.66108346767254,7704,69.38156331698414,4,2507.681546343389,3537.0404629033533,,3,185024.0
3.1530601473734445,48.66429015520568,7709,197.36889918682687,5,2516.219162131406,3192.766529082815,,2,485945.0
2.017489457239953,48.144374278403,7700,132.7104405823829,3,2500.6482553342094,4030.685681949504,,1,388495.0
3.306506819764767,48.28907431255792,77018,119.5801773408176,5,2529.770777288311,4421.679493925407,,3,306611.0
2.745874762347439,48.02473336322327,77016,203.52146686781185,5,2489.955719107417,4482.918760512046,,2,316290.0
2.5826340634679985,48.62948894932323,77014,113.88215204832473,6,2531.1992319512387,4373.1642780932125,,0,321062.0
3.004311666610704,48.19004428924379,7702,206.18826042622865,1,2521.514844161584,2180.269263281846,,1,605971.0
3.2535908568823384,48.21359738990179,77010,206.48374144986283,4,2535.7676266455924,2392.0468892961444,,0,440380.0
3.1350772668604514,48.59805838462892,77012,80.47120136124195,1,2528.438700180489,4643.525354032474,,1,201044.0
2.325601485707514,48.379027973976704,77019,97.22811714020295,5,2509.836958318999,589.4422801114425,,3,206494.0
2.6484801684761763,48.52113711823059,77012,148.92483112820133,2,2528.438700180489,975.367972617232,,1,433082.0
2.088037312244432,48.28255530563748,77014,181.12340850543345,5,2531.1992319512387,4073.261795524833,,2,350003.0
3.488257571672614,48.65559395124484,77019,212.8353249138884,5,2509.836958318999,1104.072885921846,,0,595999.0
2.277908038439082,48.60911207454697,7706,197.7131324616549,1,2515.5912267881854,2446.40864938791,,1,618530.0
2.670467589999344,48.07374544573288,77016,139.82722147766975,1,2489.955719107417,967.1016339305494,,2,465425.0
3.3516929121105976,48.85834024351842,77013,234.72539127963412,2,2550.4876935530483,1688.2508242051,,1,521545.0
3.062939084147504,48.37622214720467,77017,158.68062877158957,2,2535.249063009944,2916.437242641075,,2,423193.0
2.0328958136530946,48.947787514787954,7700,154.4899381325779,1,2500.6482553342094,3082.3778113411404,,0,454756.0
2.692243697677004,48.93799206672686,77018,80.40570050131518,4,2529.770777288311,4774.5616748879065,,3,235036.0
2.65054149698057,48.84847177440626,7702,141.86307232263144,3,2521.514844161584,1904.8634770387453,,3,291819.0
2.4551914769498016,48.276860931546565,7709,62.258417681002896,3,2516.219162131406,1491.287754860297,,2,199627.0
2.9092903061362105,48.55776475909806,7709,75.0345650001899,5,2516.219162131406,2819.738641896457,,0,214744.0
2.8904776910745635,48.35414006448256,77017,125.67897456501854,2,2535.249063009944,4775.063561242049,,0,307314.0
2.144079079384332,48.01318003774945,77018,92.06322347568688,4,2529.770777288311,932.4952956440778,,2,155003.0
2.359776780944731,48.83017610047643,77015,94.2995188645028,6,2509.041371711664,1351.3699441064114,,0,224815.0
2.160327917426187,48.135895233566536,7703,186.8079646265104,1,2494.7034077219337,734.7794072043743,,1,617112.0
3.4102951937596115,48.4296441633026,77011,118.89948773168491,3,2522.5267076694745,3216.6976211031456,,0,405801.0
2.0579799976150857,48.57115571442886,77013,192.12776770449804,6,2550.4876935530483,4236.069258734458,,0,543232.0
3.4821114871517227,48.7439853227107,7702,99.16907236680224,5,2521.514844161584,2218.314853769747,,3,321342.0
3.464083479280641,48.57802582992699,77015,209.8831439488441,3,2509.041371711664,1841.5529836890128,,1,803717.0
2.0971696419493,48.80496224402705,7707,160.93915134414382,5,2468.2970993678014,4102.060642147532,,0,371688.0
3.4071088950581165,48.99368919254967,77011,76.10429992231116,4,2522.5267076694745,1628.6185962540335,,1,250930.0
3.338261247626481,48.04192058395883,7703,105.11765371516336,4,2494.7034077219337,3855.9145127905904,,2,172755.0
2.152821241906454,48.924064677033066,7701,110.05824538600936,4,2534.5676313664776,725.6300994623123,,0,240723.0
2.0851944297667315,48.10584512874588,7704,223.4913025420105,6,2507.681546343389,3275.8946278215385,,0,727294.0
2.9483400436574496,48.373440261348335,77013,82.23936587617054,2,2550.4876935530483,3848.1272846861984,,0,187200.0
2.122146903225282,48.790590172079085,77017,181.0535773869568,2,2535.249063009944,3203.3629414833404,,3,550619.0
2.449192085053276,48.97140258797277,7709,84.62427841149608,5,2516.219162131406,3317.291631141211,,0,191827.0
2.2222354358451057,48.10134112528228,77016,205.3925029211624,4,2489.955719107417,557.247234835545,,3,482114.0
2.08684099104683,48.89539243233297,77012,135.8165708881411,6,2528.438700180489,1628.505586380876,,1,383095.0
3.098570201464936,48.823691832261474,7705,174.2751528191881,3,2469.326368602736,554.5150558117666,,3,379398.0
2.750667963696112,48.54236366497974,77013,73.90722551600429,2,2550.4876935530483,3287.706557043265,,2,181834.0
2.2216155694740083,48.44466807899388,7703,138.6429483183523,5,2494.7034077219337,4460.462115805273,,2,378947.0
2.290608399537216,48.26175286903703,77017,105.27467752513294,4,2535.249063009944,3524.5150704445955,,1,202347.0
2.5677601344537977,48.04473409887031,7701,94.93082063768958,6,2534.5676313664776,1830.698743638256,,2,230687.0
2.2879179634126485,48.26182453027427,77014,83.8060888172711,1,2531.1992319512387,3332.340666262854,,1,207473.0
2.1470469192702883,48.895319555357226,7708,183.21183495532424,2,2479.8146622631675,3215.434363226452,,2,414488.0
2.106633422366325,48.68307731792628,77015,217.78905825514505,4,2509.041371711664,4082.5686599999,,0,429507.0
2.875915784216155,48.78632996127911,77011,213.39043345744344,2,2522.5267076694745,2643.6383637083204,,0,633267.0
2.165884240127677,48.57201243797002,7703,158.3382744709279,6,2494.7034077219337,689.1987283870551,,1,479232.0
2.826492773783899,48.303390214696485,7704,186.68877885621748,3,2507.681546343389,3097.23670279016,,2,289918.0
2.6865942990682314,48.70980364311168,7700,219.03838428817105,5,2500.6482553342094,3447.527958573802,,3,663094.0
2.4645871605187564,48.9947420549448,77010,60.37128892562978,2,2535.7676266455924,1056.9466620178264,,2,179094.0
3.1986508688219213,48.40308480770242,77018,216.2517319800972,1,2529.770777288311,1885.4084288199936,,0,515610.0
2.7243810467180047,48.401847621704185,7704,106.7607550558725,6,2507.681546343389,616.7226031190995,,2,353958.0
3.415403143568456,48.90913407555684,77012,156.7877911131348,6,2528.438700180489,2394.9648290916152,,1,417198.0
3.0847580369453818,48.1210237949877,7703,121.30649714854847,3,2494.7034077219337,2876.486066392973,,0,195139.0
3.48346034405702,48.99987509914129,77018,115.31891652312686,2,2529.770777288311,2378.21062833146,,1,197450.0
2.5137544004554506,48.89903646124174,7703,220.4831641066518,2,2494.7034077219337,828.880114115849,,2,409292.0
2.7846355987283173,48.114074389929584,7700,227.71210397283667,3,2500.6482553342094,4033.532444384539,,0,766818.0
2.8205506870578,48.15865541790235,7704,163.68931925845072,2,2507.681546343389,3811.766035555992,,1,524305.0
2.3210106697608115,48.47552652162619,7709,63.21505525833919,4,2516.219162131406,2142.307344507013,,1,197677.0
2.748933423367325,48.17959528139962,77019,112.9812386233848,6,2509.836958318999,3587.3861923548,,3,221253.0
2.095782892088838,48.03800933370546,7702,219.66835450956884,4,2521.514844161584,1835.9705442049312,,0,635715.0
2.620216292836665,48.02077391588058,77019,124.34931859485876,6,2509.836958318999,2556.204762001631,,0,354905.0
3.04324861856798,48.18386441192822,77010,199.7406095124753,5,2535.7676266455924,3602.2417230315605,,1,693529.0
2.8106326210545967,48.2514190425358,77018,235.7776481835293,4,2529.770777288311,1576.7292159270064,,0,612380.0
2.131162981482956,48.43031989414073,7700,183.81145218640108,6,2500.6482553342094,3105.49344061157,,0,337836.0
2.09286238185819,48.59388958919711,77019,178.9456743257845,5,2509.836958318999,1978.484294558688,,0,501210.0
2.1125543410554566,48.12584302653312,77012,123.95399849575476,2,2528.438700180489,2429.13443671375,,0,268801.0
3.049690913187225,48.65397232571077,7702,229.00268286180608,2,2521.514844161584,750.372731402828,,0,614902.0
2.8534425334161035,48.36101460748888,7708,230.34772629418964,5,2479.8146622631675,1632.6860247236489,,1,558506.0
2.4957651227062896,48.40823021310325,7702,231.05748206498487,2,2521.514844161584,846.0601323567785,,2,788298.0
3.2353061303374444,48.7334002842567,77018,230.329365081036,4,2529.770777288311,2691.851291243305,,1,560334.0
2.8184813114215235,48.22626231926773,77019,202.83527044879355,2,2509.836958318999,1655.6133967036365,,1,311960.0
2.488699578455738,48.57538336555421,7705,233.7460534390306,1,2469.326368602736,2569.303455491641,,0,762013.0
2.9003781344383457,48.06262722755674,7702,221.44619713616865,5,2521.514844161584,4039.495677493247,,0,592218.0
2.1303804321311355,48.53710654181855,77017,127.4698176230679,2,2535.249063009944,3419.702781312092,,1,265797.0
2.25425938149958,48.87639739377959,7707,135.5708960228281,1,2468.2970993678014,2594.520427797019,,2,246409.0
2.48418270562199,48.96684291029622,77012,118.2900314812332,3,2528.438700180489,3910.689643810779,,0,316483.0
2.369651421190484,48.06395789681914,7708,108.98155581118392,5,2479.8146622631675,2846.276313183208,,2,347592.0
2.5329386986146627,48.12760060053324,7703,181.80742575581763,6,2494.7034077219337,853.8867807936278,,1,388085.0
2.187773251378045,48.19414858970183,7706,152.69755597027964,5,2515.5912267881854,4561.4627213299245,,0,411779.0
3.040499548184988,48.34077499776307,77017,222.006127447628,6,2535.249063009944,3612.098585252033,,3,388348.0
3.354594947407997,48.66220939009424,77011,203.81942074846685,1,2522.5267076694745,1818.642047316576,,0,402827.0
2.423003854139303,48.76451656103613,7702,71.51356232787376,1,2521.514844161584,4630.828913156103,,1,210825.0
2.123456686699503,48.86680865122619,77015,88.25599125674094,3,2509.041371711664,825.2762861029208,,3,206369.0
3.1952166932091304,48.72859154825059,7707,197.3628046172913,2,2468.2970993678014,4778.206258572031,,0,379453.0
3.109456413800551,48.83560458005833,7704,233.70338041741547,5,2507.681546343389,653.6886137121191,,1,439560.0
3.416471498073741,48.04711718902597,7703,100.4736244336124,2,2494.7034077219337,4514.904816284463,,0,244303.0
2.303627845274768,48.07650995007008,7705,100.48916571010386,6,2469.326368602736,3441.7242424947544,,3,208220.0
3.4619957186488697,48.07724752963138,7709,179.21148970565048,6,2516.219162131406,4245.472300679645,,0,507462.0
2.1905388457057104,48.6955863480416,77015,158.55525021044735,4,2509.041371711664,3967.402092536029,,1,399771.0
2.9569672634797826,48.73114003975335,7702,84.23215850770983,1,2521.514844161584,2976.556653313184,,0,248183.0
2.160786352574754,48.695656801093776,7704,86.02630025898019,1,2507.681546343389,1201.3636156001448,,2,271428.0
2.078624880942107,48.67049847939911,7708,182.59232186462845,5,2479.8146622631675,2108.5371086766686,,1,570877.0
2.719916382430723,48.80591741248113,77011,176.91600086997806,5,2522.5267076694745,3959.9798848839696,,2,331041.0
2.6138846677985343,48.593773910037605,77010,195.74648811919647,5,2535.7676266455924,2302.3159894023643,,2,613087.0
3.409926504891533,48.27213738259245,77017,198.6615505036288,4,2535.249063009944,2295.417330550778,,3,461647.0
2.25065013164845,48.03339320486586,77018,70.40957691573362,5,2529.770777288311,3361.4353729895315,,0,164639.0
2.3279790608824285,48.27993064833336,7706,97.7752016661066,2,2515.5912267881854,4733.992094891171,,1,184919.0
2.569971877659694,48.3804375142735,77012,173.44168584733387,4,2528.438700180489,4191.703312524786,,1,319884.0
2.454402167563672,48.85586093636493,7700,86.04726555365883,2,2500.6482553342094,1199.966727002927,,3,207115.0
2.5210368132816274,48.613973970586,7709,122.74836324248156,1,2516.219162131406,4595.935751735378,,2,318871.0
3.3883277642969807,48.463707234893526,77013,220.4256104783502,6,2550.4876935530483,4509.185775525144,,1,737479.0
3.0546260872814908,48.67278410519574,77017,117.86116918358934,4,2535.249063009944,1654.6515607213692,,0,400205.0
3.3469333028380204,48.97370476079449,77016,64.05083612953194,4,2489.955719107417,4734.068059450439,,2,249101.0
2.2755596052736533,48.68576855027357,77018,76.86567888427278,1,2529.770777288311,2778.7682375369827,,1,192610.0
3.457599440035778,48.98986805450842,77018,66.285930318113,5,2529.770777288311,3620.327619971908,,1,162251.0
2.139832621094591,48.93760792345427,7709,222.5189714453788,4,2516.219162131406,2551.1531011218326,,3,856836.0
3.21195714723096,48.90202109415316,7703,211.5291402994557,2,2494.7034077219337,2519.3088246329403,,1,746012.0
2.023092337536963,48.58292605680426,7700,176.3290486447505,1,2500.6482553342094,727.2002498558356,,1,331241.0
2.652426209747132,48.16531488092249,77016,66.74671672062681,5,2489.955719107417,3394.8256899506987,,0,226386.0
3.0902998488654423,48.89800484255338,7700,213.70149632013687,2,2500.6482553342094,2932.537544389608,,0,492130.0
2.800089978726425,48.44438568783994,77010,148.39275246955953,5,2535.7676266455924,4219.862687124379,,3,506542.0
3.0190340326200342,48.874478252061536,77015,179.8494845115658,2,2509.041371711664,1619.8074200598978,,1,514372.0
3.306023769982872,48.010491829383945,77017,132.78811177831827,1,2535.249063009944,1956.5304030576224,,3,209242.0
2.316075311486755,48.144235696611794,77015,66.63796566422201,3,2509.041371711664,715.7833380222019,,0,154016.0
2.9838549696476,48.1988140609374,7700,172.81832006925592,3,2500.6482553342094,3090.170428880369,,0,481236.0
2.4135577929248697,48.15173143992393,7700,190.9040661846056,5,2500.6482553342094,762.7888697008217,,2,285281.0
2.3644901284765085,48.20939696060388,77011,159.45957550563614,5,2522.5267076694745,2895.7951813343966,,1,566338.0
3.4250341386494867,48.40907497810565,77018,195.13082755522515,6,2529.770777288311,3140.584681263669,,3,663205.0
2.411215991112789,48.638215786223725,77019,225.0592313650169,1,2509.836958318999,608.3495074692268,,2,636336.0
3.3358408392355097,48.710097412414456,7706,171.39597088875,1,2515.5912267881854,4062.11004518018,,2,347399.0
3.0900125101075444,48.13315708282015,77016,188.50962898581173,6,2489.955719107417,1759.727449822654,,3,314330.0
2.388140431443313,48.619338631092674,77018,151.73209971246513,4,2529.770777288311,1111.6109797162871,,0,381357.0
2.13350476697402,48.69399210838928,77012,153.3563271510692,4,2528.438700180489,4426.094854663425,,1,384270.0
2.005461860875236,48.64807113311482,7706,203.7411682553916,5,2515.5912267881854,725.9152469693207,,0,411856.0
3.0175273815242987,48.80304038584882,7709,229.52387230128056,4,2516.219162131406,2737.7992112720926,,3,871682.0
3.2011028885353854,48.88270269413572,77011,196.8312911192432,1,2522.5267076694745,1495.5351943244789,,2,769969.0
2.1409764326655365,48.3014991239949,77019,203.431103367788,5,2509.836958318999,855.685298273515,,1,454859.0
2.0549542488868435,48.81037068295557,7704,97.62001080998792,4,2507.681546343389,2232.3802148284885,,3,244642.0
2.964285081141144,48.987313415780406,7700,99.47491035127332,5,2500.6482553342094,2059.626211184941,,2,362210.0
2.052578326122247,48.24875192655036,77010,175.81791709119312,6,2535.7676266455924,3181.226561484977,,3,554772.0
2.0808212058655413,48.296766489303,7708,129.08900335147973,6,2479.8146622631675,2496.006454911703,,1,462446.0
3.449135187560117,48.7511533681731,77012,102.4107345383162,1,2528.438700180489,3067.4708813589123,,2,297795.0
2.370809110608316,48.748375249428186,7705,68.82239454173434,6,2469.326368602736,4169.095807350026,,3,162240.0
3.3708083020090567,48.3784131634763,77012,76.81496829227297,2,2528.438700180489,583.67487357524,,3,220268.0
2.1655406169526383,48.77304934491401,77014,119.8240445717372,4,2531.1992319512387,1265.7443157789971,,1,395595.0
3.487531606484188,48.18704884683709,77014,123.12089753930768,3,2531.1992319512387,2195.1732633895845,,1,348753.0
3.23680441114062,48.96008557777143,77012,187.23371961825129,3,2528.438700180489,1592.833552070524,,0,337233.0
2.432132131173992,48.81409764227927,7709,110.01467912310476,2,2516.219162131406,957.4055502527928,,1,413438.0
2.0214154725287488,48.60131682433615,77019,195.70093300288963,2,2509.836958318999,812.789471518638,,3,416411.0
3.4385126654130893,48.515255364112576,7702,139.33689769512304,4,2521.514844161584,3495.4917572419777,,0,231905.0
2.457411585142168,48.20180408257544,77012,91.24029618714285,2,2528.438700180489,2130.301749389118,,3,349990.0
2.887937631010756,48.23224759495103,77016,78.73932450684673,5,2489.955719107417,2734.5503791146093,,0,204368.0
2.651962883261476,48.17453317784153,7705,141.3908365703407,4,2469.326368602736,3360.589933794876,,1,432609.0
2.2092202097504776,48.12708161227329,77019,164.1290255393233,4,2509.836958318999,3443.9519255747314,,2,495001.0
2.672374258353399,48.10051298099487,7701,201.06330603955087,6,2534.5676313664776,1464.8978755388734,,1,611647.0
2.8216914383394824,48.292129281275,77018,148.97377585810202,1,2529.770777288311,3852.3738687287737,,1,240841.0
3.3262409043108225,48.77932792937035,77012,79.3948641636864,2,2528.438700180489,1095.0839998727706,,3,167953.0
2.437159200639691,48.4723129982376,7709,140.9547517115246,3,2516.219162131406,4717.300942273687,,0,351919.0
2.512114484873387,48.57433049828736,7709,188.1210088920056,3,2516.219162131406,2745.134196155032,,1,591897.0
2.4982283271879684,48.27136647782207,7704,97.15420867986155,4,2507.681546343389,4790.747574336168,,2,301183.0
3.4578868260535027,48.85026739433592,77010,88.98910261745196,5,2535.7676266455924,2318.990197519473,,3,175894.0
2.932477070462349,48.26026085069303,77010,94.0292172536017,3,2535.7676266455924,678.8274265690507,,3,255382.0
2.69180245456232,48.48799455012194,77018,146.789188644308,2,2529.770777288311,2889.795372816766,,2,539825.0
2.193025745329866,48.05672425782196,7708,143.0839545331424,4,2479.8146622631675,4678.870384341199,,1,292561.0
2.5749062602743304,48.954142071085904,7701,102.5900379345185,4,2534.5676313664776,1892.598862519231,,1,170454.0
3.4125375862819496,48.340021771965226,7704,180.65167142603923,2,2507.681546343389,1247.471825875035,,3,625715.0
2.251449684440733,48.159295075517946,77016,104.0682667732868,3,2489.955719107417,4169.796928737059,,0,320439.0
2.007934643410665,48.33120206637466,7704,230.92001075731343,3,2507.681546343389,3129.5464357611827,,1,790088.0
2.952107952356074,48.5683453754896,77014,236.4142003044145,4,2531.1992319512387,2380.2206844968923,,0,639795.0
2.418402962956532,48.94913215291666,77014,218.30625284277284,3,2531.1992319512387,1955.9631123349288,,3,639178.0
2.773754622884885,48.26292458255935,7707,235.8704619804305,3,2468.2970993678014,1749.083288552215,,0,784246.0
2.9677212159705864,48.1570098096895,7703,127.89310300089473,3,2494.7034077219337,4081.608243830488,,3,205382.0
2.8630425535393185,48.95648070299941,7708,239.6353278290301,4,2479.8146622631675,960.0456083593568,,0,623962.0
3.21465988036728,48.07007524474129,77018,61.941879716305706,1,2529.770777288311,2631.0717034697145,,1,171703.0
2.2642943779292017,48.22985218419839,7709,193.54845638965764,3,2516.219162131406,3218.7715427894027,,1,412568.0
2.647261015490489,48.4216202781978,77018,100.35432749768742,6,2529.770777288311,2724.800221883552,,3,189354.0
2.4988736697673475,48.09312749311788,7708,233.5659059160278,4,2479.8146622631675,2378.756337367259,,3,563569.0
2.8730029032952515,48.07927499521887,7704,94.94807349187026,5,2507.681546343389,2203.5201323140245,,3,339341.0
3.0800218153486267,48.48114807490911,77014,72.3910623541273,1,2531.1992319512387,3649.231168139032,,1,245031.0
2.157181425544172,48.43915319829239,7706,136.42970773240097,5,2515.5912267881854,4442.784132779958,,0,320628.0
2.83493164476155,48.40325485113467,7708,80.71060006016525,5,2479.8146622631675,3568.1502372437058,,3,265897.0
2.5164715065261447,48.4444871308095,77011,80.45202724243427,2,2522.5267076694745,4643.678697040892,,0,281483.0
3.336282719720637,48.733871920996265,77015,78.0050414864768,1,2509.041371711664,2888.454244284156,,2,186468.0
2.1731223263873884,48.950392424364686,7705,227.13933599540607,6,2469.326368602736,2777.184068100379,,0,523513.0
3.482834907265348,48.761449420807416,77019,100.25844249549192,4,2509.836958318999,2913.674106758566,,3,176667.0
3.1518500998348427,48.14575032969945,77011,178.90123697442806,2,2522.5267076694745,4461.222284246445,,2,381925.0
3.2132631460156373,48.26330020380771,7702,83.77802386103474,3,2521.514844161584,3726.0685350486415,,1,181442.0
2.2764366018673803,48.6612465489416,7709,232.42760541666988,6,2516.219162131406,2455.257377326805,,0,578436.0
2.606350639243556,48.07294249458019,77010,173.4107393633297,6,2535.7676266455924,3898.568382035138,,2,637169.0
2.9369286111056425,48.64104290829872,77012,157.47627720774688,3,2528.438700180489,2435.483967719005,,0,467180.0
3.2555107831375727,48.91306750104236,7704,85.66596189473795,3,2507.681546343389,3847.2849526167743,,1,200819.0
2.7698126849750566,48.237842256088335,77015,167.03293822975112,2,2509.041371711664,2410.1442583202725,,2,338492.0
2.556304038375171,48.32067177724413,77012,150.5158819385018,2,2528.438700180489,3168.2289827498503,,3,483184.0
2.7017700850550748,48.84215518840772,7702,67.4620029571699,4,2521.514844161584,1780.3661768544434,,1,227078.0
3.289781027337781,48.58682256152654,77015,144.57643639270458,2,2509.041371711664,2350.132160561388,,0,405607.0
2.2478490611802497,48.81484894124189,7706,69.40022241907444,3,2515.5912267881854,1720.7204681943554,,2,201610.0
2.602759528534881,48.71697527355355,7707,111.03384068520631,4,2468.2970993678014,2904.7350390586844,,1,231059.0
2.0673011945939,48.56195414250987,7706,189.9333477516783,5,2515.5912267881854,2326.334474007594,,3,584667.0
3.209543391563256,48.30616353106305,77018,150.51758703839891,6,2529.770777288311,4488.623692401448,,1,554410.0
2.4538882289961736,48.268781298161606,77016,220.93228672392587,2,2489.955719107417,3151.0343119110644,,0,465666.0
3.1192257557401817,48.0506013871218,77016,114.90675180594192,3,2489.955719107417,2682.9956287317773,,1,188821.0
3.391048569615656,48.61074859680643,7700,241.31678147657425,6,2500.6482553342094,2954.263827868157,,2,550367.0
2.292379051379944,48.20886479155694,77018,81.19538794200673,3,2529.770777288311,3429.112260697214,,3,163607.0
3.45372238483887,48.346402251268,7707,229.2267005374825,5,2468.2970993678014,2461.495273127398,,1,493356.0
3.497565804482897,48.505140020441935,77010,228.9136262489777,3,2535.7676266455924,3729.0777454467966,,2,542721.0
3.4394333799317787,48.3288482026128,7705,156.01147015932284,2,2469.326368602736,2149.3325221555306,,1,602944.0
2.147618438861185,48.67240766928941,77018,227.56537086621367,3,2529.770777288311,4496.578145472793,,0,582776.0
2.135505440866412,48.77098592553548,77018,91.59384006365508,5,2529.770777288311,3821.151273918667,,2,157907.0
3.350184700268847,48.1605402218108,7701,153.68877844996467,6,2534.5676313664776,1175.619812917565,,1,339283.0
2.2739171188642184,48.3047618012267,77014,156.69941851135638,1,2531.1992319512387,3653.0348656755073,,3,382100.0
2.31156407058919,48.1769671903696,7705,66.62836562371713,1,2469.326368602736,2188.5464480761148,,3,260845.0
3.39667880829534,48.020969549755314,77013,114.81545458654156,3,2550.4876935530483,3089.1242268803303,,3,438910.0
2.779959650303793,48.33059616919688,77015,219.39785538694065,2,2509.041371711664,3308.659170443297,,1,612666.0
3.3957212293698005,48.626301094773865,7706,124.9070518687936,4,2515.5912267881854,629.8917775611384,,3,368476.0
2.9298626111263,48.30760711482883,7705,103.47615684602212,1,2469.326368602736,3082.421170447953,,1,340240.0
2.8868983806244204,48.93133255698964,77010,196.59854370503623,2,2535.7676266455924,4703.831237127713,,1,643801.0
2.29354780895456,48.764563718057104,77014,176.65907356661526,2,2531.1992319512387,4345.459257808804,,0,368692.0
2.2906906017094784,48.53253770617742,7706,208.8941604619717,4,2515.5912267881854,4419.5483810595215,,0,663437.0
3.346331757664001,48.95646846860388,77016,191.54179113818049,4,2489.955719107417,2647.5745452510832,,3,346290.0
2.5770394314205287,48.72856950234339,7705,154.99759339143827,3,2469.326368602736,793.6750133182745,,2,421036.0
3.3624611998008342,48.57200369582494,77016,240.58445729834187,5,2489.955719107417,3114.3008995598807,,1,670442.0
3.130434010993031,48.22476836826267,77019,188.0921393367133,6,2509.836958318999,4775.229660702339,,0,342256.0
2.726898943789168,48.36290040042356,7706,229.9978156429165,5,2515.5912267881854,1437.656369940811,,1,769336.0
2.898937373330212,48.07884903057062,7700,105.66134734151782,3,2500.6482553342094,2114.42705359762,,2,215378.0
2.302938970893926,48.2005411626024,7707,174.57104024946318,6,2468.2970993678014,3307.7679484035843,,2,596863.0
2.655958941151094,48.64789542216855,7706,208.66946993937228,4,2515.5912267881854,1551.8770654626564,,0,585777.0
2.8479840408867463,48.98593544980152,77019,100.93211157748758,5,2509.836958318999,1454.4852295716228,,1,340466.0
2.9629012096485816,48.0185073748504,77017,181.14645466183327,4,2535.249063009944,2751.833522405139,,2,652018.0
2.0540865426562966,48.88354699642402,7706,91.21326052560278,5,2515.5912267881854,1312.0728222810822,,0,279176.0
3.302915310238469,48.39132699012734,77019,183.01608581611532,3,2509.836958318999,3922.231827089296,,2,495358.0
3.471150581308635,48.27840752220062,7709,76.7407556621697,1,2516.219162131406,2453.309102132547,,2,213912.0
3.2267461082243103,48.52367013008251,7704,156.71378949038058,1,2507.681546343389,3440.5923443436604,,3,365318.0
2.8856998788403745,48.78936763495705,77015,240.7560484560009,6,2509.041371711664,4456.296458014157,,1,778738.0
3.117983559712956,48.83830433814383,77012,188.487602978337,5,2528.438700180489,4445.348578287232,,0,526282.0
2.7591572214120625,48.31869394140198,7704,178.19812157136678,4,2507.681546343389,2695.65494552451,,1,390418.0
2.843117206348473,48.99348352170625,77015,240.8992917849802,5,2509.041371711664,3208.131015344922,,3,595375.0
3.4971841249794897,48.20727133662946,77018,237.5349312621366,5,2529.770777288311,2524.53527188868,,3,414455.0
2.1810101744023727,48.99035675772562,7702,149.23329543300852,1,2521.514844161584,3884.3574688831054,,0,264616.0
3.2719556695365544,48.05840873809057,77013,163.33816571867885,3,2550.4876935530483,3605.8240560582753,,3,604818.0
2.7867508613284646,48.65186809364761,77015,155.32284154122073,3,2509.041371711664,3764.6067580257327,,0,416695.0
2.806369032678344,48.36681384392528,7708,91.81683947190425,5,2479.8146622631675,4694.474185816409,,2,304525.0
3.209660838187,48.64164074504541,7709,163.69693136416436,6,2516.219162131406,2783.9279675223,,0,367613.0
2.81297654878484,48.82169351488582,7704,238.43367751614525,3,2507.681546343389,4204.956164562162,,2,409828.0
2.556327695891656,48.78077693297532,7707,145.6330116613421,6,2468.2970993678014,1062.7968436454782,,0,361103.0
2.55021199318338,48.40016912346056,77019,98.08274089470338,1,2509.836958318999,2260.1265274819475,,0,196991.0
2.333412420492796,48.639050454642906,77019,207.1168619090795,3,2509.836958318999,4133.637035634728,,1,372666.0
2.0060313514642574,48.6370288821121,7702,235.64309361378128,2,2521.514844161584,2387.2716393866112,,3,741320.0
2.3985258660515467,48.25037568470618,7704,163.69315865222347,5,2507.681546343389,4555.4063354808,,3,526194.0
3.2166613072587635,48.69661858229471,7705,113.79081719630838,6,2469.326368602736,3185.7498502680755,,2,354444.0
3.150298796373641,48.8145788915089,7702,81.08074885202389,5,2521.514844161584,4177.780023362088,,0,205255.0
2.746571567135707,48.690934432983966,77016,217.5166041454061,4,2489.955719107417,3681.585824090883,,2,395063.0
2.2445988010400955,48.48208115823228,77012,113.55334870012491,4,2528.438700180489,2203.255673929121,,3,290958.0
2.7798382953406504,48.57831208276485,7703,121.04140545108692,4,2494.7034077219337,4109.312471067222,,3,350378.0
2.8302412042868967,48.56340023143059,7700,138.39208912824512,5,2500.6482553342094,1357.958531300411,,2,471966.0
2.472335280039242,48.52402538319051,77011,100.25132414242836,4,2522.5267076694745,1544.1541818283283,,0,172666.0
2.347939138371216,48.51365846637417,77014,227.9811864690788,5,2531.1992319512387,2131.3743798531787,,1,520394.0
2.914886962204987,48.99909455697605,7706,227.61878476591968,2,2515.5912267881854,3221.749911907575,,3,532378.0
2.998640822621297,48.88397606486996,77012,130.15602154776366,3,2528.438700180489,2998.9650371149028,,2,454008.0
2.703561925709069,48.54972953351096,7704,133.43574419714838,4,2507.681546343389,4204.625000751443,,0,210950.0
2.4617426529610524,48.753265675701385,7709,236.7796125260525,3,2516.219162131406,4231.057197156067,,3,655409.0
2.8354226279423944,48.723358611718815,7703,113.99382007414984,2,2494.7034077219337,3161.1774650063253,,0,308937.0
2.5631610673567464,48.07629647108397,7705,201.1513040622701,2,2469.326368602736,4570.959192658185,,1,493003.0
2.893819741328902,48.50023878468699,77015,215.59257279326084,3,2509.041371711664,1069.5323878047416,,1,582568.0
3.272014458227357,48.20298988993568,7701,166.21392706260008,1,2534.5676313664776,1637.219707573291,,0,469685.0
2.116117327977126,48.51283536243514,7700,188.47719180774249,1,2500.6482553342094,4363.700481421241,,0,384874.0
2.955891796953649,48.51788132152029,7701,194.3515530730653,6,2534.5676313664776,4421.435215193337,,0,480536.0
3.4184154446976684,48.74372605285233,7701,188.4404896957045,2,2534.5676313664776,4002.451923732185,,0,574567.0
2.070044196747258,48.741647906914686,7705,65.30163541926036,5,2469.326368602736,2454.80017362916,,1,173722.0
3.467679722321489,48.45457545889365,77011,102.86024697666896,3,2522.5267076694745,3191.2476239284056,,1,353268.0
3.403932730592905,48.16474103836328,7707,232.80829012456,2,2468.2970993678014,1087.8101738446612,,1,670520.0
2.781572394174436,48.780779798792246,77019,73.59434522583204,5,2509.836958318999,2595.723963028588,,2,248241.0
2.291269088938485,48.25110651797591,7701,114.7838827505174,5,2534.5676313664776,3317.964918839274,,1,190669.0
2.0737731820038965,48.58840717102265,77018,236.4266161841705,6,2529.770777288311,4191.282881866913,,3,550084.0
2.686878750799432,48.127591239287376,7709,72.47935877494729,3,2516.219162131406,582.4274324707627,,2,207106.0
2.798105932155514,48.67675203485079,7701,186.3154260288175,3,2534.5676313664776,623.3668645247265,,2,715959.0
3.0258034967571272,48.07658722741706,7705,225.36725986807343,6,2469.326368602736,3976.484604197912,,1,521867.0
2.620095784650523,48.75480863491833,77016,165.31613347528548,1,2489.955719107417,1004.21248673527,,0,440751.0
2.859689351787599,48.51353300956072,7708,234.5680559497467,5,2479.8146622631675,1858.636720368304,,1,889550.0
2.799456299655751,48.45821815699647,77010,181.4047185280841,5,2535.7676266455924,2662.4191975849803,,3,643746.0
3.1542280809733807,48.24478951902943,7706,199.5945210590025,6,2515.5912267881854,3864.831735387614,,2,488671.0
3.07083720399217,48.01312212556164,77016,232.4885414703731,2,2489.955719107417,4667.192358111982,,1,475829.0
2.339991721741834,48.93067946342124,77012,154.46471539998498,6,2528.438700180489,3057.097043661923,,1,550915.0
2.485920047073539,48.56196384129193,77018,190.0419483154633,3,2529.770777288311,1926.5621994005608,,0,452084.0
3.2850645948075474,48.49164200523251,77017,222.36430274505727,2,2535.249063009944,3449.2760790563666,,0,572430.0
2.120505299854232,48.79016638689346,77011,70.17348366960823,5,2522.5267076694745,2650.446847052288,,1,249155.0
3.0679261751385027,48.65942631090744,77011,178.41661708615965,4,2522.5267076694745,3552.436778276437,,2,348088.0
2.1612489814883635,48.27326245455559,77018,203.8553064264907,1,2529.770777288311,1375.6824177059552,,1,455654.0
3.3074522665600057,48.047212304238805,7701,109.98505765763372,1,2534.5676313664776,4306.314180652256,,1,335014.0
2.8724107063953945,48.05554774960667,77010,140.3133063740342,5,2535.7676266455924,1256.1746413190845,,0,311566.0
3.40997492808624,48.54526212724686,77017,164.5265382168102,2,2535.249063009944,2454.0249964683744,,3,560747.0
3.2261529038508265,48.09796909039507,77015,167.06729598209188,1,2509.041371711664,2630.5625858889603,,3,476290.0
2.092651608514016,48.926117003678094,7708,208.96283480394808,2,2479.8146622631675,1466.8629005201033,,0,540752.0
2.415102942160625,48.04273991469348,77010,180.93187205622823,5,2535.7676266455924,4456.770428432816,,0,336041.0
2.420447247766065,48.11428884623121,77014,114.32842650058018,6,2531.1992319512387,3952.212528330366,,3,232909.0
3.072576704910848,48.52741010429901,77019,122.3588375298287,4,2509.836958318999,1274.319850994128,,1,193827.0
2.955763450754881,48.769517456432816,77015,135.74937064655052,3,2509.041371711664,2649.5432976764105,,2,367410.0
2.9686115591376243,48.37391050318613,77010,232.9570709240084,3,2535.7676266455924,1707.3205610079524,,0,858682.0
2.158499944666236,48.500147226878326,7705,168.1644308382655,5,2469.326368602736,4297.435530852792,,2,489759.0
3.420872866075788,48.98600106382287,77016,104.31333376066029,4,2489.955719107417,4461.619858872876,,1,305497.0
2.324919502199276,48.90430730507047,7708,151.6894749069914,3,2479.8146622631675,2541.0093337208173,,1,392503.0
3.073823982759288,48.22217317983534,77014,198.48131367927613,3,2531.1992319512387,538.264137834294,,3,528993.0
2.9927323969836603,48.82727695487194,7702,192.64995236377047,4,2521.514844161584,3128.323594701965,,2,583166.0
3.413560916299125,48.57002128527955,7708,89.7679280992457,1,2479.8146622631675,3044.532182916835,,1,180745.0
2.154230335707236,48.75436219918394,77015,187.6359124867089,1,2509.041371711664,2441.5024653860464,,2,516149.0
3.1771941861692343,48.61546919693944,77014,159.08918795256892,6,2531.1992319512387,3368.1031401596106,,1,527899.0
2.6713180817115303,48.83099713284225,7707,194.9817573002183,6,2468.2970993678014,4558.300523710148,,2,387670.0
3.264424989708661,48.52045609213938,77011,96.75497332226811,3,2522.5267076694745,1446.674366884261,,0,228422.0
2.91951588973178,48.8296083022851,77018,172.49218434475188,2,2529.770777288311,2606.9191184441115,,0,534496.0
2.93405059434941,48.15422273911964,7705,128.80826886124498,4,2469.326368602736,3885.399368030552,,0,414789.0
3.335939695408592,48.06137369964023,7708,215.8356967106368,5,2479.8146622631675,4044.336063649694,,3,632369.0
2.633319044609544,48.32916417725488,77012,153.64697416014997,1,2528.438700180489,4355.262314850933,,3,545036.0
2.4454834284862086,48.3359739382215,7707,112.68077611529746,1,2468.2970993678014,3174.5724100419275,,2,249875.0
2.2374558501584216,48.051785888732816,7707,216.4749230562456,6,2468.2970993678014,2078.6859920075703,,3,478221.0
2.1739987969203467,48.23396014359459,7707,213.94820874049063,2,2468.2970993678014,2339.469029832495,,2,343656.0
3.160433616817237,48.41490571779895,77013,98.72203535573787,5,2550.4876935530483,3334.3660113866376,,3,316884.0
2.693825565253402,48.26816243949901,77014,114.15566146267986,2,2531.1992319512387,933.471654117356,,0,266274.0
2.644285271096096,48.70021582225977,77010,117.1013535476117,2,2535.7676266455924,2823.387217699701,,1,285806.0
2.8318209072471925,48.63269838350014,77019,218.86049222484863,1,2509.836958318999,3857.952175745304,,2,633187.0
2.981653373256062,48.9076066826014,7701,88.22126303556217,6,2534.5676313664776,2647.5915227513087,,3,296785.0
2.8300972929301293,48.13279671499057,77016,169.65478559913845,5,2489.955719107417,1501.6317672444384,,1,616836.0
2.0007906275695526,48.05815700492199,7703,115.8873972563159,3,2494.7034077219337,1794.0378312269252,,2,197089.0
2.58849344250312,48.11783114297379,77011,154.47829421561622,3,2522.5267076694745,2528.581584114953,,3,311960.0
2.34305561177269,48.62593573955399,77019,103.7685746819338,6,2509.836958318999,2733.7867010359223,,3,409272.0
3.1933382009088134,48.39906362487901,77016,240.08452476190595,5,2489.955719107417,2389.9424017869965,,3,728341.0
3.4275918665834486,48.81672597917731,77013,95.81123366984718,3,2550.4876935530483,3248.7659717585,,3,233992.0
2.607376570053209,48.8046224415404,77018,162.93592064157156,2,2529.770777288311,1892.4216403968087,,1,336041.0
2.624513934279864,48.8642323961467,7705,136.02013548992232,3,2469.326368602736,4780.202765932825,,3,208439.0
2.209290170839504,48.77676827135007,77014,160.65723389879173,3,2531.1992319512387,4530.430536808633,,0,385847.0
2.1596413783076054,48.15320501249852,77017,78.50312148110456,5,2535.249063009944,2012.826056323406,,1,275469.0
3.400666737967237,48.54855111824877,7704,162.75217215265124,4,2507.681546343389,1860.2249502695795,,2,270371.0
3.0125538332401867,48.87930005395902,7704,96.6292249662303,6,2507.681546343389,3234.826965738302,,3,320790.0
2.5216475313719418,48.67980407095913,7701,185.30313250665387,1,2534.5676313664776,4224.520110061374,,0,471898.0
3.2081151311651173,48.56855282573034,77012,61.59047556036271,2,2528.438700180489,3053.551523174005,,2,221556.0
2.9409934026360167,48.75026576393884,77016,171.89728423965718,6,2489.955719107417,3201.2665723761666,,3,486057.0
3.304474527218257,48.08813443097669,77019,165.54448323222996,3,2509.836958318999,3127.636801675109,,2,387096.0
3.156243714128334,48.081654277717774,7701,124.77405315551393,5,2534.5676313664776,3825.8811174068896,,3,214344.0
3.1609825626455885,48.123329948139606,77016,166.6483127897926,3,2489.955719107417,2693.1748571947223,,2,338067.0
2.75469870882731,48.193863067936896,77012,231.67610425218075,6,2528.438700180489,849.3834919495157,,3,351141.0
3.4170217378673664,48.075346744243305,77018,178.58854073872584,2,2529.770777288311,770.9424272658082,,0,464813.0
2.622777940793866,48.307608519208905,7700,206.6875649090545,5,2500.6482553342094,3153.181424288245,,3,639622.0
2.942677903948292,48.57738143723035,7707,142.97254498079317,2,2468.2970993678014,4644.163274577228,,3,273399.0
2.835269901076285,48.47604363987105,77010,204.17283274352084,5,2535.7676266455924,3736.12580367585,,1,516295.0
3.4625553224390457,48.84678126643273,7708,239.57690270651665,2,2479.8146622631675,1137.604376097107,,3,570412.0
2.6746441203311964,48.78951469214341,7702,125.12410685562676,4,2521.514844161584,1803.0341474045072,,3,319937.0
2.2041428480678253,48.89426383611303,7703,187.656341685984,2,2494.7034077219337,3321.5222056782536,,2,437761.0
3.292514485786673,48.06043302673095,7703,223.5057900257925,3,2494.7034077219337,1507.527709294157,,2,658441.0
3.108505706840192,48.6699149724717,77018,179.88944627371316,1,2529.770777288311,4124.705193952081,,0,642351.0
2.908939962171517,48.92630087851335,7700,86.7756027452049,2,2500.6482553342094,3780.5322561844414,,2,246378.0
2.0095808022801167,48.26686281421434,7701,86.63841016906964,3,2534.5676313664776,691.9274726334993,,3,244914.0
2.596737797814821,48.80467703863475,7707,145.72370893198348,1,2468.2970993678014,1206.074442689316,,2,410933.0
3.497786967424057,48.062055937842125,7706,235.3929336330145,2,2515.5912267881854,2094.6882805500395,,1,869737.0
2.9017904431977435,48.72995553619021,7705,201.2503539944492,3,2469.326368602736,4545.27585513624,,1,374656.0
2.321927795367434,48.84802661312488,77014,76.60718927024826,3,2531.1992319512387,4519.913150595687,,2,223659.0
3.116441971503088,48.6385289723864,77019,182.1982004633399,6,2509.836958318999,1128.3107717015612,,0,401640.0
2.025005846332968,48.52877496469803,7709,230.61719002788848,3,2516.219162131406,4631.377653244785,,2,698808.0
2.3336972390568063,48.9095373129917,7702,193.10384619065897,5,2521.514844161584,2707.517186664625,,1,607541.0
2.815100278767685,48.306138591562735,7701,201.5695293255945,2,2534.5676313664776,3698.4559563766497,,3,744032.0
3.2794243315093325,48.70868986014317,7703,206.85737266835355,5,2494.7034077219337,3723.324487190772,,0,456043.0
2.610119243897844,48.11188825684379,77013,189.5301298930822,6,2550.4876935530483,2385.428300613637,,3,297006.0
2.8287565928349307,48.327118691199686,77016,164.53753082494725,6,2489.955719107417,4160.731366350987,,0,617698.0
2.064891555458754,48.020797672662326,7707,117.65924719172308,5,2468.2970993678014,787.9288907030254,,1,268468.0
2.2867632233827067,48.81994752020463,77017,216.44263741363147,6,2535.249063009944,4736.120822244849,,3,651143.0
3.422905089671348,48.94055058017709,77016,227.38427885776423,4,2489.955719107417,1973.5233454355152,,3,544152.0
3.4582167119069926,48.14403815914736,7704,62.216442554111545,6,2507.681546343389,1158.0253691764074,,3,190332.0
3.3237052924147035,48.5823955084085,77018,92.18533492999993,1,2529.770777288311,3062.8457540691466,,0,231982.0
2.478975275625104,48.32975309228777,7706,176.7226128015388,6,2515.5912267881854,4010.135484170018,,0,510246.0
2.314767252881843,48.95311758601254,7703,176.61308340681956,4,2494.7034077219337,3747.092508548816,,2,493558.0
2.2049181471343573,48.07953438096561,7707,152.44243822696188,5,2468.2970993678014,3374.9677849736822,,1,279261.0
2.395063817198676,48.879718209179686,77017,185.2011083102116,2,2535.249063009944,961.9114298563452,,0,500494.0
2.616668922782959,48.97927843639656,77016,193.27863531555377,6,2489.955719107417,2016.895329496103,,1,375878.0
3.0098805817223417,48.43039916995501,7701,82.5396038960987,2,2534.5676313664776,1156.0727816419517,,1,166907.0
3.046439906552223,48.54269453613431,7703,108.44093791003364,4,2494.7034077219337,915.5301288246072,,0,428434.0
3.187762931459114,48.22037486703948,77016,131.32636951682954,3,2489.955719107417,2756.049938837785,,2,386532.0
3.3240754842719427,48.75096348615182,7703,205.4564498885493,6,2494.7034077219337,2278.452930682299,,1,419792.0
3.190932627073386,48.486482765732426,7705,197.95165195187013,4,2469.326368602736,4629.976936224978,,0,668853.0
2.750890012183305,48.117716481142,77012,75.20709336934551,5,2528.438700180489,4790.454327154652,,0,194861.0
3.20147270374771,48.23148346763281,7708,143.55153004865852,2,2479.8146622631675,2173.583681496309,,3,489159.0
2.8988244062268835,48.53308720521388,77014,221.2828598509558,4,2531.1992319512387,1549.7993883335726,,1,630159.0
2.4974135211603423,48.82756876957684,7703,203.3086854903696,4,2494.7034077219337,1425.4164756465602,,1,567187.0
2.668865817837493,48.65122925532681,7704,96.32997743054509,1,2507.681546343389,3418.811395866006,,0,245330.0
2.446969691993404,48.01187134666936,77012,184.24695840325285,3,2528.438700180489,4651.804171080983,,0,489914.0
2.905239644065068,48.35781408411355,77012,220.0238418053501,1,2528.438700180489,2970.412022487388,,0,514789.0
2.2845680379688016,48.79200644713189,77011,119.76419832493411,3,2522.5267076694745,2844.205562876634,,0,429457.0
2.637795885281921,48.83598907847541,77014,231.1599292291192,3,2531.1992319512387,3182.61504923908,,2,575312.0
2.848165249348014,48.436289359293696,77011,70.51497972458604,3,2522.5267076694745,4144.422285685975,,2,172846.0
2.6212027147093724,48.28081403120891,7707,170.30773448224966,1,2468.2970993678014,3930.888297405756,,0,484686.0
2.326593442325485,48.32832977346413,7705,200.71729544836364,6,2469.326368602736,1273.168669665905,,2,456715.0
3.3274446942736686,48.726537327132064,7701,234.76636275654192,4,2534.5676313664776,3638.921903243733,,3,783660.0
2.9380220525810508,48.27781067387063,77015,166.5489997475863,2,2509.041371711664,3722.413038579642,,1,294395.0
3.3449531619095287,48.33158728054156,7704,148.2415453087546,3,2507.681546343389,2159.3938424879507,,2,365653.0
2.672662970249171,48.53494845577695,77017,156.15582367872724,4,2535.249063009944,1668.9404138408847,,1,418470.0
2.403325506348101,48.55129614296075,7708,194.60065171328736,3,2479.8146622631675,3742.75043953823,,2,457591.0
2.9973491567244355,48.44961991065036,7702,194.50321136345028,2,2521.514844161584,961.9627232777055,,3,553978.0
2.5099169019729373,48.36360332590921,7701,135.52205324781488,1,2534.5676313664776,2299.308329210476,,3,521711.0
2.876100733162856,48.459234951084696,7704,195.41209100560985,2,2507.681546343389,3368.607860530019,,1,367535.0
2.1616361756068967,48.44195430323976,7708,240.55426503364208,2,2479.8146622631675,4680.376250185195,,2,508388.0
2.26477788578316,48.73149355767102,7707,208.2906928085572,5,2468.2970993678014,768.8205697087922,,0,772467.0
2.854450794021616,48.928639316832616,7704,60.30815015171714,2,2507.681546343389,4520.530372087756,,2,168467.0
3.141260080490384,48.8948704979516,77014,70.2292279737205,5,2531.1992319512387,3922.0183431266864,,3,199906.0
3.173592288672074,48.807071304678,7702,118.68716300015032,3,2521.514844161584,1988.397122864952,,3,468827.0
3.3239666623691138,48.02844089746979,77019,112.5385496557184,4,2509.836958318999,3950.630832069768,,3,354590.0
2.555617141968109,48.95880030812423,7704,63.98124744488592,6,2507.681546343389,1037.715096569127,,3,202024.0
2.4523160199332983,48.45407614431234,7708,177.09577567520637,6,2479.8146622631675,1990.293863454805,,0,530464.0
2.5354929110661333,48.496804464866045,77011,159.31934891475652,6,2522.5267076694745,4616.639694648432,,3,406323.0
3.334187883332384,48.90021809506045,7700,126.84435749138608,6,2500.6482553342094,2844.7126709295253,,2,300092.0
3.4456627733108425,48.93084366968319,7701,122.17938958221112,3,2534.5676313664776,3018.267525942843,,2,221358.0
2.3111164165659743,48.86821630897317,7708,212.5100752885104,1,2479.8146622631675,2459.1536657994093,,3,558866.0
3.275846781241014,48.03762609210584,7707,108.43117488535393,3,2468.2970993678014,3699.636020002948,,0,288042.0
2.069491888326611,48.993059618479386,77016,86.35977828727769,3,2489.955719107417,3429.878854601276,,0,289702.0
2.524697929914137,48.50698397329399,7701,207.55523997496144,1,2534.5676313664776,3759.1079321328607,,2,345640.0
2.6740269750943195,48.708579125065,77017,84.14069041795813,2,2535.249063009944,1439.7665920339273,,2,263275.0
2.134050430044431,48.59099209411275,7700,228.0680164665868,4,2500.6482553342094,3810.916210310188,,0,599752.0
3.0026784683083827,48.798761237404406,7706,76.12321064020372,5,2515.5912267881854,4178.208449459383,,2,190435.0
2.6655988458115583,48.12908071279585,7708,109.16195810744726,1,2479.8146622631675,1553.6103931592736,,2,313852.0
2.0854130490891225,48.26585287427581,77015,204.70084647312547,6,2509.041371711664,4736.067704865903,,1,525166.0
2.952926074968805,48.06225405606581,77017,139.79244032297652,2,2535.249063009944,500.4390630286709,,1,332759.0
3.211752704790894,48.673094775080926,7708,236.347591970172,3,2479.8146622631675,1697.3948114102734,,3,446555.0
2.089507483523745,48.16939912563261,77012,150.66374573112853,2,2528.438700180489,3185.4946816892493,,2,425109.0
2.2879371362646803,48.42029338145251,77013,101.06119832156622,1,2550.4876935530483,2642.263620022773,,3,255944.0
3.233200811571685,48.742385925963845,7707,180.9747246612061,5,2468.2970993678014,957.3400555772788,,1,361127.0
3.3977253843635866,48.1297081578323,7705,136.50493215937212,3,2469.326368602736,3106.744033091103,,2,254880.0
2.5151905653781945,48.06138194546686,77012,136.36222057383782,3,2528.438700180489,2609.6621891624686,,2,425557.0
2.7071684250936707,48.69803535162213,7709,206.57965112946903,5,2516.219162131406,4556.520806940482,,2,607200.0
2.9422604951792146,48.629411005165885,7708,101.78521746588736,6,2479.8146622631675,4092.846762801852,,1,355093.0
3.216972522221621,48.51632029442448,77013,212.3217887847385,3,2550.4876935530483,4080.438300340227,,1,621086.0
2.713655674807349,48.71823293808088,77016,202.0586294298155,4,2489.955719107417,1440.93978336159,,0,328828.0
3.0484960718528784,48.57787176267424,7705,121.21195587103446,5,2469.326368602736,3429.8902281446267,,3,250060.0
2.859419187625865,48.574793646786304,77019,195.2136539583477,4,2509.836958318999,2414.201437391657,,1,509418.0
3.3957374328146512,48.06582301793814,77019,197.48107303489,4,2509.836958318999,3516.5871401079385,,2,310132.0
2.378494441542209,48.40554865763589,77016,188.42743017091232,5,2489.955719107417,4306.149285022317,,3,477949.0
3.2214567409592534,48.53193928310321,7708,153.90987322982244,4,2479.8146622631675,2384.298686149894,,2,333937.0
2.074058925321329,48.68857899515323,77014,219.45775222598832,3,2531.1992319512387,2051.52539748292,,0,576907.0
2.8436916657375333,48.26642372383476,7704,237.33519655024824,6,2507.681546343389,4059.2400413516407,,2,935853.0
2.1004489812035976,48.03907810684868,7704,217.8727229738845,2,2507.681546343389,1113.695899293838,,2,591855.0
3.467333674712249,48.93619307286636,7704,170.86609395558236,1,2507.681546343389,2584.237856868067,,1,332111.0
3.47548178120524,48.33622478079765,77015,110.92911668184678,3,2509.041371711664,3085.382020118928,,3,271028.0
2.44330442007425,48.19120548788312,7701,208.1435705795309,6,2534.5676313664776,3349.124936822914,,1,409684.0
2.927725345211744,48.76006873030864,77016,186.22448028744225,5,2489.955719107417,801.461037986081,,2,490896.0
2.428637486889059,48.432766879599264,7700,141.80263980636607,3,2500.6482553342094,1612.0919959762637,,3,501811.0
2.264793656079004,48.80314592615755,77011,215.29102265416583,3,2522.5267076694745,1472.6083040388085,,3,541124.0
2.717633445422301,48.05412459133397,7707,207.6022144360797,2,2468.2970993678014,513.0540385585676,,1,451472.0
3.1214140702643767,48.50272039009248,7700,230.9368146055129,1,2500.6482553342094,3308.456948818269,,3,663463.0
3.1464241219332405,48.77120665466895,7702,96.44065785290891,2,2521.514844161584,1057.7955935856155,,1,297420.0
3.121836469945426,48.78645060822735,77011,69.77137473692343,4,2522.5267076694745,774.4187914729912,,1,247099.0
3.498440460833592,48.95758159181503,77013,112.42422791251133,6,2550.4876935530483,2158.917016390197,,1,262040.0
3.2779964374903248,48.95453372930968,7709,80.87496048885858,5,2516.219162131406,2886.474044715678,,0,188730.0
2.703330477520432,48.1557228367934,77012,88.4996874493502,6,2528.438700180489,4462.680224588985,,0,277818.0
3.0015300286547686,48.89445261882349,77015,199.8216518656696,1,2509.041371711664,1916.126884865036,,2,735205.0
3.079632078950595,48.88601053475944,7709,240.52868176099457,6,2516.219162131406,4000.619245144426,,3,378833.0
3.3049840817108675,48.188564247594734,7705,100.9012701500898,1,2469.326368602736,1964.405317835396,,0,177511.0
3.276493564562607,48.36950992410524,7705,151.78858895199107,1,2469.326368602736,3092.66245745826,,2,294085.0
2.822198136001713,48.27200943561365,7703,219.1018255983931,2,2494.7034077219337,2914.0034240819086,,3,538125.0
2.739042889184449,48.37446329720646,7707,156.55084541720004,6,2468.2970993678014,2385.5947178563656,,3,637099.0
2.4241438413722496,48.321458406230406,7706,131.95428512833195,4,2515.5912267881854,553.8078056322298,,2,254439.0
3.315113765767057,48.44551494874922,7700,121.53525590172424,2,2500.6482553342094,2589.486986283182,,1,307718.0
3.4795457523098263,48.40518055594068,7707,227.0348508554566,1,2468.2970993678014,2084.651355975102,,2,666599.0
2.3150750611572484,48.361824566391455,77015,80.21215330858007,4,2509.041371711664,1297.955720243015,,1,233180.0
3.108761963187691,48.18368693067378,7706,116.54828919128266,2,2515.5912267881854,3163.2474769432565,,1,383142.0
2.0582179715402704,48.03486590631702,7702,86.22587388736095,2,2521.514844161584,3268.2890734729112,,3,205026.0
2.116244032492613,48.05802962709428,77011,64.84582386498508,4,2522.5267076694745,1659.9861193229697,,1,159442.0
2.726395494288731,48.80822519933072,77017,179.46396835031263,4,2535.249063009944,2360.141363429003,,0,463443.0
3.4663338156159345,48.60649550625666,77016,201.897828749858,4,2489.955719107417,3536.386044363893,,3,671519.0
2.4445464749876527,48.88583567523512,77019,218.15999564823784,6,2509.836958318999,2275.539321745331,,3,425909.0
3.2185811441854244,48.2407000592548,77019,205.6259626803869,5,2509.836958318999,2321.8545648424983,,2,801138.0
2.8468043460531067,48.873874742706704,7709,88.54365105401878,5,2516.219162131406,3040.359652170866,,0,199282.0
3.2994528144675086,48.20246455034858,7708,238.7859841386212,1,2479.8146622631675,2007.709677348775,,2,587907.0
2.971887112588549,48.397815597147584,77013,222.7751468719593,4,2550.4876935530483,502.2732729549934,,2,862062.0
2.7484987310997195,48.44311562602832,77016,143.59289556445668,6,2489.955719107417,575.3809374158272,,0,276229.0
2.3776638983407548,48.56286186728134,7707,156.34516182381554,6,2468.2970993678014,4294.8990241755855,,2,315882.0
2.677068573064875,48.48067030454666,7708,215.10690630452012,5,2479.8146622631675,1237.1221287579308,,2,360059.0
3.002046375889778,48.50724970733583,7701,228.31596828939087,5,2534.5676313664776,4112.21337242046,,1,397171.0
2.6129785105254664,48.21391580474016,77010,100.02820980180444,2,2535.7676266455924,3529.91878119512,,0,257036.0
2.7687814512094224,48.59973597332095,77019,81.05692119783092,1,2509.836958318999,1584.3139845130847,,3,271539.0
2.037646033245497,48.23505943004192,77014,135.38326338070004,1,2531.1992319512387,1992.966524500356,,3,368376.0
2.089114781135808,48.882290325758426,77019,86.11936805934148,2,2509.836958318999,930.1453287448865,,3,196659.0
3.4099590911470905,48.10993753464175,7708,85.24798208194073,6,2479.8146622631675,779.5192341667284,,2,281257.0
3.155017084853423,48.359471576289344,7704,151.04196023214536,5,2507.681546343389,2913.587647656981,,0,484733.0
3.030469716538017,48.145888621284215,7709,124.72848220130729,4,2516.219162131406,3748.7186394861214,,0,442387.0
2.572081494610349,48.34714059709478,77011,182.7936076277908,3,2522.5267076694745,2161.226949035891,,0,422349.0
3.412408005358992,48.62096642776716,7700,149.20542413212348,1,2500.6482553342094,4052.701295706381,,2,224542.0
2.2005141680713325,48.28980078522385,7703,233.22012513134595,6,2494.7034077219337,3700.943989845616,,0,569457.0
3.440522929510629,48.457598174113,77017,66.37300815380743,1,2535.249063009944,3635.302366852186,,0,161228.0
3.0195138012359592,48.71295881555952,7700,199.15505871287857,1,2500.6482553342094,4546.754566413499,,0,633843.0
3.2696784376017773,48.127488662331984,77014,79.55404584138755,5,2531.1992319512387,2914.166081680676,,0,224486.0
2.897554365549214,48.148609558077744,7707,122.5804864292504,3,2468.2970993678014,1259.9244231443347,,0,463742.0
2.0730837593347053,48.46403310790152,77013,154.36657437923665,1,2550.4876935530483,1809.8926924740365,,2,269703.0
3.2524054434251606,48.68779895697929,77013,162.06278244801118,5,2550.4876935530483,3553.373267620665,,3,431862.0
2.873046379667952,48.91494462884751,77012,180.76570934358227,1,2528.438700180489,1233.941027682291,,0,423320.0
2.7751164256860363,48.20014967246808,77018,173.1116008794748,1,2529.770777288311,3887.836782171754,,3,484114.0
2.437879497299136,48.107245361191545,77012,82.38399213407872,3,2528.438700180489,3808.10453992665,,0,258391.0
3.041571744731025,48.26869587039467,7708,241.00411468455985,3,2479.8146622631675,727.5148985492034,,2,715276.0
3.008478689539668,48.23175966897496,77010,181.03311613428832,3,2535.7676266455924,4501.542014845724,,0,513965.0
3.266034042623652,48.95800551908778,77015,110.20993873197662,4,2509.041371711664,2259.74874665494,,1,223973.0
2.617145864580695,48.347333765731065,77012,239.49471965682832,3,2528.438700180489,1005.8212007507698,,3,751945.0
2.1796916372840776,48.74971707834708,77010,199.7997494405505,6,2535.7676266455924,3691.9336039711206,,1,393576.0
2.071632119367099,48.63823486082045,7702,216.0428263073902,4,2521.514844161584,1274.6061259681787,,2,792449.0
2.531207833440475,48.55019438585069,7703,213.9757017233902,5,2494.7034077219337,4556.130097289311,,2,520742.0
3.425103732910109,48.17944523758085,7704,165.80043849556688,6,2507.681546343389,4680.593985725605,,2,283800.0
2.7127822069713234,48.05243457109607,7704,234.75134118729795,4,2507.681546343389,2338.921919251721,,0,766359.0
2.532975157969346,48.78094267016025,77014,100.76819661845572,6,2531.1992319512387,3417.8557440410714,,2,250484.0
2.652970351075025,48.16666965975645,7709,156.37875581268534,3,2516.219162131406,1246.15339831441,,1,506048.0
2.8153860954364536,48.85824382776482,7703,187.04878050394504,3,2494.7034077219337,4723.007467178636,,0,347091.0
3.004752844330868,48.43178173585103,7703,148.03192843217172,4,2494.7034077219337,1852.8210794239185,,0,464563.0
2.2634991751917983,48.054038678767625,7700,209.04711271964416,1,2500.6482553342094,1113.1630449423565,,2,631674.0
3.211652769555715,48.65227255439402,7704,193.4721712092192,2,2507.681546343389,1087.272844673491,,0,630059.0
2.5699062401058304,48.44131778268679,77013,110.6134500436899,1,2550.4876935530483,2962.2275122186043,,2,257427.0
2.1853906608782694,48.20049383634576,7704,88.43299613098608,4,2507.681546343389,2047.006521929116,,1,256172.0
3.0479229590166814,48.33967633854567,7708,234.80978630786288,4,2479.8146622631675,3117.9877689999585,,0,481606.0
3.340246318115826,48.54612578060826,77014,83.2705958750837,2,2531.1992319512387,4113.627588667228,,1,204419.0
2.911278523774305,48.56504522681615,7704,123.65855583346712,3,2507.681546343389,1117.6599216549523,,2,319211.0
2.292375841616379,48.376007841129926,7702,150.2643580708492,4,2521.514844161584,1279.4280307148092,,3,565267.0
2.3638826963163835,48.12403243135243,7703,184.30844848156565,3,2494.7034077219337,1374.0132597469153,,2,413568.0
2.426691737983727,48.76165198896817,77014,184.4673490610033,6,2531.1992319512387,2843.354126237868,,0,434121.0
3.0280986330800443,48.40389557908901,77016,126.1517346456701,2,2489.955719107417,1654.6964094750729,,2,277456.0
2.121873550515216,48.69801467625758,7701,183.14486459897427,4,2534.5676313664776,1181.1823087932698,,1,581350.0
2.296959883302452,48.92076738985853,77012,135.33033145744366,6,2528.438700180489,1191.5426682570285,,3,382034.0
2.971554031008314,48.71777680262635,77011,212.35687529344605,5,2522.5267076694745,1456.8102336486786,,2,448186.0
2.36291771803959,48.02543755612521,7705,77.6423461707808,4,2469.326368602736,1968.923855499365,,1,234419.0
3.440018985879078,48.037784221812245,77014,239.8903227335079,6,2531.1992319512387,951.981880378847,,3,581486.0
2.9534969132612314,48.776888705565575,7709,143.23862256285582,4,2516.219162131406,2631.923988378975,,0,324362.0
3.486954450203119,48.89372953567184,77017,193.04792504595457,1,2535.249063009944,2782.37331323374,,1,453584.0
2.9902247365714034,48.01619420923149,77018,158.53746934751916,4,2529.770777288311,1651.5514021529718,,0,549441.0
2.5230385013915075,48.32711697167776,7707,95.7314115360401,4,2468.2970993678014,2076.5679657836204,,2,172469.0
2.214832558004856,48.72144195928201,77015,65.63428756268031,1,2509.041371711664,3119.829895987671,,0,210755.0
2.2533532954727207,48.57398232911656,77015,193.25261298000123,6,2509.041371711664,3323.89198733594,,1,535550.0
2.3784086769752504,48.63428798582136,7705,222.9908103429505,3,2469.326368602736,1262.830970279037,,3,527508.0
3.4737357667376667,48.836707829425634,7701,144.62762604362302,5,2534.5676313664776,4321.812663975945,,1,451659.0
3.2348395388697493,48.10304169343098,7703,190.50835489253373,2,2494.7034077219337,3993.814949099464,,2,529905.0
2.8150259504727377,48.98408807557958,7703,227.9402455707229,5,2494.7034077219337,3326.3821546088925,,1,437606.0
3.2855531449634308,48.33125101741851,77016,143.80246740332942,1,2489.955719107417,2190.439879592572,,1,293943.0
3.314311589581459,48.52582105627312,77016,207.73925513741955,2,2489.955719107417,1721.824599798821,,0,629731.0
2.171853966415452,48.664023279622185,7706,158.33847862129156,5,2515.5912267881854,1964.1530669980311,,2,592528.0
2.168259355491508,48.77399561652172,7706,132.40714023796795,5,2515.5912267881854,2247.843646241633,,0,297259.0
3.0979433949236803,48.5160594182021,77017,223.8503139440492,1,2535.249063009944,2193.2810766110824,,2,907094.0
2.1906472585361887,48.03197866758529,77010,219.31077318513104,5,2535.7676266455924,1903.7895737197305,,1,619262.0
2.4950028303327856,48.46785246206122,77019,105.59160101715194,1,2509.836958318999,1932.0910430681283,,1,393294.0
3.0759441163601418,48.10529285825594,7704,73.94296316388163,5,2507.681546343389,2323.5160231820028,,2,195573.0
2.413862325922909,48.82937808502656,7700,220.78413803416083,3,2500.6482553342094,1980.16511382578,,1,785230.0
3.273502326612979,48.69605632926624,7709,114.8127979727605,6,2516.219162131406,1990.5183024064247,,1,367506.0
3.3500964899743413,48.21541322743947,77012,150.31454189393162,4,2528.438700180489,3380.5861952166083,,1,305718.0
2.352643148159378,48.41786610449568,77019,87.08889668641031,2,2509.836958318999,2377.718464279776,,0,223360.0
2.8841648309063737,48.05537913414796,77016,168.13479551536383,4,2489.955719107417,1236.045863013292,,1,591510.0
2.661497238264892,48.25060920567812,77012,180.1762751461704,1,2528.438700180489,740.1916252605554,,2,687497.0
2.7781394423580705,48.96571798232202,77019,87.44828904150687,5,2509.836958318999,3051.400994826533,,1,215921.0
3.0221078627481,48.01291021167301,7701,141.0336133512244,6,2534.5676313664776,2935.097471164489,,0,545069.0
2.3056633339153505,48.10268450911351,77012,130.55832666817977,1,2528.438700180489,4070.423467981572,,2,237134.0
2.8331475166278377,48.54597535580849,7701,92.97159540659902,5,2534.5676313664776,4642.024830821637,,3,308119.0
2.868048254956056,48.44215768744508,77016,199.0701922597491,4,2489.955719107417,581.0961832821025,,3,619657.0
2.8167598533974263,48.38611164375134,7702,215.2273376537724,6,2521.514844161584,2641.422634051395,,1,655248.0
2.8349056910999795,48.320150813372656,77010,94.80846762846237,3,2535.7676266455924,2740.5728504196427,,1,242563.0
3.426046684683373,48.50542770964612,7701,219.2133216330776,2,2534.5676313664776,4068.417092103263,,2,845316.0
2.470924176919884,48.48207976780613,77014,128.17222155232537,2,2531.1992319512387,3660.943898002249,,0,312013.0
3.028481577926039,48.84991234588726,77011,180.10594609943388,5,2522.5267076694745,2430.593891297193,,0,520648.0
2.5874078407928938,48.316933112767735,7706,201.36079278767644,6,2515.5912267881854,794.3318480762713,,0,318976.0
2.544122078746395,48.31709753223071,77010,240.1423109493681,6,2535.7676266455924,4040.749545635146,,1,444574.0
3.435941853021084,48.84014805159629,77016,176.7112259092209,4,2489.955719107417,1087.764990409215,,2,311496.0
2.709165641282941,48.95965570108088,77017,130.15095989715803,5,2535.249063009944,4655.574562132633,,1,359707.0
2.725319703638734,48.37068457915513,7700,191.0847343446949,1,2500.6482553342094,1900.7284475557967,,1,380317.0
3.313355488515332,48.62033287705986,77010,119.43838430956474,3,2535.7676266455924,3184.421249370829,,0,337526.0
2.428874674456434,48.83220408440048,7701,74.40330622959029,3,2534.5676313664776,2810.5016569990435,,0,242295.0
2.147053603073488,48.84842615439891,7703,97.89933894774094,3,2494.7034077219337,1013.5235739093232,,3,318182.0
3.362017723449532,48.40104200068369,77019,226.4062668191128,2,2509.836958318999,957.6156019450756,,0,630014.0
2.505579205106588,48.41175848176567,77010,149.40168677780358,5,2535.7676266455924,716.6701626155811,,1,366235.0
2.757531205204324,48.06940595898218,77016,83.84064043554997,5,2489.955719107417,2558.775224781155,,2,296522.0
2.427348411005166,48.15303889853811,7700,78.92670732896848,4,2500.6482553342094,4395.989536195339,,3,295432.0
2.6372044870395444,48.42476191103659,77015,229.52793834624345,2,2509.041371711664,1818.6155994942287,,1,795102.0
3.229566485068671,48.42128869459613,7702,146.41059451628234,4,2521.514844161584,3004.85332657493,,3,544202.0
2.590809164370269,48.893974333078525,7709,181.78938313967703,3,2516.219162131406,4134.271437566515,,2,412471.0
2.356191937352732,48.378946267864784,77018,130.42008355990842,2,2529.770777288311,1431.7200879899956,,2,314493.0
2.618530310108634,48.40941782627044,7702,213.6957310044458,1,2521.514844161584,3780.2466143624833,,1,670184.0
2.661770766764363,48.11565462238615,7709,113.22096900462246,6,2516.219162131406,1491.709164648067,,2,223963.0
2.413543015566335,48.81454504695547,7707,217.22062882327623,5,2468.2970993678014,1550.892858947162,,2,624084.0
3.343290117493416,48.3594167045049,77014,60.16578598439216,6,2531.1992319512387,1752.7436177310203,,3,189621.0
2.57572936738173,48.28498390863184,7705,91.81353270956092,1,2469.326368602736,1845.1517956589528,,1,338701.0
3.025071579654501,48.43827155916036,77013,113.054093657755,3,2550.4876935530483,3710.6996860879726,,1,358363.0
2.124436933652597,48.7044469678677,77011,98.64171724879117,3,2522.5267076694745,965.1215793909224,,0,293991.0
2.34714513818399,48.23839601994474,77010,223.63153462961972,3,2535.7676266455924,2403.366757148019,,3,459254.0
3.094943912270657,48.93959226261042,7701,226.2329835933872,4,2534.5676313664776,2958.5747078998743,,3,419616.0
2.358625794794471,48.64855801446704,7701,187.5187379542665,5,2534.5676313664776,2960.480529477791,,2,537811.0
3.0586105456939,48.70452135048858,77019,234.2279400651805,5,2509.836958318999,3680.792911107877,,0,755764.0
3.1748200765495835,48.31690300442821,77013,83.73824951660315,5,2550.4876935530483,1854.270448947868,,2,244596.0
2.9362072374171526,48.97742047460687,77016,129.78556380278746,6,2489.955719107417,747.5307396977055,,0,360466.0
2.9736920717906754,48.6797679628969,7708,203.62273511760228,4,2479.8146622631675,2133.0571069576613,,0,383542.0
2.228066550221998,48.60727322476971,77012,219.0654944780644,6,2528.438700180489,2150.3957023139446,,2,724757.0
2.814849208684937,48.15924573827927,77015,130.02000530751462,1,2509.041371711664,4389.612124278367,,2,301781.0
2.1798261073773304,48.92254276885283,77011,112.00214803360628,3,2522.5267076694745,3698.002606742758,,1,194843.0
2.7143786133916588,48.0768269568641,7702,79.27426443793907,6,2521.514844161584,3981.886120448036,,3,282296.0
3.315314062941141,48.34183069692604,77014,111.362901109915,5,2531.1992319512387,2554.0576384549136,,2,328157.0
2.738595147937698,48.833629599457296,7709,115.13835737846964,1,2516.219162131406,2246.840094685512,,1,368641.0
2.354841052929303,48.95347932448259,77010,88.90569791435087,4,2535.7676266455924,2186.142801616127,,0,192309.0
2.539743547079496,48.97119664547549,77012,138.3452984424065,1,2528.438700180489,4259.476775548023,,2,269194.0
2.8974908976836407,48.60730644826267,77013,234.9610910849805,4,2550.4876935530483,2666.8505818064755,,0,440997.0
2.966524003985803,48.13779646777374,77015,112.66012520065432,6,2509.041371711664,3581.3084248053487,,2,217052.0
2.5785806850910715,48.44943394471948,7705,195.8841743916572,3,2469.326368602736,515.0083690727846,,0,506022.0
2.7030884069212693,48.86134999109863,77014,62.120315871460015,2,2531.1992319512387,3540.800526187867,,2,183425.0
2.904962064565275,48.61972261403047,77011,191.81951572448247,3,2522.5267076694745,3444.667294119424,,3,586369.0
2.856327805870844,48.29141866588039,77019,239.46260835905787,5,2509.836958318999,1450.7705297957873,,1,754031.0
2.210278128276588,48.13641134462957,7706,89.66510064740247,2,2515.5912267881854,2208.037301958444,,3,313470.0
3.0962442123063143,48.156163844792175,7700,87.27304878748464,6,2500.6482553342094,1230.7185259804442,,0,157105.0
3.0761997209004304,48.43052819370151,7708,215.63419309523928,4,2479.8146622631675,2922.050394567234,,3,347082.0
2.123948966463346,48.04743280124716,77012,127.78915304337193,5,2528.438700180489,1596.523430217848,,1,390682.0
2.731062211881868,48.62509155268653,77013,200.6718764187937,3,2550.4876935530483,928.6202028779128,,3,735539.0
2.810190389300337,48.83993242270149,77015,66.64030627418934,6,2509.041371711664,907.8034230202323,,1,167933.0
3.4599253798118377,48.47175693545802,77014,103.39572342583494,3,2531.1992319512387,2648.756429485245,,1,313547.0
3.336469139369988,48.09870635949164,7708,238.4778493561365,1,2479.8146622631675,4298.466053286475,,2,676341.0
2.832458576312531,48.68262669290517,77016,230.0726294720281,6,2489.955719107417,675.9698235629747,,1,455217.0
2.8612124749082257,48.1471569733856,7706,126.7583283639918,3,2515.5912267881854,4744.880841667179,,1,409591.0
3.0622879170893063,48.07615733476143,77013,114.90083680042868,1,2550.4876935530483,3939.722052117932,,2,311055.0
3.2337410959430493,48.3216902487001,77016,197.61669418046827,4,2489.955719107417,1731.2002700255027,,2,559010.0
2.907655292690388,48.18100674155957,7705,210.3487122918877,4,2469.326368602736,760.4645881312597,,0,522253.0
3.0581094337932218,48.35003086744138,7702,102.30722709032167,6,2521.514844161584,1321.0454647661395,,3,252488.0
2.8773260509537204,48.6526088379244,7703,228.686705223634,2,2494.7034077219337,1078.0004398313458,,3,477317.0
2.8784120308056416,48.21211713909193,7709,115.26791045540328,2,2516.219162131406,860.9919589237525,,1,331902.0
2.5672309519255405,48.626365541976256,7707,116.29738857266398,3,2468.2970993678014,1581.3758728217258,,1,272709.0
2.129016832457312,48.07438598732687,7706,151.498972491144,5,2515.5912267881854,4523.909794717496,,3,565557.0
3.483220096999724,48.38808132767066,77019,201.31213767390528,4,2509.836958318999,3110.502440315972,,3,657581.0
2.477158170678428,48.89853003716046,7705,224.00566259558525,5,2469.326368602736,755.5098843603109,,3,718943.0
2.400428011305789,48.26708977717557,7708,108.97016752485372,1,2479.8146622631675,3533.843348638948,,2,312141.0
2.3452872811328653,48.82598473679828,77017,196.9104211901991,4,2535.249063009944,3048.4287706653195,,1,703591.0
2.6975099483185043,48.79032024547976,77015,133.12429232781216,3,2509.041371711664,629.9314280117602,,1,347720.0
2.308432231549012,48.613683187728746,77014,233.90508867206205,4,2531.1992319512387,965.637786409631,,2,503863.0
2.3739383437233124,48.41038292303563,7704,230.19508317796868,3,2507.681546343389,3629.822388917574,,0,611249.0
2.600573577959322,48.30728938665462,77019,204.21738110090888,4,2509.836958318999,2095.325259272943,,1,610404.0
2.7583623866183187,48.0964261959672,77014,198.6763958415873,2,2531.1992319512387,2623.084645374112,,2,799647.0
3.449822658075381,48.722569099174265,7708,81.3921207895709,2,2479.8146622631675,2535.810824446441,,3,188132.0
3.366967373263439,48.072957889714566,77011,165.99832601130444,6,2522.5267076694745,4087.823522452744,,3,484201.0
2.145177680816035,48.86087605753314,77017,239.1534475960068,2,2535.249063009944,3510.119585399487,,3,490943.0
2.3632854803480416,48.813839021871445,7709,132.33674910164916,2,2516.219162131406,520.9046808240508,,3,301701.0
3.3671466073061684,48.55989298507533,77013,147.52010145297874,2,2550.4876935530483,861.7567223719839,,3,367254.0
3.123452415846712,48.02671594086547,7707,168.3031635618288,4,2468.2970993678014,3061.619467019392,,3,256232.0
3.1111054187342773,48.18820182544991,77012,199.3129985776117,2,2528.438700180489,3456.0804631797705,,2,592695.0
3.250291237487753,48.58876380520044,77012,240.55226134910865,3,2528.438700180489,1519.4510293524222,,1,896545.0
2.5040008358114125,48.62440580324917,77018,228.79098128550768,1,2529.770777288311,1761.4363345432475,,2,474448.0
2.06110006669336,48.8170821083033,77018,132.22388056810365,6,2529.770777288311,3009.3846951840783,,0,450571.0
3.061373769605287,48.656992594118094,77018,202.1224838352068,1,2529.770777288311,3356.4862244239057,,3,457707.0
2.4481407718697152,48.87938478984636,7700,168.08191191318372,3,2500.6482553342094,1982.141379813583,,3,389624.0
3.2888024782934133,48.40103804368833,77018,216.3511211623611,6,2529.770777288311,1188.4694567758922,,0,674789.0
2.297517861085744,48.37083529344063,77010,198.2595873930744,6,2535.7676266455924,1780.131046719864,,3,608123.0
3.089692572669508,48.99180995134936,77011,166.02804177830373,3,2522.5267076694745,4152.884975895695,,1,234766.0
2.8679501467504083,48.3154022900779,7702,155.11849427926495,3,2521.514844161584,4086.936034249486,,1,410880.0
2.764056747980347,48.90180067525549,7700,87.39710254882864,1,2500.6482553342094,1758.0366524794645,,3,245816.0
2.047185712069413,48.5394865069466,77010,118.62205095398276,3,2535.7676266455924,2501.377666413765,,2,241835.0
3.214988758371888,48.877502051867566,77013,105.76565900930214,5,2550.4876935530483,4183.026257655651,,3,367434.0
2.8643654102184644,48.68919589749699,77011,72.67036893780178,1,2522.5267076694745,1193.9412687477416,,0,180703.0
2.202064224132303,48.87301569776073,77011,193.07764882985504,6,2522.5267076694745,4530.812064987822,,3,465843.0
2.6173593175665903,48.39386395653814,7701,160.3031695517708,6,2534.5676313664776,3301.634020256526,,2,408066.0
3.190389081616459,48.69718278030905,77010,118.04286352606644,5,2535.7676266455924,1701.6455197467285,,3,353732.0
2.8359200582251023,48.54096072184277,77017,226.17786540549312,2,2535.249063009944,3691.1277863976857,,1,709757.0
3.270071609139209,48.07449695224055,7703,213.5528389834889,5,2494.7034077219337,2890.81857432031,,3,561705.0
2.370131247369759,48.72523316032306,7707,91.43397840566269,1,2468.2970993678014,2209.926854258425,,2,289611.0
2.2856158291358817,48.73491679996602,7700,83.95763591971705,3,2500.6482553342094,2411.064081473599,,2,345948.0
2.305989061116841,48.96067899450645,7707,181.7588957260021,1,2468.2970993678014,4275.598812503927,,2,440077.0
3.3904252123025627,48.20360265429382,7705,217.0928783006623,6,2469.326368602736,3782.897122000835,,1,342110.0
3.310750904362738,48.30550529053753,77018,181.081732478318,1,2529.770777288311,4156.810139918753,,3,692317.0
2.498342545774954,48.396095882652,7700,151.22397924937854,6,2500.6482553342094,1605.2849014693606,,3,313026.0
3.0199332498106104,48.75684883195429,77019,175.13739135036087,4,2509.836958318999,4175.609103453021,,3,487262.0
2.507652788091507,48.44945017946286,7708,92.163602214167,2,2479.8146622631675,3668.5535401306006,,1,245058.0
3.0855949169876413,48.73568316636574,77016,82.10198256694527,6,2489.955719107417,676.7584027639155,,1,242176.0
3.3748147775347106,48.07214770806485,77014,132.64193508886774,4,2531.1992319512387,3570.1748485394737,,2,397054.0
2.6095271109841915,48.22857376795535,77018,79.06621492540916,1,2529.770777288311,4379.135120950996,,1,250652.0
2.2726735211557063,48.00270814170322,7702,123.98729123111131,6,2521.514844161584,2709.3827974776345,,1,217777.0
2.961676913867304,48.3442778373494,7709,174.48664365120254,2,2516.219162131406,4331.953403367052,,2,401254.0
2.86218040589596,48.35330331393572,7705,235.79969221752344,4,2469.326368602736,3769.433112590898,,2,536347.0
2.796444560454709,48.98839624901768,77011,192.81681159085585,4,2522.5267076694745,4171.5910431830025,,0,433112.0
2.435536981435644,48.27077739589927,7702,85.89489191900952,6,2521.514844161584,3896.150793851292,,3,284805.0
2.929953478832923,48.60513344628847,7706,68.65893493163566,5,2515.5912267881854,666.0290678201512,,3,180954.0
3.324510740505409,48.46348928688918,7708,222.37373949983325,4,2479.8146622631675,1049.2066876191452,,3,617772.0
2.701886385338378,48.25411021287088,7701,239.5667025667428,3,2534.5676313664776,4415.74872763506,,3,491948.0
3.156188994044716,48.815692858306704,7700,183.570965421013,1,2500.6482553342094,4371.939122715737,,0,611339.0
2.747277137756736,48.32428632757941,77013,114.98955479016156,3,2550.4876935530483,2698.274569741121,,0,422636.0
3.05599391826754,48.40022117787471,7705,107.53050827658764,5,2469.326368602736,2240.454114857547,,2,241860.0
2.56992870384536,48.97641231189701,77014,109.66851797806972,2,2531.1992319512387,4472.978764543265,,1,426689.0
2.7961108901928062,48.65257078193746,77014,101.11414528479168,6,2531.1992319512387,3434.0573566896355,,1,357853.0
3.414998552631737,48.11088312005164,7704,210.79916820607644,3,2507.681546343389,4391.616764535262,,0,723812.0
3.289040337129232,48.10157214364466,7700,185.72692775461843,5,2500.6482553342094,1090.790919871877,,3,660143.0
3.07504528056862,48.31354140766363,7701,162.03048864901064,5,2534.5676313664776,2628.294655711552,,1,299621.0
3.1152588220488884,48.66947523633537,7704,187.3580420249976,6,2507.681546343389,1450.8282097146775,,2,699971.0
2.083289478510507,48.829038908695765,7701,141.67297762188235,2,2534.5676313664776,2693.167739943677,,3,497889.0
2.996215635862051,48.09832366709196,7703,79.78370486310484,3,2494.7034077219337,2601.173247081461,,0,252674.0
2.5882098876742248,48.84414046002547,77018,204.64157162881847,5,2529.770777288311,4232.300990895211,,2,443961.0
2.5549161980817017,48.27896619442019,77015,167.49279720267066,5,2509.041371711664,747.0720090984845,,0,431175.0
2.2164293029510267,48.3937550991035,77019,86.36153110894074,6,2509.836958318999,678.975729308518,,0,208667.0
2.473995711687841,48.85221239120168,77011,197.69228830974663,6,2522.5267076694745,4263.870184609355,,2,436611.0
2.9100655841564325,48.0518045497282,7708,137.80423464233797,4,2479.8146622631675,2665.741483510864,,2,379793.0
3.3550044643442045,48.50909494980677,77010,176.65738122144165,2,2535.7676266455924,4327.227935205596,,0,325713.0
2.373400725814844,48.30902762603892,77011,206.79544664364835,3,2522.5267076694745,3254.389563573864,,0,572490.0
2.631108090029451,48.70394767662276,77012,190.116200555628,2,2528.438700180489,1356.4825851870582,,0,446758.0
2.1541850280102794,48.14187665419688,77013,176.55575768822632,6,2550.4876935530483,511.18038794357307,,2,695592.0
2.456738262419053,48.55904420663325,77016,141.23075663523227,6,2489.955719107417,2075.770780380152,,2,400416.0
2.52807893064343,48.07780898162803,77011,91.93707887909234,1,2522.5267076694745,892.5297832142323,,3,336948.0
2.5992597128908463,48.98596030211535,7708,134.71383261484675,4,2479.8146622631675,1748.959966841109,,0,376773.0
2.5640325023337183,48.899655979078176,7701,127.34455484170697,1,2534.5676313664776,4030.792801301437,,1,250539.0
2.2277366565904724,48.29700230864259,77015,156.862157914921,3,2509.041371711664,552.9529964510934,,2,248924.0
2.791658313603316,48.54002919226069,77017,211.93889859418425,3,2535.249063009944,1695.242559498867,,3,688166.0
3.059517965263743,48.31088972529797,7705,195.79645288038049,3,2469.326368602736,2792.454383758436,,2,550293.0
2.991966414197864,48.35331612082842,77018,133.8610724829967,2,2529.770777288311,1753.7993530907067,,1,313529.0
2.325046197140544,48.35446777037373,7702,117.98737876916212,3,2521.514844161584,4060.7506099995353,,0,260096.0
3.421300776100168,48.35584591124497,77016,78.98705664033784,4,2489.955719107417,4122.579619555825,,0,191848.0
3.1372632835760217,48.6857331015525,77014,153.05933583164062,3,2531.1992319512387,1488.880689728303,,3,316639.0
3.321024570576763,48.56852831768804,7709,195.5424111209962,5,2516.219162131406,591.0415776730051,,1,389707.0
3.4583445638245363,48.15336482741574,77015,141.04368273591444,3,2509.041371711664,3239.253239801973,,2,312721.0
2.201788238433777,48.17278965188246,77019,172.88307863484576,4,2509.836958318999,1454.81172155093,,1,543165.0
3.332545524201896,48.02554740112161,7703,69.07286880489534,1,2494.7034077219337,1797.5364250760863,,3,177758.0
2.305588040884923,48.41653348734587,77014,226.72015862270592,5,2531.1992319512387,4735.736861095839,,2,459730.0
2.042505416734082,48.48965060876797,7709,82.141235912504,1,2516.219162131406,2947.893160819285,,1,253594.0
2.8433248985051884,48.64144042054178,77016,226.0568998979665,1,2489.955719107417,2063.2229442703065,,0,393416.0
3.21280972504546,48.61267505678522,77016,174.36574099532464,2,2489.955719107417,2596.8822185626395,,3,520190.0
3.070934891822026,48.66587941651079,7705,166.11355433025665,5,2469.326368602736,807.1561168826313,,2,581421.0
2.693578505738552,48.7616227932167,7708,125.99758536665236,2,2479.8146622631675,3635.813155494586,,0,273908.0
3.301877384040791,48.78464758019769,77013,78.75697370191824,4,2550.4876935530483,2755.5881093702715,,0,236705.0
2.30947309241557,48.21610059766251,77018,171.3926488598221,5,2529.770777288311,3343.152486131972,,1,312471.0
2.974699582847579,48.90135639941576,77011,179.03091605988317,1,2522.5267076694745,574.3313657943245,,1,393312.0
3.450914500151057,48.90132437151664,77013,154.00324787385827,4,2550.4876935530483,2231.5113591148365,,1,288080.0
2.659880024340428,48.39366239496268,7705,192.1091211270156,4,2469.326368602736,3177.2888151763937,,3,528067.0
2.3053032837227074,48.15575162286553,77019,103.27788490738229,5,2509.836958318999,2520.102751667556,,1,174592.0
2.2613067369584057,48.59363025581626,7708,84.8079419116223,6,2479.8146622631675,2130.8405316785365,,3,157418.0
3.1078248115551643,48.47935228921583,77019,184.8386938685734,3,2509.836958318999,1109.7977112267752,,0,293068.0
2.351118583034617,48.13982978752509,77015,118.05071409153284,1,2509.041371711664,2904.201541775579,,2,383166.0
2.0874999084272026,48.15374402858396,7702,175.83213059099302,3,2521.514844161584,4180.322541215084,,0,645271.0
2.901538816233035,48.3273766801154,7702,161.89668950146543,1,2521.514844161584,1736.3131308333543,,2,402847.0
3.460399813245956,48.69727948561994,77010,156.6876440419462,2,2535.7676266455924,2406.098896343517,,1,483980.0
2.91135686930823,48.8842092025119,7704,210.90339611122835,4,2507.681546343389,3002.916324609952,,1,453699.0
2.923785763848552,48.74026911248211,77013,93.7465483730596,3,2550.4876935530483,3198.4499048928787,,1,241172.0
2.719121247895469,48.156860863154726,7704,166.74545031899515,3,2507.681546343389,1151.976738449211,,1,474903.0
3.2574930570667067,48.468693159794974,77016,131.58040428820874,3,2489.955719107417,3873.102349892324,,1,429016.0
2.919937350089317,48.07407881406424,77014,162.69672105141552,6,2531.1992319512387,3427.780776716876,,1,412112.0
2.1573359915924657,48.45118228540945,7705,124.52557009134836,6,2469.326368602736,1523.2612786305635,,1,390308.0
2.9724878260393,48.77223012657645,77012,92.15374387102412,3,2528.438700180489,698.217512731474,,0,257518.0
2.9933198798885674,48.74283189219789,77016,149.56152706866715,5,2489.955719107417,933.7406518386448,,2,602268.0
2.005447356250598,48.48816516134189,77014,222.19909495709263,1,2531.1992319512387,4462.16135727312,,0,694828.0
2.139082561672276,48.01722750841372,77011,198.54940605193832,3,2522.5267076694745,2148.0529151373285,,0,782850.0
2.1568517605016004,48.63643024954364,77011,212.1114728307257,3,2522.5267076694745,1400.6760991016454,,2,608583.0
2.636965956963574,48.39195614014215,77012,176.8039038607232,1,2528.438700180489,4268.836919141481,,0,368389.0
2.4252510052438785,48.10026679426063,77012,138.22904532720054,5,2528.438700180489,2819.009753394012,,2,325244.0
2.0456867121057454,48.09087653836965,77011,206.5799355233252,5,2522.5267076694745,4022.818780939959,,3,617121.0
2.3039644539465702,48.55523750732928,7706,137.6490654239135,1,2515.5912267881854,583.0695456867751,,0,513912.0
2.5458885295585283,48.248921904785696,77017,237.9051600510596,5,2535.249063009944,2438.305278869686,,1,470239.0
3.366485729934748,48.78786425019776,77019,77.09243615899663,4,2509.836958318999,1504.1534949728548,,3,196259.0
2.531067016418329,48.49509561096137,77018,142.83382020891105,2,2529.770777288311,4502.285403144666,,3,397364.0
2.8297372246395405,48.987697912345375,7707,131.93899298132908,2,2468.2970993678014,4408.648461106552,,1,276956.0
2.1040584799092006,48.31375881026842,77017,184.2716340650705,6,2535.249063009944,4763.644774410132,,3,338718.0
2.903992296588412,48.744854069362624,7703,125.40432849789548,2,2494.7034077219337,4694.3358411581,,2,360323.0
2.303001461783367,48.4288296163329,7701,165.87485376333314,6,2534.5676313664776,1759.9272139710831,,0,268460.0
2.022219155587878,48.33380831416008,7703,161.8009059065294,4,2494.7034077219337,648.8945392073662,,1,271554.0
2.573290458263736,48.391856542131165,7708,132.47607798582797,1,2479.8146622631675,4125.494616632906,,0,331084.0
2.5532871412404994,48.805300027492216,7701,148.70118994907853,2,2534.5676313664776,2308.367788351185,,2,415183.0
3.1691985684046795,48.02662525681181,77016,152.1766234327045,1,2489.955719107417,3565.332764483715,,1,504921.0
3.293512417945814,48.62182408630577,7707,143.49403344614262,6,2468.2970993678014,4031.907403972498,,3,275876.0
2.6379070148429453,48.50027761310505,77014,91.63981721633816,2,2531.1992319512387,2952.0146458678146,,3,225708.0
3.184182633548253,48.67374463004802,7706,116.6574866486766,4,2515.5912267881854,4302.982845524355,,0,308242.0
2.6377678787589747,48.08875821763215,7705,211.995101191485,3,2469.326368602736,3751.8554533403353,,0,586076.0
2.0624605273040326,48.50040059247341,77017,194.31708566244143,2,2535.249063009944,2092.834089915856,,1,459262.0
3.375329700353594,48.87011089641387,77010,158.84313969698331,4,2535.7676266455924,3255.6627298891312,,0,532850.0
2.7682089529193914,48.81374020984457,77012,151.55082093562996,5,2528.438700180489,2657.307154155232,,2,366795.0
2.544173398248029,48.7611823379768,77011,68.0550077834913,2,2522.5267076694745,4607.608189568057,,2,211372.0
2.003382010973004,48.659904606910914,7704,143.43101880309973,2,2507.681546343389,2581.0477313980955,,2,392408.0
3.347902023799607,48.53736955017203,7703,183.7760506508688,6,2494.7034077219337,2093.106983813549,,2,540395.0
3.1369760577576224,48.40080123086202,7703,154.79344592501943,6,2494.7034077219337,1451.5677922409905,,1,317322.0
2.696293799967421,48.791186687234365,77012,158.42352838983783,5,2528.438700180489,1438.039605332684,,1,549566.0
2.0808730086167952,48.25106424918184,77016,114.7363996909835,6,2489.955719107417,2292.385995917887,,0,377652.0
2.071227739665997,48.52550565297519,7700,161.54342347192224,3,2500.6482553342094,4079.9105510350737,,1,590795.0
3.3289031172555528,48.84131187389497,77018,142.02269353736642,2,2529.770777288311,2369.443620759962,,0,401201.0
3.372502306621291,48.84387941123093,77010,223.79446708955345,6,2535.7676266455924,974.3237868027512,,1,358888.0
3.061296951951409,48.8892777088336,77017,140.49851782739103,5,2535.249063009944,2000.3810065070743,,3,249155.0
3.257441175501145,48.731213819996285,7707,148.32547672932532,4,2468.2970993678014,4782.111392479414,,1,279329.0
3.4542988123025298,48.17363931262541,77018,218.7630810854688,1,2529.770777288311,581.8981646797372,,2,506782.0
3.429456953951968,48.86188130848331,7707,105.89419617351858,6,2468.2970993678014,1001.1510053842416,,0,208148.0
3.4601727004925817,48.8866439250659,7704,232.5116453241176,1,2507.681546343389,3768.00070256308,,2,575884.0
2.483736448661909,48.67719241861299,77010,233.41267163841087,2,2535.7676266455924,1198.9170402323905,,0,670325.0
3.019634016112463,48.72890878814928,77013,158.54754264043538,2,2550.4876935530483,4619.727299290748,,3,240445.0
2.447385734564727,48.74619048331731,77015,228.16441388316017,2,2509.041371711664,1891.618329313136,,0,531515.0
2.41434097034791,48.70957919387826,7708,111.14607932699644,4,2479.8146622631675,2292.98312688038,,2,290761.0
3.062940653078469,48.855352239005065,77017,66.64644283076409,6,2535.249063009944,1671.0048016680878,,3,186236.0
2.0927674836387857,48.94687663375286,7706,77.02367904856467,6,2515.5912267881854,4248.967807368023,,1,163016.0
3.249450521168865,48.84881721663514,77014,202.9066999216573,3,2531.1992319512387,4241.753818778778,,3,618434.0
2.11912905348348,48.08565824959643,77012,215.55434085265424,1,2528.438700180489,4574.861565483532,,2,357564.0
3.095103699277536,48.45083883341037,77013,178.64789663548896,4,2550.4876935530483,706.2776359666693,,0,380951.0
3.3336413243542893,48.51695058509394,7700,152.7828038025964,3,2500.6482553342094,2353.8050522776225,,1,377092.0
3.3639148017344533,48.160764164744016,7706,225.49433865041,5,2515.5912267881854,812.8386560445687,,0,610764.0
2.111946324853848,48.90265069896455,7707,220.3661464529765,2,2468.2970993678014,3711.25531663962,,2,373679.0
2.50211570091394,48.93818875703791,7706,101.3670203039284,1,2515.5912267881854,3800.919748156037,,1,266566.0
2.0925036989220764,48.461461129021686,7708,230.09159391587184,3,2479.8146622631675,4402.165363850851,,1,524511.0
2.1607283109790925,48.12510271890566,77017,208.84070716896017,5,2535.249063009944,2462.4397852860848,,2,380369.0
2.2860008182310763,48.16222779426234,7708,94.40469677526956,5,2479.8146622631675,2937.3747086971675,,3,267595.0
2.900758599958597,48.72382694719445,77010,146.6551635798011,2,2535.7676266455924,1629.2366178444306,,3,402712.0
3.0025601089780865,48.96027430405572,77019,79.91404586479638,3,2509.836958318999,1376.6762232534754,,3,273062.0
3.277437929470171,48.351567580062685,7707,204.09606314640092,4,2468.2970993678014,2353.8691366148123,,3,478377.0
2.214505534537832,48.24591912733791,7707,169.29024626557862,6,2468.2970993678014,2473.2864457416144,,0,380418.0
3.159591641410323,48.405223052988426,77012,156.39067905967363,5,2528.438700180489,3878.392840869591,,2,358820.0
3.3979496046227324,48.45870974214078,7705,161.04948976531512,2,2469.326368602736,2851.662903399181,,2,316828.0
3.2469861069278743,48.36504569347611,7705,110.6344680024406,1,2469.326368602736,2508.180133144544,,0,205188.0
2.8458005478376496,48.51644434190282,7705,133.1808992767827,3,2469.326368602736,2037.063348249238,,3,470765.0
2.5334139108908373,48.99133299145452,7700,190.91666959125692,6,2500.6482553342094,4668.941142208066,,0,551387.0
2.4398161575470967,48.32866454536992,7704,188.58628184061763,3,2507.681546343389,874.7798503786685,,1,514139.0
3.0244759502134,48.76652949221328,77017,134.52669565047944,3,2535.249063009944,669.9084091588452,,2,301654.0
2.61418135898196,48.57719983820439,7703,196.29753090955424,5,2494.7034077219337,2525.034522727715,,2,415220.0
2.5819516546876087,48.18008366638229,7706,85.41968249520527,5,2515.5912267881854,4762.210084031612,,2,186151.0
2.504947367166694,48.29501976435978,7705,235.3944922127076,4,2469.326368602736,4784.928360903414,,3,575789.0
2.179800891151205,48.96086971629916,77017,227.46674794092704,2,2535.249063009944,2886.475359310848,,1,690490.0
2.1459260657816857,48.55620513724483,77011,216.094079119122,2,2522.5267076694745,2913.256061038061,,3,605836.0
3.340584121024154,48.24439988988868,7702,165.60023442015404,5,2521.514844161584,706.6931602238423,,1,447910.0
2.840777868438062,48.26674461017547,77017,151.2735542195449,1,2535.249063009944,4350.551582642269,,0,304825.0
2.9631469756300373,48.73260048578369,7703,96.1766919775365,5,2494.7034077219337,3366.649752434387,,2,224378.0
2.432657181472269,48.42787869302174,7706,218.36309721877308,3,2515.5912267881854,3978.632879921157,,0,416594.0
2.298868931612472,48.04496144159155,77014,197.75115449683256,5,2531.1992319512387,3996.7217854329024,,2,609314.0
3.448772396749462,48.43873371011686,7706,209.36737355242525,5,2515.5912267881854,1385.4032471788878,,0,655673.0
3.3331287256254085,48.6925140127612,7709,109.12588009164672,4,2516.219162131406,730.5093338194097,,2,317394.0
2.2785996080077786,48.37250893155347,77011,144.1316459433101,4,2522.5267076694745,4255.573056150324,,3,211650.0
2.888613938305042,48.97161048316199,7708,202.57391811626303,3,2479.8146622631675,3163.025759574717,,2,376009.0
2.046100291792317,48.108240560738025,7701,103.40163044123145,5,2534.5676313664776,4058.619421629685,,2,291391.0
2.887054813846329,48.059495344840485,7708,137.48450030687644,2,2479.8146622631675,4664.59178808919,,3,306993.0
2.371690744635383,48.82777136072314,77013,140.47918975904855,2,2550.4876935530483,4083.516726391644,,1,534550.0
2.7045256474299286,48.386201456498405,77010,205.7193395688236,4,2535.7676266455924,1010.6709622445971,,0,480058.0
2.0756367436841163,48.34521308456622,77013,100.09454329342442,1,2550.4876935530483,717.2087942832652,,2,304445.0
2.212932921567614,48.68906436561088,7703,227.73887636933927,2,2494.7034077219337,4373.367282416338,,1,772022.0
3.451633815655083,48.8568739360751,7705,229.8580449014954,1,2469.326368602736,2481.45538265757,,2,371627.0
2.869896186028317,48.87165188123882,77017,214.81725565640096,6,2535.249063009944,1810.820627186712,,3,449127.0
2.222773269350629,48.73518418232436,77012,113.8978362256402,1,2528.438700180489,2716.68573219467,,0,246323.0
2.4765314041206525,48.671280577997656,7705,189.837064388408,3,2469.326368602736,1676.6006288032247,,0,345425.0
3.220653787417488,48.29669175706113,7706,106.42416828897774,4,2515.5912267881854,4326.017181751794,,2,323345.0
2.057288640809017,48.76704077755628,77013,148.30792811760625,4,2550.4876935530483,599.7548011614169,,3,458865.0
2.6810562095153427,48.87580929592457,7701,93.59509349535466,1,2534.5676313664776,2065.396262398227,,3,166788.0
2.4979281412444583,48.02015555236004,77012,122.82494942239433,5,2528.438700180489,604.5214315405444,,1,289263.0
3.414474176106704,48.61037605978169,7704,101.7737717101056,2,2507.681546343389,1100.9040492233723,,0,320829.0
3.129258006527175,48.15456346182048,7702,232.204243523076,3,2521.514844161584,4711.412982819104,,1,451106.0
3.279105118597897,48.64546842551817,7702,193.32984198751004,6,2521.514844161584,1185.218085525339,,2,311038.0
2.200158190020604,48.10149219195583,7701,210.7563275923782,3,2534.5676313664776,4075.733481654384,,1,669848.0
2.022638790551323,48.89087693539834,7703,219.899367066604,1,2494.7034077219337,3643.6175120323487,,1,841359.0
3.3365308681892927,48.23865302341842,77013,108.85651500842268,3,2550.4876935530483,2444.3057399001736,,1,353337.0
2.481478989505822,48.49779704361281,77016,132.0068259613875,3,2489.955719107417,1815.525679201117,,2,349948.0
2.1878036717460176,48.29985135411952,77018,157.65418071722414,2,2529.770777288311,3639.881493373394,,1,360145.0
2.4370920769972773,48.16296777611895,77010,94.56521109041532,4,2535.7676266455924,2963.039495542989,,2,315670.0
2.2655792054750283,48.75884792352055,77010,182.81467978653484,6,2535.7676266455924,1818.408742269947,,2,524092.0
3.3395489616477403,48.31997021058009,7706,231.1738869606144,5,2515.5912267881854,1072.395186118389,,1,876880.0
2.0385247742276,48.96848910485334,77017,135.2012113636018,5,2535.249063009944,3806.385575821884,,1,252532.0
3.2659031845590194,48.10779865603381,77011,134.27792087908858,4,2522.5267076694745,4133.939530018884,,2,405952.0
2.678549950721245,48.16051044064044,77017,153.206090352228,3,2535.249063009944,1696.907591807177,,0,383115.0
2.722523483682788,48.05583822087648,7700,122.33966040994612,1,2500.6482553342094,2590.82181890845,,0,301974.0
2.1881980836020904,48.065261737062656,77013,166.42837079031236,6,2550.4876935530483,2224.1750135507045,,0,594109.0
2.7390143134666194,48.39242041069832,77016,222.47272905782447,6,2489.955719107417,2698.782068091765,,0,748827.0
2.873411255397399,48.35664159877299,77018,137.2626263747568,1,2529.770777288311,3486.4237295547146,,1,488781.0
3.1958940839009577,48.794343876674,7706,223.16241651228185,5,2515.5912267881854,3462.765942606698,,0,615196.0
2.899656972455747,48.86151370722689,7707,111.47911268010944,6,2468.2970993678014,1410.143812360407,,3,275672.0
2.733402049523153,48.25509443319864,77010,110.72522316684125,5,2535.7676266455924,4320.777116135081,,0,346686.0
3.336991634012307,48.22943928530659,7707,136.53316755985685,3,2468.2970993678014,1066.992944853495,,2,333926.0
2.00268345530068,48.15499676557817,77017,116.72966501626324,5,2535.249063009944,2322.1846852755225,,1,304367.0
2.3887439287509618,48.44287722629946,7702,219.6421863140643,4,2521.514844161584,3742.192903589869,,3,411656.0
2.6106151690684705,48.6776815411177,7708,164.37200938534284,3,2479.8146622631675,3243.600775623056,,0,509491.0
3.352232987376864,48.91871979653919,77019,118.17652394601636,2,2509.836958318999,3645.964091244786,,3,228253.0
2.1715146519918145,48.17806991155351,7701,179.82922010769747,6,2534.5676313664776,3278.187676853543,,3,653097.0
2.17687479580428,48.34601110002281,7705,74.87486192603565,4,2469.326368602736,1805.162103595768,,1,183423.0
3.281316088571865,48.93387781889712,77015,69.61408228678503,3,2509.041371711664,2960.1812526761228,,0,254916.0
2.252030078289018,48.35479728965639,7700,103.77346148331898,3,2500.6482553342094,1801.5975626885067,,2,323391.0
2.243020816837377,48.84152966031005,77019,237.997650471704,1,2509.836958318999,640.324107775781,,3,592125.0
2.8035551862547905,48.14890489677265,7700,72.90115682386973,2,2500.6482553342094,2925.3682190341265,,0,215698.0
2.8823516065976564,48.89969317112216,7709,153.7472586234571,1,2516.219162131406,2733.89043351722,,2,237865.0
2.7672831164382545,48.34155418572578,7706,94.84457476474608,5,2515.5912267881854,3662.270266847615,,1,288592.0
3.196559860231065,48.11015363957963,7700,193.4941836900549,6,2500.6482553342094,3261.54819504603,,1,467770.0
3.306722957321913,48.63912768993839,7700,222.45946549519195,6,2500.6482553342094,1841.4337422486449,,2,655701.0
2.557566658690144,48.424455994705085,77017,237.56897925435285,1,2535.249063009944,650.4735043479668,,2,651279.0
2.705853068638013,48.5215211773858,7701,177.813362726053,6,2534.5676313664776,1638.678869226308,,1,440119.0
2.652249230478945,48.01464019436428,77014,109.42244736970426,5,2531.1992319512387,2517.5828106316912,,3,260048.0
3.3165482768666186,48.35896159583184,7707,120.73198070877416,5,2468.2970993678014,662.934284424493,,1,233021.0
3.0923225891159465,48.25744704551645,7704,195.56053741730244,4,2507.681546343389,3945.017578165452,,3,376470.0
2.9056251389738508,48.85603175896054,77019,233.2348436916924,3,2509.836958318999,4326.417315515688,,0,712035.0
3.3767405806357926,48.88384430418434,77010,147.86870588907956,1,2535.7676266455924,2873.199483941286,,0,403876.0
3.250021015599408,48.908074956114895,77019,178.2176005218837,4,2509.836958318999,3753.066512842234,,1,482978.0
3.1374636467634955,48.36598635848253,77016,225.01974993991288,5,2489.955719107417,1119.3602246551593,,1,813223.0
2.434227382795891,48.04040634231149,77019,76.81532371523593,5,2509.836958318999,2229.4769907888085,,3,216952.0
3.3507160453068074,48.77832684205067,7702,227.0219307780248,2,2521.514844161584,1116.6095756877885,,3,488129.0
2.0049019066431155,48.92519217520604,77018,231.4112883252835,3,2529.770777288311,4261.768757260323,,2,445950.0
2.473507952005453,48.82958433910346,77017,184.31477168447927,3,2535.249063009944,4705.375130566505,,2,548117.0
2.131634083654994,48.15572601192335,7701,157.63289826113328,2,2534.5676313664776,547.5520524849933,,0,386006.0
2.463240754513979,48.1272243192786,77010,156.24010052659378,1,2535.7676266455924,2825.517125087279,,1,446061.0
2.550963057355106,48.57857595296052,7706,128.0241643931772,2,2515.5912267881854,2438.7572888469786,,0,236470.0
2.664681818164633,48.75323564053843,77019,114.19455694378588,4,2509.836958318999,4097.672056935693,,2,188926.0
2.2069664530318,48.5777895645243,77018,225.88939701003844,5,2529.770777288311,3093.0541331424006,,2,617936.0
2.443450977645261,48.69234094391261,77018,138.98830086311077,2,2529.770777288311,1188.4810400517852,,2,300874.0
3.1129930866892583,48.05227910326876,77012,197.3260484420512,2,2528.438700180489,4753.881681132365,,3,526563.0
3.0605261506917367,48.121462262098056,77016,65.59407780151798,3,2489.955719107417,3890.2344080702414,,3,159994.0
3.139019622721509,48.12007023379926,77017,99.47749489347146,1,2535.249063009944,1116.8127848371046,,3,382447.0
3.1966434453125463,48.91725448328538,77014,65.71658716692723,4,2531.1992319512387,1414.5610829657817,,2,194373.0
2.84265752215094,48.21748839167669,7705,220.4958780688908,6,2469.326368602736,2768.1571614903737,,3,404062.0
2.623998153519029,48.00030177701721,7704,100.85564148547644,3,2507.681546343389,3467.777550057457,,1,251630.0
2.1997701441664974,48.45865940333941,77011,210.46343992440453,4,2522.5267076694745,4349.491741829254,,0,650771.0
3.22854803125456,48.57276790287756,7709,145.39298730852863,6,2516.219162131406,1069.365543420101,,0,347901.0
2.3693000791733065,48.470698655492896,7707,155.0521499445949,5,2468.2970993678014,679.3923181461412,,3,425223.0
2.386973986267745,48.51048903502736,77014,187.428099928288,6,2531.1992319512387,3245.2752970823785,,3,530624.0
2.326582600548201,48.59308491491579,7709,115.520296731453,5,2516.219162131406,4297.662647909995,,2,231590.0
3.1435776072874377,48.91869955136964,7704,149.41255745288072,3,2507.681546343389,1153.8428816947098,,1,367777.0
2.7997495118016773,48.436599434308185,77013,235.2318528089146,1,2550.4876935530483,871.0262901808312,,0,680994.0
2.610010632316888,48.0008292356949,77011,219.9718421012793,6,2522.5267076694745,1272.1938914613102,,3,814730.0
2.4312638000710325,48.219748327675205,7708,149.2226020090995,5,2479.8146622631675,2375.817529964659,,3,460382.0
3.1932655575446045,48.91867779699351,7707,224.27567883145696,1,2468.2970993678014,3958.337140357061,,1,721931.0
3.405824260766644,48.185211170562894,77019,172.9402367979821,3,2509.836958318999,4279.008037743562,,1,276312.0
2.705721248091987,48.63174592927639,7708,232.24951587330108,6,2479.8146622631675,4152.1948724185,,0,435899.0
2.290028407161877,48.24742619682642,7706,109.46286414588944,6,2515.5912267881854,1061.3399348945834,,1,235503.0
2.142413951447584,48.08781669661198,7708,60.94834370178654,4,2479.8146622631675,4262.039835366487,,1,217688.0
3.109429788675952,48.12894669171799,7702,109.46620110537124,5,2521.514844161584,2906.719590380482,,0,210297.0
2.149242971632376,48.64952345217962,7702,194.0283104994335,3,2521.514844161584,2834.2283929714504,,3,371560.0
3.324453064124816,48.71003646635417,7703,70.45102720196454,2,2494.7034077219337,974.8204721940064,,2,244755.0
2.4918865427147936,48.682637639063564,77012,97.26118134789198,3,2528.438700180489,724.9260487600391,,1,196408.0
2.986405563281453,48.70733690232945,7700,142.5856316939533,3,2500.6482553342094,1905.5758338541173,,1,303315.0
2.410497854712841,48.19915350725387,77012,91.92029553150202,1,2528.438700180489,2490.9018503272264,,3,329776.0
2.110536878555652,48.94142559483527,7703,199.1812375671948,2,2494.7034077219337,3183.618911987156,,0,292222.0
2.61151568512068,48.82915539104132,77014,145.23525628502205,5,2531.1992319512387,4428.649680016088,,1,270479.0
3.300412739118768,48.14253813747764,77010,154.25425665744453,5,2535.7676266455924,3753.736969202625,,2,425105.0
2.628850850214115,48.484054305174176,77017,149.51283024121165,2,2535.249063009944,2801.634640676736,,3,398133.0
2.027643278707719,48.14492333507414,77013,202.244965814637,5,2550.4876935530483,2341.921659224135,,2,446290.0
3.310797626787826,48.68836932526708,7700,201.069223716584,5,2500.6482553342094,4287.553144781765,,3,514013.0
2.4401854644208165,48.03090602582048,77014,102.54252063567372,6,2531.1992319512387,2218.1755463273744,,0,288741.0
3.0194171477021023,48.84375677298805,7709,195.11930066548243,6,2516.219162131406,2226.897987183911,,2,550819.0
3.206389923664042,48.14911400424098,77013,89.95893998808553,4,2550.4876935530483,3898.973108808325,,1,210661.0
2.3708021972865025,48.76739538443893,77018,216.35766167982072,2,2529.770777288311,2239.711714643263,,1,345747.0
2.6798925250725847,48.684328650455264,77012,188.6949507554881,3,2528.438700180489,609.9209732328495,,1,613384.0
2.92308030196998,48.96670518758769,7702,214.5750110457256,4,2521.514844161584,4739.110498160261,,3,764596.0
3.047764823601965,48.14504327166919,77018,154.73864802059387,5,2529.770777288311,3238.209889536276,,2,426736.0
2.271579094898033,48.777273122043376,77015,118.33570780995744,5,2509.041371711664,1392.870002733789,,1,309262.0
3.3273962547834586,48.82904067532844,77015,69.48647396299191,3,2509.041371711664,3830.238785767747,,0,203237.0
2.5960733296108023,48.13116134094537,7702,148.03368996758775,6,2521.514844161584,2145.1135737104128,,0,286850.0
3.2743448566949227,48.22465234070419,7707,158.7513843212662,1,2468.2970993678014,3582.595232211624,,3,427772.0
2.117042996428352,48.57595379880295,7706,106.23735878447364,6,2515.5912267881854,705.5408235485894,,1,205245.0
2.133001373066502,48.83447947463813,7700,186.0918736996721,5,2500.6482553342094,2402.74068482001,,2,568221.0
2.4439360598007145,48.5672757698572,77013,202.98007840884705,6,2550.4876935530483,1238.9847405811606,,3,373239.0
2.3318306107767697,48.81369771455991,77019,126.03890513749351,5,2509.836958318999,3998.8628447903175,,1,415282.0
2.2778781003992163,48.87050050022531,77019,221.9198581292892,5,2509.836958318999,4239.211418341294,,2,364850.0
3.467792518254329,48.64476864849557,77010,190.59381345564944,3,2535.7676266455924,3691.332731764321,,1,468930.0
2.968540802575877,48.99660091205491,77012,212.1876076529132,3,2528.438700180489,3386.2113994107635,,0,496275.0
3.430947698491506,48.50699102790679,7706,152.86472578962278,1,2515.5912267881854,4012.874122913812,,0,301315.0
2.8233716798723147,48.3072852273357,7704,194.0065134409822,6,2507.681546343389,4402.754041209822,,0,486223.0
3.321472085162762,48.98886524896345,77017,166.67455452022298,4,2535.249063009944,3234.286574529353,,0,618626.0
3.3118310255643806,48.865958469341344,77011,169.31888165975948,3,2522.5267076694745,1786.3427967348616,,3,537123.0
2.7352131633338925,48.95127384597183,7705,224.0038881434648,6,2469.326368602736,4038.385191236929,,1,540474.0
2.338584763698669,48.42842988871884,7707,219.0796115748192,2,2468.2970993678014,2775.848609424045,,2,598137.0
3.0352293495640685,48.47379677003016,7701,190.27851543047444,1,2534.5676313664776,3716.029922668237,,1,515974.0
3.105424290914469,48.44388031824091,7709,80.61934185842996,2,2516.219162131406,598.0754814785895,,1,247897.0
3.4073472405238867,48.48046276319914,7705,87.60649248885264,3,2469.326368602736,2585.4580921605366,,0,208982.0
2.495555709903223,48.26971840409591,7702,179.94771769236007,3,2521.514844161584,3663.717780514449,,1,482407.0
2.764798559136402,48.76784142305563,7700,143.64366193923476,3,2500.6482553342094,2409.794500765186,,2,463690.0
2.185591062271029,48.426654519533166,7703,172.7108197397907,4,2494.7034077219337,2757.916280158483,,3,322859.0
2.3178352335706034,48.05057868516674,7706,178.5944905757517,5,2515.5912267881854,3274.460101172604,,2,448849.0
2.893182847596553,48.56263222824095,77013,123.27788840487328,5,2550.4876935530483,3025.3279672456583,,2,280453.0
2.59701610218152,48.8419115452601,7705,67.13974368066988,2,2469.326368602736,3131.5189793797063,,0,183848.0
2.639818864492015,48.47405281867835,77015,209.3585524540397,1,2509.041371711664,4274.354772785788,,1,378721.0
2.1665920098951763,48.748517697300514,77015,65.50681247567,3,2509.041371711664,3010.1222408154663,,2,172188.0
2.0137084257574496,48.90873075390812,7704,79.26449482468254,6,2507.681546343389,2927.555716940838,,1,230504.0
2.431979518090868,48.11350053237437,77014,106.7598212907495,1,2531.1992319512387,2150.660063771388,,3,224898.0
2.85111190295528,48.17380148894523,7706,180.3380032748881,4,2515.5912267881854,1009.7108742151506,,0,331315.0
3.495688153410133,48.867184439584,7701,169.4643805998495,4,2534.5676313664776,1433.1585478549289,,1,533486.0
2.552068603074033,48.2839411782981,7706,219.650655072078,3,2515.5912267881854,3296.420201668188,,2,799775.0
2.48366724769757,48.757355770705054,77012,101.86147969888523,3,2528.438700180489,3981.253852391768,,0,242273.0
2.254675991208138,48.597475019359365,7701,137.7203595715411,6,2534.5676313664776,2346.164618857731,,0,325312.0
3.104115660444551,48.29587926530254,77015,191.44812420230733,6,2509.041371711664,1087.1885660102837,,0,432463.0
3.333085028221668,48.47739628756214,7703,171.21283784307423,6,2494.7034077219337,1097.08441875771,,0,505965.0
2.5312400767500254,48.54972084603281,77013,189.46923378644172,5,2550.4876935530483,745.5905453339321,,0,319059.0
2.328154550354837,48.55814743458539,77014,63.12602235571666,1,2531.1992319512387,2880.645788465959,,3,207279.0
2.118210047068111,48.349018712542446,77013,85.58519605859519,2,2550.4876935530483,4190.288537945169,,1,316408.0
2.518012928367332,48.33561045426984,7708,221.5896068045592,4,2479.8146622631675,733.5288478328489,,0,375915.0
2.9883117129621075,48.74041673731338,7708,134.0764925977615,3,2479.8146622631675,3390.3069758218694,,1,441714.0
2.872215440993295,48.03485107011703,77017,94.70891896619936,5,2535.249063009944,4655.154741071723,,0,251430.0
2.510724227971631,48.96414320267783,77012,192.8028225309171,4,2528.438700180489,3607.4965183078216,,2,311820.0
3.2258603637664587,48.88798144942852,7703,106.7649112264628,3,2494.7034077219337,1314.1886663394027,,1,208340.0
2.6070246762726343,48.63197275590572,77012,103.92096868427444,6,2528.438700180489,1501.7133314595285,,3,254608.0
2.8987591001903863,48.9365495688425,7709,236.7003293377653,2,2516.219162131406,2299.34302854038,,2,764348.0
2.2157601665866515,48.6889109007064,7705,84.62974278999108,3,2469.326368602736,3760.630631354322,,0,187135.0
3.232356086900431,48.20861577898137,77013,123.2105001137772,2,2550.4876935530483,2921.1227837220963,,1,290654.0
3.353028949234315,48.94414780042448,7703,202.24467686667944,4,2494.7034077219337,4399.240564992216,,1,528553.0
3.2184440831352217,48.16202241636444,7706,177.8060054588646,3,2515.5912267881854,564.027006781247,,1,287851.0
3.425790406823068,48.070078656272216,77017,127.37237211094372,3,2535.249063009944,2933.376912734187,,3,247332.0
3.2549819023539537,48.209199050109085,7706,71.99772854262199,3,2515.5912267881854,1044.766372162282,,1,169930.0
3.0944976464256824,48.05558846678879,77013,134.7303918711482,5,2550.4876935530483,1286.3107161963776,,0,412163.0
2.325335820496208,48.5571837143305,7707,187.2337132376859,1,2468.2970993678014,978.9517341486568,,1,494914.0
3.042030831098199,48.44263600525188,7700,186.60707160339965,6,2500.6482553342094,3667.184654554229,,1,589973.0
3.261585404046132,48.73032842172607,7702,176.9080315344642,1,2521.514844161584,1945.4733450336305,,1,309271.0
2.5026607886824173,48.05621693362448,7700,168.37331660583789,3,2500.6482553342094,1593.8913630236,,3,327864.0
3.4490321886953126,48.13063438155736,77016,194.13720054965552,1,2489.955719107417,1571.9424596402723,,2,329194.0
2.9356155891313938,48.13402489431899,7708,177.09524218728748,1,2479.8146622631675,1890.1297527969475,,0,555818.0
3.467198925005394,48.39784861245919,7703,81.5890815099856,3,2494.7034077219337,3899.961286346975,,1,249906.0
2.727408545874145,48.468942843440814,7701,84.32305238865291,2,2534.5676313664776,2506.6578197810422,,1,300263.0
2.4907714793789406,48.38862229016771,77015,165.04040579289426,6,2509.041371711664,1855.7567853627,,1,283821.0
2.355504073609448,48.06298255254809,7703,231.832244285328,4,2494.7034077219337,2095.7770008603325,,0,609429.0
2.912154602324152,48.80865831517668,7707,102.43865980384554,5,2468.2970993678014,3746.289722845156,,1,211811.0
2.4573742964805865,48.28959018442373,77010,172.92501137211448,5,2535.7676266455924,2047.5590569544304,,0,389857.0
3.1204021814088345,48.98403652487441,7709,190.4658137873976,3,2516.219162131406,3654.189420923244,,3,415317.0
3.1175850669871323,48.78789841923993,7702,62.657408755898444,2,2521.514844161584,3566.2440677591458,,0,201162.0
2.371236899564749,48.15614716626013,77012,150.02942473150495,2,2528.438700180489,4234.659569005136,,2,545302.0
2.2811096144235665,48.51851349783747,7709,231.1739442647776,5,2516.219162131406,3985.9963729644887,,2,653137.0
3.338851095373005,48.88925840431064,7700,197.18875390451063,1,2500.6482553342094,2614.9767335769834,,2,446964.0
3.050519211713966,48.04984701383554,7702,146.99742580345165,5,2521.514844161584,1508.8000346824306,,1,443440.0
2.1972784758450894,48.02327787263,77014,117.50291875112374,1,2531.1992319512387,2240.6985935909624,,3,223749.0
2.7475667088116644,48.11160811488251,77013,120.92713000267716,6,2550.4876935530483,4495.397611603919,,0,493621.0
2.1394177020051903,48.95214695470639,7706,89.56131393558513,6,2515.5912267881854,1682.3359531166182,,2,180996.0
2.0491646865304087,48.00904765393035,7707,145.56745177949298,3,2468.2970993678014,2709.297251767622,,0,323012.0
2.805865910248256,48.77939295213013,77016,151.68840604802176,2,2489.955719107417,2461.3814218257885,,2,406980.0
2.5179521737152823,48.92253336219967,7703,205.19276526697428,4,2494.7034077219337,3623.352314741605,,3,746405.0
3.081001801190209,48.04855042720887,7705,107.98660354120985,2,2469.326368602736,1632.1953639417134,,3,223651.0
2.159384437370829,48.49168856216533,7703,195.039674364948,6,2494.7034077219337,4117.897570196536,,1,558465.0
3.021358651830102,48.43553839738343,7704,161.19558567945802,5,2507.681546343389,2588.6224415575416,,3,509753.0
3.404233764825933,48.29625996481471,7709,232.60459990457545,6,2516.219162131406,2935.3845230958063,,3,446137.0
3.133402147980211,48.001966382629135,7706,172.69693535574012,3,2515.5912267881854,3838.3275660405047,,3,491760.0
2.65095620525595,48.61872831727536,7700,89.11447909764941,5,2500.6482553342094,3319.800655179549,,0,284992.0
2.804929791707196,48.20293782437028,77014,174.96714196237446,1,2531.1992319512387,1537.318395381511,,3,527076.0
2.8851746335167063,48.298041698346914,7701,174.02669181055109,3,2534.5676313664776,2792.6723202976154,,3,461226.0
2.1919421924027387,48.81946675149442,7702,85.6827320760585,4,2521.514844161584,2537.29942581036,,0,201331.0
2.433821902210884,48.80391582047501,77015,135.44295209826066,2,2509.041371711664,1427.142283889733,,1,270176.0
2.48834489364758,48.42328853414628,77012,112.4013379801805,4,2528.438700180489,4439.499852124789,,3,359263.0
2.247468588610215,48.462278045246805,7701,121.85254682597626,4,2534.5676313664776,4184.397453339901,,3,431497.0
2.0210097523589248,48.84356593108353,7707,228.8145342244136,1,2468.2970993678014,4710.7154571284,,2,519943.0
2.159917561868476,48.471943008987445,7701,104.38614057903632,4,2534.5676313664776,4608.30073382589,,2,320502.0
3.18385282795424,48.97385816574458,77014,174.48646110207915,3,2531.1992319512387,1315.0357736272254,,2,418323.0
2.49506529394209,48.52852516796695,7700,157.1418423395492,4,2500.6482553342094,4682.194829828428,,2,587966.0
2.3695000566685755,48.03152967191285,77018,138.58395697343735,6,2529.770777288311,506.98907926009,,2,428837.0
3.4374724363046494,48.90940648754223,77015,152.21561344467946,2,2509.041371711664,2298.5442924065464,,1,491356.0
2.574000864176722,48.92302674717479,7703,176.67151100302414,1,2494.7034077219337,545.9284883154576,,3,499839.0
2.6746466616880213,48.3338818185008,7707,196.0671484041145,5,2468.2970993678014,1600.030637158231,,2,552274.0
2.4294560472838667,48.49155126975747,7700,89.2673282690725,2,2500.6482553342094,1133.6249239917695,,0,280523.0
3.13909263769545,48.55286681953688,77016,110.22921409030693,2,2489.955719107417,4434.749056685549,,1,180333.0
2.1152911690675844,48.10627021413578,77017,145.97969760231658,4,2535.249063009944,3246.74231219136,,0,389686.0
3.1186006740968484,48.20248056016524,77011,208.92043905222548,2,2522.5267076694745,3924.4584201264224,,2,457115.0
3.363122790182172,48.82925873518976,7706,213.3190577308364,1,2515.5912267881854,2547.4914299530333,,0,693186.0
2.8512922387120945,48.44600833655876,7708,78.21269813911795,4,2479.8146622631675,4745.07401969808,,0,232296.0
3.4003020948588976,48.97818796743387,7705,80.04819684894562,4,2469.326368602736,1594.467239726569,,3,268005.0
3.4296434144361587,48.44010507671074,77016,87.05408406748424,5,2489.955719107417,2668.526225369281,,3,186124.0
2.6016608898030658,48.33740674031997,7702,189.9894579531136,6,2521.514844161584,3663.7853353285054,,2,456866.0
3.175213073736421,48.31455940921291,77018,207.99592600503928,2,2529.770777288311,3432.469568004566,,0,630661.0
2.935955088676292,48.831799913386185,77017,92.68538420891248,6,2535.249063009944,4555.989328912337,,1,279370.0
2.62106024197086,48.398409784546665,77015,155.54137365862815,3,2509.041371711664,3815.0781018502144,,0,381819.0
2.0744204092906315,48.14616414729596,7708,79.2555749159203,3,2479.8146622631675,1278.9484605738717,,0,228077.0
2.9672045559622733,48.23062642862215,77016,192.6246950443054,2,2489.955719107417,2875.713136370897,,2,635378.0
3.173989146757733,48.97854737540758,77014,169.69467145133729,6,2531.1992319512387,3191.564942279813,,2,377582.0
3.36650563537975,48.25415788796357,77017,130.46759833290088,5,2535.249063009944,3920.328043750602,,1,321618.0
3.425641901703453,48.5885371688556,77016,173.06586590072416,5,2489.955719107417,1867.8803345266629,,1,543380.0
3.3750921177357527,48.450920530457374,77011,115.31921914111057,5,2522.5267076694745,4003.776953910683,,0,242690.0
2.3534416344283247,48.20807169819132,7700,200.34372610302384,6,2500.6482553342094,778.2012344315381,,0,342533.0
2.9730510823146306,48.904512108140345,7707,207.82166847247404,1,2468.2970993678014,1233.727559167026,,2,432820.0
2.9528887079703905,48.62416245590788,77017,146.0372828932708,4,2535.249063009944,4120.2854495745205,,2,324267.0
2.331480430468914,48.18731471585848,77010,127.97418410249207,2,2535.7676266455924,782.4387184233985,,1,291840.0
3.251185753043359,48.99294258238668,7705,97.84610026398748,1,2469.326368602736,3499.631321593764,,3,275628.0
2.232290749145805,48.33595705704945,7703,205.7200676790152,1,2494.7034077219337,4224.443972118223,,2,404614.0
3.350783770062584,48.00227825109093,7707,234.94296788790825,6,2468.2970993678014,1382.203233856826,,2,549857.0
2.4077910900888737,48.16970523915524,77018,151.00884739146898,3,2529.770777288311,578.4374547592066,,2,249574.0
2.221791640439945,48.28749282420837,7709,237.1496345626192,3,2516.219162131406,2204.6887340766616,,2,415885.0
2.1751294507370127,48.4153934299688,77017,199.4341569588566,6,2535.249063009944,4257.634825700811,,3,298889.0
2.693401924453612,48.365804048217086,7702,162.35083709136688,2,2521.514844161584,4322.039324430591,,0,281131.0
3.0090662650262354,48.32072172546378,77018,167.50762120950608,6,2529.770777288311,3955.676538724979,,1,254468.0
2.7295414066734747,48.937676217364285,77010,187.82088593095224,3,2535.7676266455924,4113.796842113543,,3,426423.0
3.256167498456176,48.942965328628894,77019,115.25727576431385,5,2509.836958318999,2646.793722522641,,3,331798.0
3.2851989330219777,48.82925370299448,77017,70.39626433028147,1,2535.249063009944,4290.789239041683,,1,163930.0
3.260857327569765,48.83990833201607,7706,140.3326597652755,3,2515.5912267881854,4057.823027223847,,0,244381.0
2.973829450312458,48.61158867786373,77014,195.10003229036167,6,2531.1992319512387,2104.5247699328847,,1,409598.0
3.3909683803597,48.40318603159153,7707,239.0486814323264,2,2468.2970993678014,2215.81514952334,,2,516988.0
2.7627504310409714,48.447842115445006,7709,77.45014495894782,3,2516.219162131406,1474.1539556983548,,3,161900.0
3.032639078481401,48.3970472998604,77019,176.46866636749766,3,2509.836958318999,1133.9897428583995,,0,538145.0
3.375765706164038,48.00137032398583,77017,131.2674651834614,2,2535.249063009944,1074.6553857491865,,2,199597.0
2.127273927946936,48.07945961408972,7705,141.66491357555893,4,2469.326368602736,4709.532482515085,,2,293631.0
2.1546689856663166,48.149078872106415,77012,92.1077733454737,5,2528.438700180489,3385.2255399156898,,1,165024.0
2.0903305466678543,48.08148997730928,77017,223.21880264426463,4,2535.249063009944,845.2731736769265,,2,786016.0
3.20543685923067,48.88645319435568,77019,122.62425507679892,6,2509.836958318999,1744.630030658103,,3,434795.0
2.18452487897507,48.929306859275,77017,182.2878362445405,1,2535.249063009944,3408.859074421363,,2,331223.0
3.009594555501179,48.67918201963366,7700,199.61771203746875,2,2500.6482553342094,2898.3555865162875,,2,623351.0
3.137670923060295,48.19837887071429,77011,196.4450568492588,2,2522.5267076694745,2211.432539685878,,1,569134.0
2.030834426192453,48.4384132571662,77016,234.5096889901316,4,2489.955719107417,694.1408278700968,,2,663735.0
2.3786636945419515,48.57651579048864,7707,195.38298173526945,1,2468.2970993678014,2155.5631637882407,,3,618360.0
3.285018748300669,48.875931817820906,77011,114.4046070240017,6,2522.5267076694745,3603.5374564374056,,1,238678.0
3.1479744492880792,48.92940348384916,7708,112.3576874987439,2,2479.8146622631675,1994.7763492777965,,0,328182.0
2.111827827305348,48.48289145599428,77015,159.80167456874847,1,2509.041371711664,1332.602496444916,,1,468039.0
2.095672983993592,48.10474709689608,7702,74.47486905556119,6,2521.514844161584,1381.0542597084466,,1,168182.0
3.181467776346886,48.19303472511252,77019,155.44041298757298,6,2509.836958318999,879.219945850492,,3,280927.0
3.466950861579866,48.06798446321563,77013,227.82750610940545,4,2550.4876935530483,1157.046651998034,,0,785502.0
2.4241959243958298,48.40279494071455,77019,176.0604810793704,4,2509.836958318999,2021.5072762181464,,0,291896.0
2.4137400217294416,48.64223998302772,7707,207.0868678643064,6,2468.2970993678014,2666.119362123423,,3,612043.0
2.232686353619058,48.76432898191258,77019,240.01064107804007,3,2509.836958318999,3239.422340138204,,3,585205.0
3.1888281978944577,48.528833716017616,7705,218.24267421665368,3,2469.326368602736,2388.757327966952,,1,381681.0
2.986933759725561,48.2771189593536,77017,203.8155227403876,1,2535.249063009944,1950.1642498999763,,2,654799.0
2.2152189046184123,48.883183490352735,77019,217.71388865905968,1,2509.836958318999,1269.067078294376,,1,409844.0
2.222613580629445,48.43450619761584,77014,101.085086797493,3,2531.1992319512387,2262.619084960565,,2,347427.0
2.718605094655027,48.018000088945215,77013,163.86316183567982,6,2550.4876935530483,2211.8024703668434,,0,424624.0
3.3674273082551425,48.502162010763655,77010,136.16059477416098,6,2535.7676266455924,2778.6638194349403,,0,214285.0
2.3706456316146407,48.36324201730559,7701,149.6686397799729,3,2534.5676313664776,603.5032470138414,,2,328018.0
3.1651612978262005,48.19767679206788,77012,217.28633941414665,2,2528.438700180489,2451.433520685493,,1,396756.0
2.633469019237652,48.13844003523404,77013,110.06911986552532,6,2550.4876935530483,1500.8242728634063,,2,232034.0
2.1409872278198976,48.16345453720757,7700,179.4131926810487,4,2500.6482553342094,1178.799132101664,,2,445075.0
3.365157891397275,48.81756417149429,77017,134.72264438140334,5,2535.249063009944,1003.8880012344888,,0,447546.0
3.027744683211351,48.9638925227076,7701,170.1590333334475,5,2534.5676313664776,2122.6678269638287,,2,540247.0
3.3703675506314674,48.360174423174605,77011,160.750392109329,1,2522.5267076694745,4324.845414669277,,3,341712.0
2.5240804985739995,48.46823182844138,77018,155.41705196293609,1,2529.770777288311,3874.8221167963,,0,492679.0
2.904908153071947,48.997712223856496,7704,69.36283322610458,3,2507.681546343389,1721.6288702614945,,0,221815.0
2.8633876248125003,48.89446797161639,7706,193.9042652964326,2,2515.5912267881854,4346.257101432306,,2,465423.0
3.309950621670972,48.93271354745156,77016,114.6945617815272,2,2489.955719107417,3852.492974594333,,3,380727.0
3.098136860334094,48.89545577823496,77018,174.339561237352,6,2529.770777288311,642.9190493321591,,1,467202.0
3.160682763617075,48.39570214483403,7700,184.88051190495293,2,2500.6482553342094,1634.5353384657055,,2,352687.0
2.859922628014638,48.38204517755301,7707,127.25941356144536,6,2468.2970993678014,1595.2239550531967,,1,473508.0
2.6063012359904416,48.01544510755547,77016,107.650080050061,4,2489.955719107417,2572.8699723369223,,0,329576.0
2.0537516281049446,48.57586551908973,77010,170.82023803501255,5,2535.7676266455924,2370.221564504105,,2,395202.0
2.083471043696936,48.60054072504359,77019,137.25282350555045,4,2509.836958318999,4106.9870213391805,,0,377027.0
2.672662811316707,48.86027510329282,77014,98.09287873751926,4,2531.1992319512387,1130.334738265768,,0,324124.0
3.0348729074717795,48.00858236608412,7701,71.64262350786095,4,2534.5676313664776,4744.756094688504,,1,202528.0
3.3117012939068524,48.77908609624748,77013,147.08299149059667,3,2550.4876935530483,4767.105258108751,,0,362249.0
2.456219550990662,48.805882310947815,77010,210.02230705757333,1,2535.7676266455924,4784.916163155664,,2,609781.0
3.1956152098441346,48.68167564835908,77014,178.1262651887301,4,2531.1992319512387,4556.590592651182,,3,404893.0
2.984087110700597,48.738329342287706,77017,190.2202390414156,5,2535.249063009944,2616.0959633767848,,0,349803.0
2.89635431382,48.77825916499614,77017,231.55442478303507,1,2535.249063009944,2170.8411751994927,,2,475105.0
2.852541773653662,48.6824504201904,77015,183.1724446411376,3,2509.041371711664,4446.7111607348725,,2,562274.0
2.405345608315907,48.60730145957449,7707,188.90731080762168,2,2468.2970993678014,1247.2971616260547,,1,546005.0
3.4748234326805894,48.05358595516627,77019,172.2092663799478,3,2509.836958318999,2955.016305598671,,0,301040.0
2.4247027473602745,48.24213833286319,77014,180.8230635836736,1,2531.1992319512387,1027.2023740386649,,3,648672.0
2.727186640588689,48.28350146459481,7709,206.75892705259693,2,2516.219162131406,2692.971072315906,,2,451090.0
2.1835028696747427,48.73559526881884,77013,100.48204955320828,6,2550.4876935530483,4145.413308587178,,3,263718.0
2.028694542416762,48.12999949390077,7702,73.95926879881775,1,2521.514844161584,762.5738518131719,,1,171393.0
2.3630402873543344,48.99014604024852,7706,93.08623359651553,4,2515.5912267881854,4642.780912612005,,1,351791.0
3.3222287293833657,48.41591365429751,7709,184.30369581997613,6,2516.219162131406,3488.4530201655093,,3,578285.0
3.2990610568811016,48.071252297447614,7708,206.76260760816848,4,2479.8146622631675,1514.2599718244487,,0,657646.0
2.65138751633536,48.523103504726606,77014,164.37187711228427,1,2531.1992319512387,3126.076148937282,,1,403344.0
2.9326928146942937,48.4553216917229,7707,127.82596290576356,5,2468.2970993678014,4422.524821760698,,3,451069.0
2.273604973398336,48.00035308926482,7700,64.38253809753037,5,2500.6482553342094,1002.580478599882,,0,227582.0
3.020793529794501,48.135258787566144,77011,186.6862699662628,5,2522.5267076694745,4306.356803594308,,0,580523.0
2.501987786335396,48.9168897562439,77016,131.102434887903,5,2489.955719107417,2986.9235615461093,,3,422693.0
3.370575715773008,48.79046826096008,7703,225.3581330145446,6,2494.7034077219337,2441.8990922844705,,1,671240.0
2.5748710474804213,48.41159174679079,7709,208.9091719923925,5,2516.219162131406,2953.105352045812,,1,576288.0
3.492546837509053,48.02551354886477,77016,207.685001743642,3,2489.955719107417,4671.096790453562,,3,725384.0
2.587497404412204,48.74117597430682,77010,106.05674292418364,4,2535.7676266455924,1722.385272051121,,2,188231.0
2.437656892982536,48.199085324143496,7707,112.48473383073168,6,2468.2970993678014,2688.075937452543,,0,257422.0
2.610865455041808,48.46811588714189,7702,206.2804776174736,2,2521.514844161584,994.016757793185,,2,532141.0
2.7886422305869294,48.30524207444319,77011,157.3946113993103,2,2522.5267076694745,4762.218473222634,,3,617131.0
2.054859001444819,48.94272280825837,77016,102.36651815080036,2,2489.955719107417,4578.145016891322,,1,204022.0
2.806109210506732,48.89820170617602,77010,112.395235679162,3,2535.7676266455924,2180.016175410062,,3,277610.0
2.7251755417609096,48.958095283586914,77019,133.90020729632957,2,2509.836958318999,1048.6243870310946,,3,498040.0
3.273472241102122,48.3666071970126,77016,100.92799061220175,1,2489.955719107417,4461.558133142287,,0,222039.0
3.463763338804794,48.97188273671521,77017,124.98460920584137,3,2535.249063009944,3914.746044477865,,3,335216.0
2.067490719487284,48.30176621836639,7708,83.6700351064784,5,2479.8146622631675,2088.4945742495734,,2,246514.0
2.518339336806368,48.23529412941036,77019,193.09887326963428,1,2509.836958318999,2142.590650089908,,0,533334.0
2.820671952838277,48.83529908279248,7700,109.11867531149632,3,2500.6482553342094,3716.714055606249,,1,346199.0
2.404634682335036,48.651998479423234,7706,132.76637766703243,4,2515.5912267881854,1397.042778704867,,1,400833.0
3.3649946152439,48.74382505561791,7706,132.20396612524536,6,2515.5912267881854,4226.242713480671,,1,293282.0
2.420936837499099,48.60092476869012,7703,73.99774635515638,1,2494.7034077219337,4044.658937486328,,1,287331.0
3.383611498607665,48.653900643527365,7707,188.6630852846438,2,2468.2970993678014,3429.887082536074,,3,311932.0
2.8025530182949607,48.40156534369853,7704,197.16676990928053,3,2507.681546343389,2504.44185661886,,3,548917.0
3.296310200155008,48.09772628533572,77016,179.06572593513283,6,2489.955719107417,3833.69261025407,,0,454588.0
2.855462606134482,48.773348806195386,77016,99.79270870647596,3,2489.955719107417,4265.214537781868,,2,312024.0
2.399028917008071,48.14923777795018,77019,110.51171596431956,6,2509.836958318999,3407.405555581286,,2,233379.0
2.754698663969707,48.95500075750255,7708,167.67925098945744,1,2479.8146622631675,2452.249243336876,,1,467264.0
2.632111034984042,48.04126449439563,7703,90.28853393516236,5,2494.7034077219337,2364.0462482160483,,0,258299.0
3.3250292903836414,48.05379618625601,7700,129.28545510042096,4,2500.6482553342094,1366.3366750083082,,3,385734.0
3.0378534711254312,48.71120716073402,77016,154.50816210337098,1,2489.955719107417,2748.6077129875416,,1,261483.0
3.0322624009894747,48.38761026019584,77016,143.9632373304383,5,2489.955719107417,2602.154937213074,,1,434442.0
3.3924909755372306,48.99475121902894,7706,172.58020896550528,4,2515.5912267881854,3616.929299568181,,3,408812.0
2.782826492236915,48.06797329981941,77018,139.80209081617596,6,2529.770777288311,3102.61893402443,,3,335885.0
2.4597310696548567,48.39522992545673,7708,82.24674675394365,6,2479.8146622631675,3700.4503253370326,,3,315836.0
2.202338902647207,48.706378565415534,7704,155.8193071018224,3,2507.681546343389,4324.403344886032,,1,386532.0
2.2448222782247167,48.79791468656578,7706,145.07128678537856,6,2515.5912267881854,3937.731863965848,,1,271054.0
2.9204832049080247,48.25502880341221,7709,60.839179895076704,4,2516.219162131406,3529.533297014223,,1,186773.0
2.67604351876707,48.56739584117921,7700,168.35597304240778,3,2500.6482553342094,1138.596937873083,,0,550125.0
2.166645813268986,48.24383909969594,7708,192.9980685649101,4,2479.8146622631675,1034.9199751918832,,0,338477.0
3.39203912481888,48.88652377966018,7707,69.35092382159,6,2468.2970993678014,3981.832670793716,,3,240753.0
2.6734122976958394,48.324296672337184,77010,215.3198647694264,3,2535.7676266455924,4137.77369114417,,2,394412.0
2.022488908526388,48.87718992334214,7707,233.66908824102504,2,2468.2970993678014,3462.635008624008,,3,627036.0
2.452173538409466,48.510683984115325,7707,86.22277504037659,6,2468.2970993678014,695.8493988048933,,1,216950.0
2.517148568719775,48.25985148554842,7707,102.546458382468,2,2468.2970993678014,3325.3905377332844,,3,189300.0
2.994373861053336,48.886236925404205,7708,180.08895555984128,6,2479.8146622631675,4075.668536484697,,3,586736.0
2.386856159541165,48.39258527232244,7701,116.00265304122766,1,2534.5676313664776,2123.444746435114,,3,277024.0
3.456663684473176,48.41162229668168,77012,96.42779255100125,5,2528.438700180489,2021.64344216968,,0,217838.0
3.290823424968339,48.43134700355045,7705,110.2356753546742,3,2469.326368602736,2164.941694773412,,1,196181.0
2.3468421323512563,48.49455353687161,77016,119.13258291556812,3,2489.955719107417,3369.317860548849,,2,319292.0
2.447131284568929,48.06688678046368,7706,118.56491583536577,1,2515.5912267881854,2110.080416339618,,0,235188.0
3.189882825643372,48.53952858912953,7707,125.72689888013414,3,2468.2970993678014,2940.794406389053,,1,438917.0
2.132833848744004,48.364720201919255,7704,234.5536185440472,5,2507.681546343389,3321.05428872464,,2,368075.0
2.305832174977107,48.61913447256876,77013,162.56360195530482,4,2550.4876935530483,1636.269826830702,,0,429392.0
2.695670896041384,48.4150781290078,7705,188.10397545222108,3,2469.326368602736,3366.3092810935977,,1,350535.0
3.0974692239440245,48.41122044498884,7706,208.1638080789077,3,2515.5912267881854,3856.8304328336712,,3,720155.0
3.2221880024538443,48.35919340238918,77017,160.01577121440192,6,2535.249063009944,3552.6204040230587,,2,406316.0
2.729582497250431,48.61096751939881,77010,104.72809617192324,3,2535.7676266455924,563.0925372044851,,2,397985.0
3.4580142507349696,48.73582321680874,7706,127.6973783257084,5,2515.5912267881854,3769.0617059902575,,1,261234.0
2.7803136109344724,48.22509725039199,77012,77.98433227479144,3,2528.438700180489,2431.0549300184966,,1,246510.0
2.682128801306053,48.79843155598401,77017,140.78101391416246,5,2535.249063009944,2632.545157202056,,2,395724.0
2.032652722989306,48.351703156596194,77019,133.7065239842463,3,2509.836958318999,780.5599582431321,,1,272808.0
2.829340166140258,48.08300162764032,7704,188.41831824182333,6,2507.681546343389,4358.366800103609,,2,510427.0
3.1238735698882003,48.68781854628818,77011,168.71343590840868,1,2522.5267076694745,1038.8709258274462,,0,323988.0
3.229136665543299,48.9975474229993,7708,72.76896214223154,3,2479.8146622631675,2977.1403660610194,,1,181219.0
2.1546858032538987,48.90255290667957,7702,189.1705081810467,6,2521.514844161584,3829.5894220131854,,2,427448.0
2.755620824549432,48.35500534549225,77019,96.37988655881904,6,2509.836958318999,3520.2269275260333,,1,229938.0
2.154202922953751,48.40001167385196,77017,186.60414378097403,6,2535.249063009944,4620.860052731004,,1,370573.0
2.027690582777109,48.762164066046935,7703,206.0386165679524,3,2494.7034077219337,2330.576774584543,,1,567862.0
2.417080885407989,48.49303452978649,7703,217.6216712923032,3,2494.7034077219337,3697.594010666262,,2,741503.0
2.650101076943858,48.98081026397298,77019,208.4750019388778,6,2509.836958318999,1152.480945040072,,3,572426.0
3.1801623530734564,48.23559561846511,77011,238.86422545611657,4,2522.5267076694745,2163.0280827386264,,3,671785.0
2.509044148125466,48.07947011834001,77012,95.61630217115058,2,2528.438700180489,833.3290414786417,,2,265334.0
2.021496614825269,48.89578148912968,77018,64.69023983132251,5,2529.770777288311,3141.461992274469,,2,189496.0
2.2502541085895498,48.75540571279189,7701,79.88402584212179,1,2534.5676313664776,894.5505735534066,,0,213512.0
2.1030705165859414,48.36957419942677,7707,68.13913547263152,3,2468.2970993678014,3781.556343111393,,3,206727.0
3.333772668772035,48.482413584690434,7703,206.81267951003684,1,2494.7034077219337,938.4357454910288,,3,449604.0
2.938522868392029,48.55053168059622,77018,93.13776075118491,5,2529.770777288311,2622.422708377679,,1,297401.0
2.966498133680356,48.585151161185806,7702,75.47573529292235,2,2521.514844161584,4535.711525018545,,3,225027.0
2.068631989360718,48.29452549051575,77019,80.79840841717622,2,2509.836958318999,1701.5371203071193,,0,242869.0
2.084475998552793,48.14093493819147,7703,146.4140863512609,1,2494.7034077219337,760.3512885823247,,0,361392.0
3.485951925318798,48.80848160027029,77014,68.56354396421087,1,2531.1992319512387,1040.5928454345024,,3,201032.0
2.3813096088956045,48.0185137903681,7703,186.17922426720585,3,2494.7034077219337,2345.9547159192625,,3,587520.0
2.377444312621278,48.220304242363646,77012,101.90971907260266,5,2528.438700180489,2324.706626812701,,3,272798.0
3.1551346498053694,48.69812555002056,77014,117.50883392619856,1,2531.1992319512387,991.1642098093434,,0,406962.0
3.498141954633342,48.07048237123773,77014,201.994560523497,5,2531.1992319512387,1812.8747242533748,,2,717824.0
2.81354218000656,48.401877430595775,77015,171.56659725415423,2,2509.041371711664,4602.419525638915,,3,488778.0
2.1672238512031328,48.2868830906595,7708,113.53074552964092,1,2479.8146622631675,4139.131542360816,,2,257375.0
3.2710548014914123,48.91853779015378,77012,91.23752509906583,6,2528.438700180489,4307.793268764897,,0,254630.0
2.142044676448653,48.15646607349386,7701,116.41005039015876,4,2534.5676313664776,4011.182709430682,,1,239612.0
2.795289844211524,48.52611834341882,77010,143.03047688373448,5,2535.7676266455924,2098.4655332832413,,1,452180.0
2.4922459075841767,48.147181969806525,7701,72.74780148347743,3,2534.5676313664776,4098.839648209989,,1,180468.0
2.6763255446414216,48.98332159763724,7704,193.35907932235207,1,2507.681546343389,3349.120996954255,,2,494825.0
3.386644297712201,48.6869784600636,7705,225.67918998915,3,2469.326368602736,3970.089044756943,,2,778128.0
3.214976855709856,48.96576123446652,7704,114.20695930349493,2,2507.681546343389,3189.1461060315346,,2,261471.0
3.040523477258027,48.03436906344828,77015,181.6110329435168,6,2509.041371711664,2331.198363230824,,2,345490.0
3.4771478540729484,48.71665215310128,7703,158.999802146391,6,2494.7034077219337,2755.995378569932,,2,476473.0
2.6069519283434373,48.15497415778976,77017,135.81480898371802,1,2535.249063009944,3390.290658714936,,2,269053.0
2.024269288283422,48.22204073540967,7705,203.8631770416142,6,2469.326368602736,2853.1673571617616,,1,548201.0
2.239231419809166,48.04699083099021,77014,170.4379676860646,5,2531.1992319512387,1775.864052913934,,0,488026.0
2.351253029294964,48.37126692411507,7702,87.5902204757874,6,2521.514844161584,1813.566157953417,,2,325482.0
2.85532688699882,48.55171200251654,7701,97.93271116983033,5,2534.5676313664776,900.8279871660428,,0,328291.0
2.9460301347663047,48.74569954932123,77013,117.34630332618356,2,2550.4876935530483,3424.76944922538,,3,375641.0
2.0515169297860187,48.735617697578405,7701,209.30877520616207,3,2534.5676313664776,3314.142797868765,,2,747590.0
2.753452027885819,48.43459674083251,7700,183.7439544686524,2,2500.6482553342094,524.3157098659129,,0,528753.0
2.912451602925649,48.726342194848336,7704,201.0129468047533,5,2507.681546343389,1573.7620401993984,,1,634591.0
2.335193609263793,48.83353466849002,7708,158.41541547414673,1,2479.8146622631675,3104.372531985008,,3,342450.0
2.344274842596365,48.530103777089394,7701,169.27630379965336,2,2534.5676313664776,4678.5748792808645,,3,524574.0
3.2470612344474543,48.685500721825605,77015,79.02365554393631,3,2509.041371711664,887.5882792530423,,3,270606.0
2.5521517418460364,48.72306753670396,77019,178.83135011895618,5,2509.836958318999,3023.0455853257886,,3,618600.0
2.3580455975588346,48.31392594204437,7709,139.6774454093778,5,2516.219162131406,3714.334064746596,,2,483387.0
2.9382101801249094,48.24376657169568,77012,159.89446789860335,6,2528.438700180489,628.7572757380872,,3,465737.0
2.309273127367547,48.72277368147009,7705,126.46869619488736,5,2469.326368602736,1883.669202237008,,2,481326.0
2.560101941407957,48.00018030276088,77014,66.99439289380135,2,2531.1992319512387,4515.331032055246,,3,171444.0
3.4821270542487714,48.67521142281619,77010,151.31718822475943,2,2535.7676266455924,774.6083268195008,,2,476035.0
2.4495376488118468,48.28899093194194,77018,78.47830101255116,6,2529.770777288311,4222.175879767447,,1,271285.0
2.597966541856585,48.05980847535233,7706,78.21062347011804,4,2515.5912267881854,1015.5291952822166,,3,176431.0
2.26137396178822,48.50055719492445,77012,131.45676315519955,3,2528.438700180489,4510.805089523368,,0,343592.0
3.1579836053820363,48.94824453572247,77012,113.52613031331006,4,2528.438700180489,610.2352928822842,,0,183288.0
2.017097757844399,48.19613129595866,7709,75.00326517670133,5,2516.219162131406,3761.709565864445,,1,189969.0
3.4104427869994085,48.36566380946756,77015,109.2899176336307,4,2509.041371711664,2860.7892646456435,,2,197232.0
3.3959971669825912,48.26593476203021,77015,70.15538511945272,3,2509.041371711664,3010.7655915368728,,1,200673.0
2.4301515497555406,48.12438477074579,7708,171.81376908421294,2,2479.8146622631675,3908.300774963999,,3,323535.0
2.954489908223815,48.29777532047312,77015,178.12676392327074,3,2509.041371711664,1137.6725666587236,,2,668680.0
2.3912563790144965,48.33109707454857,77015,169.92926082156916,5,2509.041371711664,4572.037918306849,,1,344575.0
3.149636738876056,48.65327238460706,7700,109.14366910312224,4,2500.6482553342094,2679.317028666435,,0,251178.0
2.609236436559025,48.19054564030621,77017,153.07652884447623,2,2535.249063009944,4173.20776886947,,1,445145.0
2.49781166462114,48.51613543606492,7701,221.9102639438336,5,2534.5676313664776,1028.8899927723696,,0,465809.0
2.4397317533438363,48.27892052913864,7703,162.33823148938254,6,2494.7034077219337,1447.4616245858283,,2,425762.0
3.426713381441481,48.9845147227852,7700,119.4657304057053,2,2500.6482553342094,3591.001639266804,,2,193508.0
2.68480245898496,48.79716235295415,77015,125.80863482566988,2,2509.041371711664,1431.7096517572072,,3,335430.0
3.1890990860513377,48.93368076981619,77011,152.29630788322123,5,2522.5267076694745,4189.9316487617125,,1,343069.0
2.656612297624404,48.19619252147198,7707,200.13406893178336,4,2468.2970993678014,2140.2699195833875,,1,385109.0
2.2937317685213934,48.33803000889836,77014,166.45064418430454,3,2531.1992319512387,1901.652610074397,,2,410249.0
2.550207028063069,48.90236431674833,7703,133.69716062588492,4,2494.7034077219337,2398.99849398604,,2,209074.0
2.618818786816325,48.45134278570322,7701,92.44209092308668,6,2534.5676313664776,2906.065665673077,,3,218807.0
3.4556042010243604,48.5656475633754,77016,214.0840337093076,4,2489.955719107417,2537.39953073712,,2,547658.0
2.7266192764462813,48.79443415435532,77011,100.626148339906,5,2522.5267076694745,2100.1817569002383,,0,204165.0
2.3488266149341364,48.27600514219574,77019,181.1882661243144,5,2509.836958318999,2321.812285686716,,3,724199.0
2.4468685859593133,48.322366128207854,7702,197.81954176068635,2,2521.514844161584,4363.31372192307,,0,614273.0
2.357589641101788,48.20818686900262,7707,153.6551381037866,2,2468.2970993678014,981.1402089564284,,1,478166.0
2.0026216313937675,48.125593278689294,7704,129.01169485654458,3,2507.681546343389,3664.421614005533,,3,482727.0
3.0964214828544643,48.597640649673664,77015,213.62410809719825,6,2509.041371711664,3725.22169510653,,1,373083.0
3.126763390559079,48.16701502688727,7705,232.5673786675427,4,2469.326368602736,4552.791729195391,,0,545017.0
2.0131689221316766,48.0745002290553,77019,191.0581619688372,6,2509.836958318999,1455.79244221015,,3,560839.0
3.471785668806469,48.822236741699705,7702,210.3534775958152,2,2521.514844161584,3344.445906606858,,0,425426.0
2.273341685566683,48.878964720721946,77013,132.44221186438273,5,2550.4876935530483,1081.7339583590183,,1,378633.0
3.072073397541004,48.00452265825769,77011,175.23168146125863,1,2522.5267076694745,869.9838821401765,,1,304013.0
2.210363331216352,48.43640106928592,7700,183.632928247576,3,2500.6482553342094,3385.6530974344214,,0,419843.0
2.464167836161268,48.02951651912388,7706,228.9916936705232,2,2515.5912267881854,2586.151417700633,,3,659161.0
2.1767317559509545,48.1810515760756,77018,85.32670015656858,4,2529.770777288311,655.2531420620984,,3,286216.0
2.9060571165473497,48.71509919945317,77011,98.1207895855093,4,2522.5267076694745,1798.976628635126,,3,277766.0
2.5007417632595783,48.900557426103525,7709,114.135862067111,3,2516.219162131406,3982.133491775556,,1,410255.0
3.317767957716877,48.62401999411407,77010,219.126131960518,4,2535.7676266455924,1883.2031195192312,,2,414274.0
3.3519199830025217,48.49739615693566,77017,107.46329223990122,1,2535.249063009944,2059.0136986749303,,1,393960.0
2.4797134106402274,48.97985920107242,77017,172.40368005041125,6,2535.249063009944,4138.3588363799445,,1,368439.0
3.1722915378981256,48.9267413939175,7700,166.43866211750014,1,2500.6482553342094,1917.3460254455388,,3,531163.0
2.903228889811855,48.98751974813756,77011,205.7186381969899,2,2522.5267076694745,1898.807755399932,,3,746912.0
2.9405149764673824,48.910439304640015,77012,204.6840954685594,4,2528.438700180489,4700.725785634918,,0,391630.0
2.6588775923080967,48.80791870165249,7708,159.61008161658623,4,2479.8146622631675,1242.4205721124245,,3,412963.0
3.3438303905094,48.69666488034248,77018,117.19100038863618,3,2529.770777288311,4547.31477723454,,2,236190.0
2.39447939755419,48.15994176199504,7701,108.82654474779272,4,2534.5676313664776,4745.348097223752,,0,254526.0
2.728470298001416,48.545923533309,77019,152.37299427992775,5,2509.836958318999,1926.2417979527663,,0,236740.0
2.771364143868187,48.56314314643226,77015,236.2385899919184,5,2509.041371711664,3764.8585428490665,,0,757072.0
2.333581709768562,48.189124241577375,7700,187.3973189894405,4,2500.6482553342094,753.758966702092,,3,541257.0
2.248624669730234,48.44554163874189,7702,213.3234432679588,4,2521.514844161584,2447.672009942612,,0,580648.0
2.91422871429848,48.36020848445411,7703,235.9729221312364,3,2494.7034077219337,772.4859181415179,,1,674204.0
2.429665209047488,48.70961735941047,7704,110.2192042166154,4,2507.681546343389,2010.6475833926963,,2,228782.0
2.0232827685056707,48.9066824239298,7709,79.94686175143886,4,2516.219162131406,2519.772130131846,,0,205325.0
3.260217217678826,48.24554661565508,77013,123.37005413685615,6,2550.4876935530483,4381.29452079503,,1,266821.0
2.4927483795467413,48.69781984308631,7708,147.19374992027747,2,2479.8146622631675,1696.8737469390169,,2,361441.0
2.2334834619041093,48.3884573267948,7703,103.56871629285892,4,2494.7034077219337,2323.435376560443,,3,160399.0
3.1523567678380986,48.07116995198651,7702,146.1863330002032,4,2521.514844161584,2842.2659225227544,,2,563833.0
2.702265423373546,48.88324975624453,7708,160.2922797014068,3,2479.8146622631675,4263.688843842606,,2,302616.0
2.9429444909696167,48.604069038946086,77011,239.66444699703567,1,2522.5267076694745,1483.6821967116146,,1,822274.0
2.522110840543521,48.64717547443714,77015,222.77547549012056,2,2509.041371711664,2772.902420747332,,1,567525.0
2.244354039939483,48.117087167354846,77016,136.89518240493243,6,2489.955719107417,3869.542120200312,,2,250959.0
3.291772792099824,48.86932384669405,77013,203.20420426386448,1,2550.4876935530483,2306.222427334099,,0,551966.0
2.127881725335591,48.648292704802486,77012,227.1234181398102,1,2528.438700180489,1739.213856746466,,3,383720.0
2.662426256365953,48.162594853947056,77014,202.44051466121,1,2531.1992319512387,3310.377168532732,,2,782706.0
3.1855636193905745,48.10731769202193,7703,211.5940653308092,3,2494.7034077219337,2856.1035666948305,,3,381393.0
2.866829453256087,48.240697268890976,7709,221.22907196511008,1,2516.219162131406,2417.8432751999853,,1,645492.0
2.4891047172203136,48.58598606414717,77016,164.0781468787306,3,2489.955719107417,2546.9674038874005,,1,407923.0
2.7515630245008884,48.44117307977268,7709,193.7459044349502,1,2516.219162131406,1624.745542716165,,3,496749.0
2.155146656218618,48.13813942156566,7700,108.18133438986628,3,2500.6482553342094,1307.5604575676316,,0,378096.0
2.243292389948957,48.073639063033845,7707,193.92061747586243,6,2468.2970993678014,2694.844995752876,,2,722829.0
3.063250699475669,48.860422337455766,7702,96.52626503126744,5,2521.514844161584,4712.486712612601,,2,312450.0
2.124798402271582,48.47656622654969,77019,71.37406129734545,2,2509.836958318999,2735.3804553836017,,1,173951.0
2.9836977546217023,48.40299439008501,77016,168.4779625811732,1,2489.955719107417,4326.771732024217,,3,489404.0
2.765166230081756,48.49655579345885,7706,119.88485831781448,5,2515.5912267881854,2672.092735711006,,2,453519.0
2.3210000741541723,48.716489863332576,77013,181.52717916209176,6,2550.4876935530483,1278.151239322675,,1,529370.0
2.607864383053392,48.04061187266054,77013,129.90728834725542,3,2550.4876935530483,1726.6881015630586,,3,224830.0
2.2965064053114035,48.548483585749125,77013,218.51280082053657,2,2550.4876935530483,2064.4955184148994,,1,407084.0
2.1112438803167923,48.15292267421577,77014,124.9043019462442,3,2531.1992319512387,2699.2894966499707,,3,221454.0
2.745639374216063,48.482972911786405,77014,98.47678955885586,3,2531.1992319512387,4538.317127093887,,2,249787.0
2.8189840928072147,48.80150603344202,7700,62.79966261944766,2,2500.6482553342094,1412.7609058881765,,1,178965.0
2.344732921082787,48.10233537333745,7706,236.8542938851552,1,2515.5912267881854,1225.814470584995,,2,771182.0
3.07592700736954,48.25859520599072,77016,68.63413062698939,4,2489.955719107417,530.166764203611,,2,188729.0
3.199171086804462,48.42408970960106,77013,203.56221036550417,4,2550.4876935530483,1729.8118080998725,,1,600472.0
3.3885493746340307,48.0606661330625,77019,115.6120129637264,6,2509.836958318999,4348.38899792717,,3,204871.0
2.2012648111636754,48.99219678589655,77012,170.4026702225705,6,2528.438700180489,2279.465450330285,,0,434304.0
2.162573235846574,48.27747063347704,77010,214.09538138048083,5,2535.7676266455924,3826.968006058486,,0,666305.0
2.7447004099691834,48.66350916442282,7705,173.3876064468853,6,2469.326368602736,949.7572481226608,,0,303732.0
3.0434806566958263,48.03875419122794,77018,225.99718807684127,3,2529.770777288311,4392.187131134151,,1,586008.0
2.732678826403985,48.77587289658754,7703,62.947829665067616,3,2494.7034077219337,4146.471768048992,,0,195632.0
2.029948932115412,48.8073587948462,77015,219.8499646625307,3,2509.041371711664,3085.7654592526023,,1,739611.0
3.2449790631205584,48.24350615035236,77013,95.65956846878518,4,2550.4876935530483,3658.943884888055,,0,289446.0
3.1938316280456247,48.24665822345931,77011,188.08195047080315,5,2522.5267076694745,1762.34037083096,,3,334219.0
2.898434558015329,48.61472965631187,7700,80.37987813277869,6,2500.6482553342094,821.9710709474032,,1,194761.0
2.8228112846490907,48.35008664256133,77014,107.88549227750536,6,2531.1992319512387,1936.900793746112,,3,224607.0
2.8536301433786475,48.29459651741737,7709,216.02940018379903,6,2516.219162131406,1214.558607088224,,3,518476.0
2.6838739055331704,48.07120671754123,7701,241.32573080842715,2,2534.5676313664776,2477.5170048181417,,3,672059.0
2.4150099805331835,48.70848627145934,77013,101.49531452294012,2,2550.4876935530483,3644.964307243436,,3,243539.0
2.271355164722982,48.328471617054944,77010,150.28930301792195,5,2535.7676266455924,2979.907592052476,,3,339335.0
2.132849168390257,48.666348084674496,77014,224.22600884173303,5,2531.1992319512387,713.7150639077918,,1,645884.0
3.2460226378066386,48.66321066887805,7705,65.60592249687268,6,2469.326368602736,3241.484384595809,,3,164180.0
2.223523589280162,48.67497184809063,7700,120.35261169722516,1,2500.6482553342094,3792.844395238342,,3,241805.0
3.20282762488524,48.53653307711362,7707,125.19479611127068,3,2468.2970993678014,2142.8107695658937,,2,287004.0
2.661349498160676,48.85083065211959,7706,224.82835047305323,5,2515.5912267881854,1839.741170611508,,2,326717.0
3.3481199307382954,48.66727189935314,7707,114.3007448072136,1,2468.2970993678014,829.7429034977237,,3,256187.0
3.2075223201771053,48.019522570698,77013,141.3434398854912,6,2550.4876935530483,1380.6848823745454,,1,253940.0
3.380839090843577,48.71199704655209,77014,165.84094607281287,3,2531.1992319512387,3965.246151490725,,1,287143.0
2.6389420464366387,48.7023608164788,7704,167.6584938763124,3,2507.681546343389,2377.3814357967003,,2,427584.0
3.348486584078141,48.458068862368805,7700,201.0109439264436,1,2500.6482553342094,4160.385123938064,,1,571156.0
2.484938151220996,48.41296659276464,77018,152.38371539478584,1,2529.770777288311,3482.395661812096,,0,565059.0
2.1991266881910216,48.51455674381457,7700,167.7708442447042,5,2500.6482553342094,2791.324475904244,,0,393359.0
3.3676424621202328,48.62199373875354,7702,146.89912780278934,5,2521.514844161584,3785.7489611716815,,1,523171.0
2.910855641419872,48.665203701515125,7705,200.5538088567384,5,2469.326368602736,4318.917564639936,,0,394250.0
2.6781176690036705,48.24128882146045,77018,102.82547871958812,3,2529.770777288311,3658.107497454858,,1,253708.0
2.269023110545036,48.320386294170746,7709,140.1321636402072,3,2516.219162131406,1640.755408651275,,0,311741.0
2.117823310887074,48.74315035934481,7703,196.3557152057806,2,2494.7034077219337,3917.122897841361,,3,492648.0
3.162851808348584,48.34259108281113,77015,156.5469265463869,3,2509.041371711664,3291.0860942101044,,3,466288.0
2.1460793493414863,48.37088227008985,7708,194.4630161354117,3,2479.8146622631675,978.3499725739458,,1,330330.0
2.267889925193534,48.57263627677128,7700,182.500805867939,3,2500.6482553342094,2629.346402490757,,3,585502.0
2.0515016670797426,48.380434587493,7702,122.9222696617947,5,2521.514844161584,1992.407107407889,,3,392745.0
2.384610737283035,48.72770951840724,77015,193.87134610533656,1,2509.041371711664,946.3753855079538,,1,453354.0
2.591312232276124,48.03295417511464,77014,170.8007251724098,5,2531.1992319512387,2577.251379495998,,1,598403.0
2.186491715222698,48.09846762859084,7700,75.38715423246954,1,2500.6482553342094,2810.795825258656,,3,202409.0
2.631156028711082,48.75016019714024,7706,206.76702706722227,4,2515.5912267881854,4397.045494379012,,0,490687.0
2.7022714696472674,48.70274437211973,77016,109.762879456324,5,2489.955719107417,3234.7523652670684,,3,305647.0
2.4371941668381325,48.17556926544132,7702,197.0521070224605,5,2521.514844161584,3502.401765431352,,2,644942.0
2.987082475791831,48.00805910334212,77012,135.6632808520222,2,2528.438700180489,2497.567245439602,,1,317170.0
3.301688682127586,48.16329168199756,77012,199.1256475391189,3,2528.438700180489,1944.5891474790485,,3,358766.0
3.184642660601952,48.66350206940525,77013,181.79115089093324,2,2550.4876935530483,3312.246966835244,,2,347356.0
3.456336888587178,48.82704549114283,77015,173.40145211925528,1,2509.041371711664,3819.616730742378,,0,367676.0
2.6950878624983607,48.74745719665123,7700,216.87866536402728,2,2500.6482553342094,1290.3226741177084,,0,744262.0
3.086252207156672,48.90909049577493,77014,136.32912175808875,3,2531.1992319512387,1375.8010911233523,,3,228625.0
2.612732456869871,48.93090127958232,77011,215.6186601277128,4,2522.5267076694745,618.3271093785381,,0,361222.0
2.960764889792512,48.33015053005425,77017,181.6303615406433,6,2535.249063009944,1504.321506737297,,0,390502.0
2.474770950758799,48.99197489988033,7709,94.9889680568035,2,2516.219162131406,1917.610772660523,,2,310557.0
2.3721213006638,48.9913661698429,7701,226.12901124953208,1,2534.5676313664776,2269.307724343539,,3,569136.0
3.465062263823804,48.02313162544931,7704,128.99845246037478,2,2507.681546343389,1604.5164605553089,,3,394562.0
3.0749292689505707,48.78700315777309,7701,225.58780733609697,1,2534.5676313664776,4180.694098448339,,1,549397.0
2.676772315549975,48.92364423127405,77010,77.74209950266491,1,2535.7676266455924,2503.252602804821,,2,190115.0
3.0978911071819786,48.22841538174111,7708,69.05758281509408,3,2479.8146622631675,1320.0356390598045,,2,208784.0
3.14180539961381,48.87297012424136,77019,147.56497159110637,1,2509.836958318999,2213.1279229423208,,3,527252.0
2.7429960222315835,48.3407110167443,7708,161.34742312561275,3,2479.8146622631675,3877.921010097523,,2,340233.0
3.4851471788240773,48.86186401628291,7703,87.5718470089517,5,2494.7034077219337,3440.384759268918,,0,271999.0
3.351140243676099,48.93000537779108,7708,161.77541172834128,6,2479.8146622631675,3467.1082427547976,,1,264501.0
2.6715105181382945,48.75974894563232,7705,222.1917925707782,3,2469.326368602736,4430.819088766564,,2,364457.0
3.277617935736701,48.76176364041931,77011,181.87414738490887,5,2522.5267076694745,1866.281209451609,,2,529080.0
3.0949468721306808,48.96865737778877,77015,230.6609628020396,6,2509.041371711664,3888.8359637079193,,2,434192.0
2.4202622806255025,48.27483572449043,7705,138.6974860040678,1,2469.326368602736,3702.028080825563,,3,245460.0
2.680977346479129,48.28143708287101,77010,157.0139117062987,3,2535.7676266455924,3534.2592140972206,,2,526644.0
2.377696045017361,48.71269503497138,7701,77.53677992469511,6,2534.5676313664776,1020.9125935214688,,3,188884.0
2.48993029657506,48.49434640493568,7703,196.3101225208332,5,2494.7034077219337,1681.4876967740863,,3,545687.0
2.616955958099347,48.24053158518015,77018,119.263262051974,1,2529.770777288311,1049.5018216592955,,2,295963.0
2.0757027066224185,48.0372226850894,77015,235.92743195088872,4,2509.041371711664,3724.576063712676,,0,786176.0
3.375253164048221,48.4525976839776,77019,111.7148245484411,3,2509.836958318999,3373.748757772274,,1,249125.0
2.0973383706634725,48.25391541393434,77016,239.15284374337864,4,2489.955719107417,3663.5853150283,,2,542354.0
3.012710091724502,48.11602268134817,77011,229.4557075140396,2,2522.5267076694745,2197.931242834368,,2,796373.0
2.2005870624839328,48.56637343738579,7707,85.92115694612679,4,2468.2970993678014,4518.57350599094,,2,192879.0
2.6827750210013925,48.46211492270175,7702,225.61098639881047,2,2521.514844161584,1889.8934045547096,,0,491829.0
3.115212347965061,48.32567307890574,7707,193.8070802243659,6,2468.2970993678014,4622.629409175399,,0,682926.0
2.4880995472389014,48.74649140511802,77013,93.42579800869562,3,2550.4876935530483,581.339136269844,,3,343879.0
2.804839351654252,48.95556657516977,7705,188.2492978826788,6,2469.326368602736,4713.942932919977,,2,640042.0
2.676538416789558,48.02009086254429,7705,166.62872811968364,5,2469.326368602736,1672.3543885058752,,2,339303.0
2.766495806673651,48.90822865954848,77014,220.0289332056998,1,2531.1992319512387,1549.1441619773805,,3,493522.0
2.537543803486743,48.18319824512663,7700,233.21135104970767,5,2500.6482553342094,3436.181277827709,,3,640086.0
3.200580044839759,48.84325547531265,7706,86.91834963340251,5,2515.5912267881854,1957.3103951488383,,0,167138.0
2.729408599241899,48.05612198235375,77015,177.40373835822152,1,2509.041371711664,2111.751944612647,,2,279738.0
3.042231094807581,48.44154728887983,77016,112.90840527391576,1,2489.955719107417,4534.127857666829,,1,220825.0
3.122240531963821,48.37214221399516,77016,224.0449993049412,4,2489.955719107417,2783.510937895801,,0,752535.0
2.495841228628065,48.78165821939506,77012,184.9650271395151,2,2528.438700180489,2383.8523522159057,,0,258917.0
2.933705174527429,48.06002594943567,7703,218.9328048350617,2,2494.7034077219337,2274.23640169846,,0,797070.0
3.333100643482612,48.906783550119975,77013,216.7621648655736,6,2550.4876935530483,3655.66313586712,,3,345478.0
2.9842350114798264,48.44301786079875,77019,196.4301855165764,4,2509.836958318999,1477.6278843711536,,2,517800.0
2.447679549761068,48.24871329739933,7701,63.86666729185658,6,2534.5676313664776,1518.8471963677766,,0,204613.0
2.976000105297673,48.768966535082114,77013,212.7034714547329,1,2550.4876935530483,3346.491479439152,,3,768536.0
2.0919818337595792,48.07506755176868,77010,239.9217060708555,6,2535.7676266455924,3478.4703896318365,,3,908594.0
2.01021744220602,48.67385527480659,7701,186.05899505218264,3,2534.5676313664776,4738.2817050204885,,0,378618.0
3.3371584581037688,48.23537790963125,7707,176.27454000515968,3,2468.2970993678014,1417.5301988164356,,2,454606.0
2.406759355225378,48.93424472661025,7701,217.7954850978272,1,2534.5676313664776,3294.2788124002136,,0,413453.0
3.191183417928704,48.44610980517538,7706,226.53010854916823,2,2515.5912267881854,1532.8616026203729,,1,602301.0
2.559783395350105,48.357592681610605,7701,229.4988984739439,6,2534.5676313664776,829.2516410417506,,3,505336.0
2.883560531272108,48.26015677108005,77018,181.74509035451368,4,2529.770777288311,3408.997426496332,,2,677863.0
2.878898342157824,48.61184630859847,77019,212.550067218114,6,2509.836958318999,2498.918384774278,,1,364297.0
3.3583711534548595,48.93813676328909,77017,226.3287777973939,4,2535.249063009944,4196.378551531438,,2,657757.0
2.8621276470158667,48.28681698648696,77012,201.37185423933852,5,2528.438700180489,1469.4110554596482,,2,369212.0
3.144946343338672,48.2746043342591,77018,207.1212479188744,4,2529.770777288311,4386.135372090862,,0,318431.0
2.223654228689861,48.10817558755895,77013,152.01217541932726,5,2550.4876935530483,3377.855530345921,,3,376241.0
2.520906170747433,48.02361937148115,7707,67.65295503474924,1,2468.2970993678014,3976.7502452298695,,1,154432.0
2.93583955931774,48.76033271924982,77015,199.128330572928,6,2509.041371711664,1638.28515795584,,2,442568.0
2.2904368735137286,48.5986393788037,7706,76.2122884218228,5,2515.5912267881854,2258.9363800281617,,3,228813.0
2.627511587629431,48.429128782701305,77014,130.24660704109743,5,2531.1992319512387,3877.276219220464,,0,535569.0
2.541868777860646,48.04398498533074,77016,229.66734720404548,4,2489.955719107417,4158.776040964199,,1,881497.0
3.269397682726462,48.55614988593722,7700,175.4809213653349,2,2500.6482553342094,4264.621107342727,,1,498373.0
2.4025035818922387,48.08504993676421,77015,218.5540170376296,2,2509.041371711664,3275.715380646646,,0,392267.0
2.9793817535995832,48.99941907645317,77016,151.66749804637226,6,2489.955719107417,3118.6709810153693,,3,287365.0
3.2688256697422684,48.913587988212576,77014,109.79356578663486,1,2531.1992319512387,2900.881337015021,,2,258681.0
3.246094954112821,48.83299040286399,7707,164.608096913081,3,2468.2970993678014,3833.0896833891256,,1,563176.0
2.163674592618962,48.17288413819852,7704,206.28263347760068,3,2507.681546343389,1154.5133709402453,,3,767701.0
2.835779072358348,48.58841562472986,77011,114.34049133831076,6,2522.5267076694745,1688.85733050179,,2,224762.0
3.0657709550510046,48.477826509482185,77011,210.77632876746705,2,2522.5267076694745,813.9468233148895,,2,621944.0
2.1742059287695965,48.874544637992194,77013,65.54263505042304,4,2550.4876935530483,4753.250200253181,,2,171191.0
2.6832160664849227,48.49835578137702,77013,223.01989192428007,3,2550.4876935530483,2135.420726169089,,0,707404.0
2.3764734615586054,48.34665733248536,7702,183.39158256988927,3,2521.514844161584,2863.3229269523235,,1,707864.0
2.721412412126456,48.376311816955,77016,154.91425324441127,6,2489.955719107417,2660.4056400802087,,0,501013.0
3.412588567428388,48.668572646722914,7708,164.42089477720728,1,2479.8146622631675,1944.8649368917256,,1,429098.0
2.3500247742139484,48.68488390381699,7702,219.9752228254436,5,2521.514844161584,2994.1461549724063,,3,456563.0
2.5855897729775728,48.56618295910047,77014,157.11724049564145,2,2531.1992319512387,3459.1005328715896,,1,348485.0
2.5318227576596977,48.916247604737,7705,135.23894438200946,2,2469.326368602736,4661.76374878254,,2,434010.0
2.529654333407584,48.79978336444578,7703,202.90445291327853,6,2494.7034077219337,1397.3521899134075,,3,475988.0
2.616012191316253,48.31497654400943,7709,132.27022323532427,2,2516.219162131406,2595.1211522798544,,0,393033.0
3.1360706539542047,48.676278164786325,7709,153.93689248934714,2,2516.219162131406,2505.711678673226,,1,252496.0
2.682775382772044,48.23982592533981,77016,186.83124123075936,2,2489.955719107417,2065.469736107171,,1,423902.0
2.686848149662411,48.52588389757614,7700,136.9645133165049,5,2500.6482553342094,2566.539986127238,,1,433682.0
3.138611579425456,48.63100518763923,7706,137.1890782721581,2,2515.5912267881854,643.2836462220167,,3,355066.0
2.939335792157852,48.099803913295226,7703,235.97984550303025,5,2494.7034077219337,3116.71240245662,,2,724234.0
3.457966010810115,48.19592480165475,7706,194.86316441779252,5,2515.5912267881854,1642.831168452626,,1,657617.0
2.419732507589996,48.67620988863899,77014,118.76894018805652,1,2531.1992319512387,1631.9803249761237,,1,328475.0
2.702798614621461,48.4894942630039,7704,96.353343520448,1,2507.681546343389,3917.214160797229,,3,261865.0
2.78274056582568,48.198422917333886,77013,188.6064722521349,5,2550.4876935530483,2876.64956063832,,2,537737.0
3.1996653457325044,48.30976005000917,7702,166.59735779238383,3,2521.514844161584,772.6861160298888,,3,536005.0
3.020776683418397,48.185834556160685,77017,83.2221410216982,5,2535.249063009944,2760.4150492116373,,3,307191.0
3.3082202897883124,48.86181517614591,7707,84.78616256369855,1,2468.2970993678014,3932.0877670457385,,2,281389.0
2.518509397800602,48.47053511530195,77011,121.69302735401882,2,2522.5267076694745,1212.732294305703,,2,493297.0
3.375400683008352,48.89502552341727,77015,221.95527240670287,3,2509.041371711664,720.0400249300677,,3,518196.0
3.0211230438382293,48.47238065994683,77017,235.70951481627225,4,2535.249063009944,2549.507308985193,,3,759650.0
3.4199476189480067,48.39122822128349,7700,160.48985364105025,5,2500.6482553342094,2941.943253382047,,0,291777.0
2.338311994888599,48.37691416473637,77013,238.7290565719147,5,2550.4876935530483,1666.8354148959818,,2,525579.0
2.54855079529261,48.13879047235097,77013,209.97496012444296,5,2550.4876935530483,507.2124601332804,,2,460514.0
2.3672593262142807,48.716553639779,77018,103.11114577632355,3,2529.770777288311,3931.94070460168,,1,346890.0
2.769714159449697,48.25022790612411,77017,100.37976505605974,3,2535.249063009944,1666.3379400495128,,0,299974.0
2.0589428833718206,48.369705377491705,77017,119.29678474073054,3,2535.249063009944,1250.0198435527204,,3,363229.0
3.4876779173214687,48.89076562101844,7701,104.59178526901594,6,2534.5676313664776,4753.947223411727,,1,304060.0
2.5169339798087016,48.41430856910809,77015,240.5776828985772,4,2509.041371711664,3122.168907109465,,3,505536.0
3.276389043402041,48.51766692148348,77019,226.36690135764383,1,2509.836958318999,1679.6390601462629,,0,549990.0
2.793765836586385,48.12482958435631,7703,180.97187764198617,5,2494.7034077219337,1881.0846883743127,,2,482360.0
3.3417834898281544,48.20923678367202,7703,124.2190774273242,5,2494.7034077219337,980.2570809785916,,1,342019.0
2.7046832226602726,48.527246662453045,77017,65.86226100742577,2,2535.249063009944,3323.8734842754143,,3,208377.0
2.571558520063215,48.69472278195483,77019,60.83782380273775,2,2509.836958318999,2441.5860389207046,,3,206361.0
2.58805329077036,48.98238548530463,77013,229.49523602544136,6,2550.4876935530483,4592.798432095991,,0,516776.0
3.256348997428666,48.70908002738118,7703,197.03098094761395,6,2494.7034077219337,2317.9633306915234,,1,406018.0
2.23737654635341,48.39240287194604,77019,96.29590508077484,2,2509.836958318999,4312.547957739342,,1,201730.0
2.666032588794037,48.94619359476936,7706,178.82727029130035,5,2515.5912267881854,810.6597656895822,,3,512511.0
2.96691159575023,48.99230897449812,77017,176.08518596048145,5,2535.249063009944,3237.4479650267976,,1,525080.0
2.56939046573366,48.63862539910242,77016,224.42111929763664,4,2489.955719107417,2336.063751492209,,2,703436.0
3.0690440127594973,48.110363458169765,77014,184.441659831266,2,2531.1992319512387,2190.209959841145,,2,719757.0
2.556651498946801,48.29805001744347,7705,66.12818243330044,4,2469.326368602736,3107.611156582916,,1,248516.0
2.85014471866762,48.45289402063657,77013,185.061617647071,6,2550.4876935530483,4510.682887762801,,3,437620.0
2.567794508954752,48.338543518313685,7704,117.804866358384,4,2507.681546343389,983.6261932239954,,2,250928.0
3.264082490064739,48.50610514890733,7708,127.9619288850712,2,2479.8146622631675,4451.825344463136,,2,316583.0
2.5613950724726173,48.88411438529987,77016,197.00237038754852,6,2489.955719107417,3411.1701408455847,,1,693273.0
2.0022238884697816,48.88835363413742,7701,168.49467833231478,4,2534.5676313664776,2400.686128955729,,3,610167.0
2.158480077336196,48.07365708804407,7705,137.2083513649966,2,2469.326368602736,2204.8407073759463,,0,314243.0
2.242343783560602,48.124352291460745,7700,197.6681680881843,3,2500.6482553342094,595.2277795322991,,1,514401.0
2.362858658887637,48.39850202880398,7709,131.34473818393684,1,2516.219162131406,2739.904536231033,,3,228710.0
2.641819164244889,48.66270125077434,77015,221.6787438500633,4,2509.041371711664,4719.634605684752,,2,385447.0
2.2303789775165264,48.82951069340333,7704,123.06778072235404,4,2507.681546343389,1692.9734210302788,,0,336610.0
2.4302338639403174,48.33925858773446,77014,150.33094816471527,2,2531.1992319512387,2389.018829099668,,3,324455.0
2.905032492890914,48.056343343598506,77011,178.80545350514953,6,2522.5267076694745,4622.721253489534,,3,430245.0
2.1063966025565137,48.429545448718606,7707,113.09990875181308,2,2468.2970993678014,2436.7765634491325,,1,345145.0
2.4722950631080827,48.55260216077772,77017,79.22298033894234,4,2535.249063009944,1161.5177817220588,,1,273548.0
3.2519810185386806,48.878935349683005,77015,92.59618841803317,4,2509.041371711664,2125.844066987572,,3,218377.0
2.261420175035341,48.07894057737261,77013,191.84260429725697,5,2550.4876935530483,2590.824491567452,,0,305259.0
3.495681093606164,48.393629100140814,77010,177.5985701944078,3,2535.7676266455924,2887.5906319859646,,0,521551.0
2.7188502464563,48.29364908514581,7703,82.51841130381713,3,2494.7034077219337,1420.0589447047691,,3,236032.0
2.1960479831701214,48.51531768068542,77012,239.3718588413871,6,2528.438700180489,622.7328064246069,,2,507161.0
3.1174936453367303,48.571867762687134,77016,89.47916972700914,2,2489.955719107417,4587.199787850646,,1,223023.0
2.567275778657743,48.73182238734563,77014,156.19524474148665,1,2531.1992319512387,1361.1008837555964,,0,365799.0
3.117204590553714,48.913795301310834,7707,77.96007494387032,3,2468.2970993678014,2789.889799638234,,3,253945.0
2.007652589569165,48.9815147085752,77010,165.24070201772008,4,2535.7676266455924,2819.367361517278,,2,514091.0
3.4848955951937155,48.20750762293312,7700,154.68484250122566,3,2500.6482553342094,4229.241446930848,,1,398688.0
2.0597171591686307,48.273988099469975,7700,82.46225829376738,4,2500.6482553342094,1492.289542114916,,3,281837.0
3.376020804377883,48.26290618689425,77014,125.4750164461521,1,2531.1992319512387,2181.8376075064443,,1,413963.0
3.2290244457883928,48.05827677892915,77017,156.12411163384849,3,2535.249063009944,2593.476504590602,,1,251915.0
2.058913863159024,48.59228728544277,7702,205.7990068611834,4,2521.514844161584,1795.52295246186,,0,532995.0
2.953435174246204,48.03571956569614,77018,61.28444109069663,6,2529.770777288311,4486.857765397557,,1,181104.0
2.84961347445188,48.66775544068936,77015,229.3503960065577,4,2509.041371711664,3318.93776222277,,2,402522.0
2.925396398241705,48.61989424540132,77017,142.46039495453644,2,2535.249063009944,631.8614886590501,,0,257685.0
2.4753629987863905,48.97253502857862,7706,228.82364532537684,2,2515.5912267881854,3451.290309017423,,3,509459.0
3.2989450737301587,48.82728166092472,7709,238.7137186038022,5,2516.219162131406,4787.743985717539,,0,875454.0
2.9667771367821087,48.18267788172367,77018,189.21131013549737,6,2529.770777288311,2309.605040987395,,1,320087.0
2.167335550948877,48.068515578406696,77011,202.7067226552153,5,2522.5267076694745,1594.7072956796062,,1,381617.0
2.5610228433701634,48.20072271968044,7708,86.12819528564316,2,2479.8146622631675,3177.5075543519124,,0,162306.0
3.04959930876077,48.668320500318025,77014,90.4477889875324,6,2531.1992319512387,3667.734886568122,,0,291744.0
2.3761443985739223,48.26313464683907,7705,227.4172525030997,6,2469.326368602736,692.9961614822307,,0,666681.0
2.7982509695882465,48.95807108162633,77011,137.63038601765288,6,2522.5267076694745,3195.20788737811,,1,340386.0
2.369892356056298,48.31503926396454,77015,129.74650959006405,2,2509.041371711664,2355.9140194972124,,2,321665.0
2.988705088538337,48.65398139135525,77013,112.6050285759678,6,2550.4876935530483,2952.828887409243,,3,197783.0
2.048618055429734,48.53201034002896,77014,210.951447633882,2,2531.1992319512387,4170.320378247042,,2,625661.0
2.702682595961039,48.4441774470596,77016,90.42192209660251,1,2489.955719107417,4596.930858457351,,0,246874.0
2.291489530810661,48.97393557410443,77012,171.48341137136373,2,2528.438700180489,4084.468493209243,,1,248619.0
2.006756721470433,48.31327601113818,7705,126.48013809300576,1,2469.326368602736,1066.110513557231,,0,287784.0
2.564294407942609,48.15588816318705,77014,168.10246955636592,6,2531.1992319512387,2267.8449116910747,,3,468205.0
2.133096936039699,48.66425126460471,7708,101.46159620382431,2,2479.8146622631675,4211.474185970776,,1,351222.0
2.606693966143891,48.43701004057751,77017,78.74063966003726,3,2535.249063009944,1857.249024718149,,3,189321.0
2.121138634913432,48.18940547980711,77016,160.2463429580926,5,2489.955719107417,3110.111610426364,,3,369421.0
2.2661197340436505,48.35932464413912,7703,206.23782612151751,1,2494.7034077219337,3727.329545471365,,2,455708.0
3.252519007362925,48.94287714715349,77019,61.2380999814563,4,2509.836958318999,2646.72471972597,,0,206600.0
2.627196024456397,48.54662564594325,77012,174.8093080375158,1,2528.438700180489,4222.2116679243045,,0,514133.0
2.0326683799127765,48.6243091045921,77015,201.62246430432072,5,2509.041371711664,688.8851740771611,,1,506608.0
3.405481293311875,48.56888780088193,77015,219.15121738785345,3,2509.041371711664,2325.2212587821696,,2,740646.0
2.4631413716138217,48.187686432959744,77014,217.25469117750688,6,2531.1992319512387,3007.811165538596,,2,547768.0
2.190937149149377,48.25546262154712,77018,187.91234023896948,3,2529.770777288311,4382.617632225982,,1,479929.0
2.9566184993685765,48.477077171559216,77018,104.13780143107286,3,2529.770777288311,1015.289536605162,,0,239024.0
2.573338329572077,48.32580429435027,7701,121.49852090792282,2,2534.5676313664776,2675.0230060827403,,3,402408.0
3.156447512637744,48.741441790584645,77016,182.44981252684303,3,2489.955719107417,1133.473398898598,,1,490179.0
2.847885226585891,48.38258739541335,77013,116.84255849644975,1,2550.4876935530483,1343.9940658283683,,1,445776.0
3.381561281886501,48.56881758092159,77019,200.92234869221983,2,2509.836958318999,2380.359848241703,,0,387304.0
2.7707910324357217,48.783241220013416,7705,164.96455378190348,5,2469.326368602736,4241.492003344697,,0,600373.0
2.446910424691571,48.81249235923051,7708,154.0582953918559,1,2479.8146622631675,2063.98149879024,,0,245386.0
3.409240002747614,48.92038053742127,7700,68.27245612671602,6,2500.6482553342094,2023.658027896072,,0,172863.0
2.404515130723746,48.77622896429392,77014,184.3954426473696,1,2531.1992319512387,2082.9981489534243,,0,484730.0
3.118399253880572,48.24444195670897,77013,77.2407790286776,1,2550.4876935530483,4155.097298914481,,3,202867.0
3.133810039006198,48.07298373961377,77014,76.27619686892484,4,2531.1992319512387,1519.0911125482771,,0,207580.0
2.017782939815366,48.12530089640611,77018,141.42712918308249,4,2529.770777288311,2112.6543454957928,,1,363399.0
2.012219431708636,48.82458092321229,7700,208.94679358084304,1,2500.6482553342094,3824.306468839589,,2,700614.0
3.4578094318812647,48.5096975509543,7701,203.0909666730197,5,2534.5676313664776,4675.418668012992,,0,516985.0
2.137699148447057,48.01175257355656,7704,216.47367280214064,3,2507.681546343389,529.5188475268351,,3,630010.0
2.112087155441102,48.38923839658383,77019,121.56975189081184,5,2509.836958318999,2568.995589081631,,0,255702.0
2.4002766362337105,48.17408525362634,77010,192.70642709552607,6,2535.7676266455924,3497.9381770602595,,0,744819.0
2.294775683658566,48.20590067277816,7705,61.17973930928618,6,2469.326368602736,4632.069406145818,,1,204754.0
2.367199809502589,48.680583092918766,77016,187.1448939178372,5,2489.955719107417,3558.766082007912,,2,546033.0
2.344580126064315,48.75310272305859,77017,155.92741336749853,4,2535.249063009944,3594.5923078111223,,3,469183.0
2.8259486687683,48.46688043467685,7704,87.03611847063496,6,2507.681546343389,4373.84050272608,,2,229593.0
2.298225430247561,48.12970164799073,7701,221.80686319733576,6,2534.5676313664776,4417.162034322158,,3,424057.0
3.203706404267632,48.838809672848605,77016,218.5174678787748,4,2489.955719107417,2204.431302143115,,2,746569.0
2.4833635254110424,48.06233349815844,77011,211.18634427855903,3,2522.5267076694745,4172.85978241688,,3,486240.0
2.2533856505453898,48.83006525244428,77018,128.89005584517298,5,2529.770777288311,2202.9277788108484,,0,377219.0
2.92738082650684,48.33655421488873,77018,100.77193274459108,2,2529.770777288311,2197.665874525891,,3,210340.0
3.2230675417134096,48.81241216293461,7704,226.28302473487227,6,2507.681546343389,3595.94511585568,,0,701532.0
2.501763570636131,48.38082157643199,77019,173.035066619332,3,2509.836958318999,3114.374221653915,,3,462601.0
3.446934283425527,48.50922253832708,7704,76.67685368345371,2,2507.681546343389,3506.812978810573,,3,225542.0
2.095268574922181,48.13115034307848,77019,160.82433156102644,5,2509.836958318999,876.9665368417959,,0,307548.0
3.1245516193600413,48.34543000530189,7702,110.3051961197811,3,2521.514844161584,2462.3415215729674,,1,295155.0
2.063814114567176,48.04192601407009,77011,152.97022963731138,3,2522.5267076694745,3977.04453672484,,0,417343.0
2.6051269648134423,48.61708045558797,77019,104.21467355371904,2,2509.836958318999,4199.078075230864,,2,196474.0
2.6473866321441,48.82889672625884,77019,182.2154781823441,2,2509.836958318999,1981.3763623265736,,2,490898.0
2.2331721270494618,48.04393071215536,77013,237.78278060677127,4,2550.4876935530483,3967.161855579418,,2,643749.0
3.0748946389645635,48.74192273958194,7706,90.01246788427119,4,2515.5912267881854,4289.8069926502685,,3,220549.0
2.2253517291850744,48.54906042383707,77015,178.44998060856645,5,2509.041371711664,1229.1541212718537,,2,359045.0
2.0127429955104925,48.54678567317036,77018,175.84313295022028,4,2529.770777288311,908.1673356756256,,2,572681.0
2.451568798546836,48.48357729114806,7705,130.25297651487531,3,2469.326368602736,3086.164417637696,,0,197948.0
2.131104261366763,48.89256721755139,7702,107.79035191587668,4,2521.514844161584,3251.7579727392417,,3,315496.0
3.0397891754800805,48.41709018927117,77011,134.18775299581762,1,2522.5267076694745,988.2524083934928,,3,442995.0
3.4955279145981626,48.30668241336559,77016,162.27918915832515,5,2489.955719107417,902.9819905990612,,3,661723.0
2.7170461636622125,48.903801328048,77012,118.5124776146112,5,2528.438700180489,3087.61293613388,,3,372269.0
2.540135143720326,48.47723987480893,77015,232.1096555070378,2,2509.041371711664,4678.024266249133,,2,741649.0
2.3715816466934325,48.16715155529011,7705,231.8353421443627,1,2469.326368602736,3418.0956688635943,,2,367427.0
2.890419824854076,48.51800233639658,7707,60.78415938817474,1,2468.2970993678014,594.6116324882099,,2,191287.0
2.098472759193228,48.35706720917515,7702,217.0334965689732,1,2521.514844161584,4645.1523885658935,,0,596338.0
2.8662046859724173,48.76115174165476,77012,118.1477873806488,3,2528.438700180489,1866.3989698060543,,3,248950.0
2.8862879094717666,48.95173480374118,7705,211.02616194302445,4,2469.326368602736,3595.331297343262,,3,674056.0
3.383180653941827,48.05097403579166,77013,190.2881207043796,4,2550.4876935530483,4463.392271255232,,0,544919.0
2.962913662947542,48.39878018711438,77011,72.52235797436987,3,2522.5267076694745,1227.900166327188,,2,202876.0
2.2614102334983266,48.086965513138125,7709,97.11156456985734,5,2516.219162131406,814.6082543348028,,3,164335.0
3.304393182514572,48.24102014995309,7708,208.4329558097316,4,2479.8146622631675,3378.9582574618225,,0,729827.0
2.976620875485356,48.002413754400976,77014,77.44331447633073,3,2531.1992319512387,2647.2101773927616,,0,183486.0
3.258005597037073,48.81926421614519,7708,166.14729943425112,3,2479.8146622631675,3637.2137850404,,1,278519.0
2.105250379989097,48.39035310234824,7705,234.9534789004381,6,2469.326368602736,535.2799813760389,,0,796803.0
3.183517316995249,48.886157098065205,77015,193.33698558430683,6,2509.041371711664,666.0350340837459,,1,377152.0
2.0965526075328733,48.02872713365393,77014,188.86591842716564,5,2531.1992319512387,1290.44270358656,,2,403926.0
2.0784606085097463,48.570728530300045,7702,103.88051230095382,4,2521.514844161584,4348.401750007668,,0,404877.0
2.147390655140662,48.665863502083845,77017,122.2578503109282,1,2535.249063009944,2733.0529861445225,,1,308635.0
3.435825720253763,48.7372905200703,77018,162.55340787822846,6,2529.770777288311,4189.590209607275,,1,487202.0
2.9930325541246683,48.9669567429121,7702,81.56386636376556,1,2521.514844161584,2245.050621607654,,1,169422.0
3.275360341411015,48.79179664495,77016,106.56224695630144,2,2489.955719107417,2076.887113047609,,2,356046.0
2.489455611619514,48.05410250372691,77015,220.5895279637632,1,2509.041371711664,3891.77408989156,,0,764322.0
2.918428368391801,48.91630979404422,7707,78.38441362952003,4,2468.2970993678014,834.9448880176332,,1,225693.0
2.195610116179309,48.67649139940943,7702,218.72157445213705,2,2521.514844161584,4161.613003902728,,1,493771.0
2.109196055058898,48.44705636756269,77019,62.80315757357627,5,2509.836958318999,3933.778580661629,,3,226275.0
3.0640832327365795,48.10540137739646,7702,147.57068425925056,4,2521.514844161584,4229.190427181029,,2,410381.0
3.374100617859295,48.78994080540511,77010,186.41291700647164,5,2535.7676266455924,4002.96614375693,,2,568965.0
2.920698438563121,48.49049465163702,7704,195.515438883838,2,2507.681546343389,2161.709703299937,,3,441321.0
3.111033814077523,48.5018851939574,7701,98.49165257283968,4,2534.5676313664776,3447.408567294645,,2,208542.0
2.752592212071481,48.66374948564782,7705,162.163846255946,2,2469.326368602736,2976.142748000932,,0,393309.0
2.6752499960768104,48.35343029828988,77012,102.40911036065128,1,2528.438700180489,2244.2227946131948,,2,189545.0
3.374226540221602,48.95565542524153,7701,198.70208786716972,2,2534.5676313664776,4106.5386252082135,,2,311791.0
2.1768555990342064,48.98535865502788,7708,113.75228984121811,5,2479.8146622631675,4105.959764265676,,1,256065.0
3.241881300932402,48.70083490350944,7701,200.14343876481567,2,2534.5676313664776,4540.585789324346,,1,561269.0
2.03572022783042,48.89988977595503,7703,198.0967645191076,4,2494.7034077219337,3902.0983948909743,,2,584945.0
2.393095841525491,48.4440685773896,77018,146.11866591143104,3,2529.770777288311,2188.657479666822,,1,565204.0
2.0412389868238354,48.00205204152064,7704,71.90810917658249,5,2507.681546343389,2607.4698925960884,,1,229600.0
2.0226608624535403,48.059095565711154,7705,222.21497078372207,5,2469.326368602736,1508.3017111184558,,3,647623.0
2.025640280180533,48.40754293793422,7703,233.4431510932336,5,2494.7034077219337,3366.0453747446613,,3,762019.0
2.0484463631155707,48.55245242093332,7707,240.2231138889481,4,2468.2970993678014,4655.446749213417,,1,539013.0
2.9553069463245247,48.72144876280881,77015,205.49250226035608,5,2509.041371711664,3627.0710933584064,,0,704465.0
2.9512310651168443,48.30175672054603,7705,201.6367154176896,5,2469.326368602736,1940.5949388887416,,2,519050.0
2.6759860737683043,48.15122290184425,7709,155.04877968250128,6,2516.219162131406,4440.056451630437,,0,368830.0
3.115893986114361,48.09514979432061,7702,178.14785659152705,2,2521.514844161584,818.6617860404767,,0,520559.0
3.3638616795972576,48.87293264233816,77014,104.1185597122608,1,2531.1992319512387,4166.618457541117,,1,273594.0
3.178669471246255,48.662149688270006,7707,214.79052684839664,2,2468.2970993678014,2086.0573170178955,,3,576589.0
3.051768077531406,48.870719676655945,7708,163.79202599213926,1,2479.8146622631675,2260.415487714913,,3,314729.0
2.515847735883541,48.70771412944936,77018,143.53399500922734,6,2529.770777288311,1652.5615785063285,,2,282173.0
2.517271659873524,48.05983807470136,7703,103.850915297511,1,2494.7034077219337,3986.372055666847,,0,252406.0
3.3135274391043232,48.1909416023774,7707,198.62557404926383,5,2468.2970993678014,1847.0361682113469,,3,516322.0
2.465009170384468,48.17716899443855,7706,64.12806171870552,3,2515.5912267881854,1810.534485388771,,2,179407.0
2.176084440066246,48.37192820232819,77018,156.83149658372537,3,2529.770777288311,3902.909034107727,,2,472427.0
3.418907497971816,48.41933119437736,77015,146.0260168393968,5,2509.041371711664,3486.664799664288,,0,318461.0
2.232120860076498,48.24665690344539,77012,182.5482126775277,2,2528.438700180489,2606.621199324617,,1,468121.0
2.619512380638595,48.55002164175542,77014,231.7010586483784,5,2531.1992319512387,2834.0510773768824,,1,494131.0
3.096210202228193,48.15970549981865,7707,144.81736762114377,4,2468.2970993678014,1966.218090530612,,0,383898.0
2.835967957976035,48.070161936210994,7706,214.49872818762705,4,2515.5912267881854,1836.898939342584,,0,599562.0
2.9926470554279,48.673588151079805,7707,171.79994483097104,3,2468.2970993678014,920.390438905902,,3,310474.0
2.162721886349624,48.96127924236739,77013,159.2235660063624,4,2550.4876935530483,2989.295177615404,,1,575570.0
2.8581735284990915,48.74310915207747,7704,156.52664595309832,3,2507.681546343389,1473.8457774639237,,0,366572.0
2.90188321033862,48.500992744534926,7709,232.3237129079485,5,2516.219162131406,3157.919737727839,,2,610327.0
2.9811805480070266,48.22778238464883,7701,227.05439297357665,5,2534.5676313664776,1632.2005180787737,,0,370082.0
2.680759501184876,48.129753972113576,77019,115.26173770514694,6,2509.836958318999,2816.78135279692,,2,275550.0
2.3258289935888965,48.06968643896344,7702,173.02305479906278,4,2521.514844161584,3179.6352865180847,,1,434190.0
3.2550073686796592,48.67660970393729,77013,217.8013364330249,6,2550.4876935530483,2478.749799950177,,3,578056.0
3.2689685594537874,48.00463399491836,7708,71.04871228144877,3,2479.8146622631675,3782.817896794713,,3,211329.0
2.185934673356526,48.7862573151688,77018,169.8609794608772,3,2529.770777288311,2413.4655617000385,,1,412266.0
3.417598364106612,48.5422502846664,77013,185.9577322134374,3,2550.4876935530483,3015.3868836597326,,3,356316.0
2.602097372167495,48.46588601690844,7703,114.78794751614672,6,2494.7034077219337,3089.7053312495414,,3,328933.0
2.446627723558581,48.70576717827326,77016,159.1992251891969,3,2489.955719107417,4612.800984748879,,3,415724.0
2.53266774687338,48.75525936499724,7707,88.54043374170112,2,2468.2970993678014,532.2140761790415,,2,305494.0
2.2820506775456817,48.46811923373434,77013,229.988762633157,4,2550.4876935530483,3860.479743644924,,0,611524.0
3.40862888632631,48.92803733673996,7706,170.28070113488388,4,2515.5912267881854,4536.798604285492,,3,386045.0
2.015511531593615,48.91493995567822,7706,98.50985494502908,6,2515.5912267881854,4719.579634064056,,2,286885.0
2.530859936015346,48.321174780545256,77016,161.58286573470463,2,2489.955719107417,940.8927901091424,,0,482355.0
3.375171837171667,48.32427215493061,7702,156.6481800970883,6,2521.514844161584,1507.2907485352926,,3,425860.0
3.245583299046143,48.49144923110262,7704,208.6543016621748,4,2507.681546343389,1206.926027666551,,1,366375.0
2.431946221978325,48.1877865096591,7708,231.4556381730085,2,2479.8146622631675,2784.41837920682,,0,372961.0
2.080424147609154,48.71377007170437,77017,212.2873890751078,6,2535.249063009944,3469.935288351167,,3,693262.0
3.2291286830058312,48.77594151387349,7707,70.43276171266524,6,2468.2970993678014,965.6604548196716,,2,272182.0
2.0240485166390454,48.0835457872162,7700,164.29078707644686,6,2500.6482553342094,2062.9903632409987,,1,612858.0
2.186318555767538,48.18163214226183,77017,186.81517548146388,5,2535.249063009944,2101.386777699434,,1,501523.0
2.3414022968430883,48.83858453378417,7704,136.88664999786204,6,2507.681546343389,775.8387827791064,,2,361876.0
2.6632194739464534,48.56071408693486,77012,156.65935792541345,3,2528.438700180489,3178.080209698824,,0,245137.0
2.651117740502009,48.11071942576286,7709,85.54580561436353,6,2516.219162131406,2715.1541302153105,,0,171358.0
3.465976342228732,48.12376904803055,77018,168.7515001677304,1,2529.770777288311,3987.6856719285006,,3,489632.0
2.967876047687932,48.62042076068536,77011,102.7177651919006,2,2522.5267076694745,1687.9350875557038,,2,219899.0
2.459401830506922,48.26508128433857,7702,202.12305457288645,2,2521.514844161584,4678.685966887872,,1,551634.0
3.100101934817895,48.65612361234266,77018,233.8157795527248,6,2529.770777288311,1396.93095212994,,1,917074.0
2.137954680019857,48.55808519810692,77019,68.42610024435285,5,2509.836958318999,2653.897885971212,,0,181260.0
2.747836460422664,48.37006206286998,7705,143.52689762693024,4,2469.326368602736,3390.6080785378567,,0,385976.0
2.376979898195085,48.88529373253324,77015,139.73735238352634,4,2509.041371711664,3224.139327003109,,1,421402.0
2.2564516291984225,48.8026814528368,7703,214.41513321473383,4,2494.7034077219337,2382.153486998395,,2,560274.0
2.60338815568972,48.85598610940386,7709,230.73674766590867,3,2516.219162131406,4746.980863651872,,1,544418.0
3.284142998354576,48.16742294774625,7708,100.90182692503755,1,2479.8146622631675,2738.840047040506,,1,149175.0
2.515808318412381,48.146320445003866,7701,193.5040414929919,2,2534.5676313664776,2880.5578957612056,,3,758579.0
2.195414612988251,48.74959648379654,7708,178.76527187262954,4,2479.8146622631675,4036.0017650077793,,0,607381.0
2.2900474463067053,48.96904750400264,77010,139.982789009228,3,2535.7676266455924,2686.6310159615823,,0,307180.0
2.593554731659878,48.615931072225095,77014,73.16560339866201,2,2531.1992319512387,3853.182440870536,,0,156790.0
3.312563310534501,48.98508616714029,77012,175.13388912247527,6,2528.438700180489,3033.9591638432703,,1,313119.0
2.4435982093367663,48.55561107900499,7707,126.22703936681552,3,2468.2970993678014,2605.205463615659,,1,334527.0
2.9837410503239363,48.75899110089015,7709,197.4938768631689,6,2516.219162131406,1894.1126772304951,,0,413545.0
2.7147675123864934,48.29468893317143,7701,128.96219845678905,4,2534.5676313664776,1433.4085265425597,,0,292387.0
3.491993591492254,48.587604143913126,77015,232.81911445786244,1,2509.041371711664,550.4083282968027,,1,800080.0
2.2414667012098297,48.71491421499942,7707,124.33050016920298,2,2468.2970993678014,3669.1742974681833,,3,336773.0
2.8089460680790674,48.89458248649138,77013,154.68222035684448,6,2550.4876935530483,2535.211829597436,,3,539570.0
2.2336023519498647,48.49482592578932,7704,186.87917985465413,5,2507.681546343389,2649.811226804346,,0,460859.0
2.1698209494966783,48.53926621354971,77014,161.44113850816072,1,2531.1992319512387,2705.299053410129,,0,369608.0
2.338113765650408,48.458843858576245,77017,64.8246195441858,1,2535.249063009944,2802.849876245748,,2,203271.0
2.706209924999866,48.91586473082621,7701,73.27465650916335,1,2534.5676313664776,778.1307847393435,,1,234679.0
2.367570921707609,48.9528391896565,7703,230.3458705428196,6,2494.7034077219337,805.3001894805375,,2,384153.0
2.691464720469716,48.89864548392112,7708,171.6757022174375,2,2479.8146622631675,3176.3294389414223,,2,323943.0
3.0145125772915087,48.68097337156156,7708,124.82598272904112,1,2479.8146622631675,4607.149086019349,,1,237092.0
2.66173220906624,48.2002804860734,7707,227.46011746872296,5,2468.2970993678014,4758.245364885027,,1,445067.0
3.1851722024246265,48.05343606916475,7703,129.14126804121616,2,2494.7034077219337,2841.718772377367,,1,346302.0
2.4558855254198995,48.8603533475037,77018,75.29810700512131,2,2529.770777288311,3395.590448569177,,2,219451.0
3.026380933019192,48.752283754922345,7709,211.3288107319009,2,2516.219162131406,3312.820810515233,,2,667431.0
2.0081291533185843,48.772974079012535,7703,119.69112473007286,5,2494.7034077219337,3972.167884280165,,1,240861.0
2.8115768342458707,48.29384291875967,7703,152.92765154976564,6,2494.7034077219337,1484.8919739293697,,2,284926.0
2.623693159054354,48.96475253283183,7709,106.82737523112596,5,2516.219162131406,1144.3887674610896,,2,159338.0
2.4210202235588034,48.48911321111432,77016,105.61393437365388,6,2489.955719107417,4021.688484752998,,2,209418.0
2.835435487132829,48.792082278323775,7708,234.3246196049225,6,2479.8146622631675,3119.9265484971684,,2,846674.0
3.161250327603091,48.12929637117136,7705,98.24974567701072,6,2469.326368602736,3103.255182430153,,3,341060.0
3.387924005222594,48.17774117205354,7700,200.03683626683804,3,2500.6482553342094,874.6011966382305,,2,425890.0
2.076907374589648,48.42505478385652,77010,201.13382434869663,1,2535.7676266455924,2297.330276522007,,2,494554.0
2.499976722747863,48.44013270461767,77019,213.522169818387,1,2509.836958318999,2241.324857829818,,3,486836.0
2.630006111122108,48.009686882740965,77010,236.02812161167512,3,2535.7676266455924,2388.3232226306463,,2,740349.0
2.4128867966664744,48.86448953559546,7707,116.98347921064274,5,2468.2970993678014,1599.6525283746803,,1,372394.0
2.706845922433767,48.5234135129012,77016,143.80728834526428,2,2489.955719107417,3277.75829838382,,1,219378.0
2.4035534417068085,48.5677938618776,77019,212.94617007055265,6,2509.836958318999,3116.911681851,,2,557997.0
2.408426447912442,48.66783631150398,7702,191.78275690380391,4,2521.514844161584,1991.679619585733,,1,533751.0
2.772002881056532,48.18109521232383,7707,215.792223414457,2,2468.2970993678014,1782.216686378836,,1,504252.0
3.4952565183300424,48.076569448068376,7701,95.329759539748,4,2534.5676313664776,1041.2611529872415,,3,212778.0
2.9294042676395216,48.08546601760264,77015,166.56530766607258,5,2509.041371711664,3919.833001578995,,2,337138.0
2.657163275745125,48.99483544475135,77014,76.62119103347322,3,2531.1992319512387,3650.094106529283,,0,257752.0
2.192372308467597,48.75651472404906,77011,181.17491680897515,2,2522.5267076694745,1236.3012178510194,,3,447841.0
2.7717068759632464,48.29171583387108,77014,83.91256497725806,2,2531.1992319512387,1972.788787989773,,0,195986.0
2.286920318985449,48.92248809766819,7707,238.839384628352,2,2468.2970993678014,3713.200673117564,,3,867992.0
3.263863729056364,48.09735237010919,77019,184.3984921382749,2,2509.836958318999,3686.157834937306,,1,494715.0
2.5821775504536446,48.65182458458577,77016,221.6964568338925,1,2489.955719107417,1563.7138799800853,,2,458399.0
3.013552493018083,48.02644928941732,7702,203.48974751445948,5,2521.514844161584,3436.865795576849,,2,670889.0
2.796187056252728,48.92577163647839,77019,92.0877430483686,6,2509.836958318999,2005.513716076556,,1,224571.0
2.740737560980607,48.36382917564684,77012,236.0284335953768,6,2528.438700180489,1998.436202138569,,1,394095.0
2.277623045108667,48.67312634989599,7702,220.12511608165448,3,2521.514844161584,3667.2423402214768,,0,495359.0
2.138271559018963,48.16309490632902,77011,189.28700062945748,2,2522.5267076694745,3751.727700306672,,3,670240.0
2.3125000463095566,48.8979503787102,7705,88.33852794015695,4,2469.326368602736,1579.0361397103547,,1,225849.0
2.613496274548752,48.66827314490139,77011,183.63495038162475,4,2522.5267076694745,734.5500368481993,,0,585628.0
2.466386041978803,48.30533466238643,77017,215.3731816456684,6,2535.249063009944,1731.5216313780911,,2,410640.0
2.91687406746243,48.32289572337656,77013,208.8695103927449,2,2550.4876935530483,2593.259144091318,,2,741950.0
2.4654641013751344,48.245750305701776,77010,90.3864499953252,5,2535.7676266455924,4644.975377638423,,1,163134.0
2.83908301113519,48.08498491621784,77012,130.30673139369924,1,2528.438700180489,554.2419629624577,,0,312783.0
3.032342056020229,48.91299786449074,77013,89.02307005151889,5,2550.4876935530483,2330.061494790481,,3,182135.0
3.3561662188393,48.446179584830496,7709,219.68012158275096,2,2516.219162131406,1438.5606274801776,,1,671345.0
3.0414930404482594,48.57717959977837,77017,139.6026841216688,4,2535.249063009944,994.0061625997164,,2,441573.0
3.4856211365181875,48.26571942902918,7701,200.26788827961545,4,2534.5676313664776,2005.8838000860376,,3,579124.0
2.1731413410564016,48.43793076384737,7700,225.6072008024816,1,2500.6482553342094,2134.0791972033617,,3,546002.0
2.2989646887774167,48.45335842713802,7702,135.18395023359167,6,2521.514844161584,914.4564540538468,,3,259852.0
2.409593815589069,48.08237755459063,7708,170.8549564312799,1,2479.8146622631675,4439.019890353931,,2,466818.0
3.3376050193393123,48.0715394154752,77017,238.815848158967,4,2535.249063009944,4236.966123627124,,1,355917.0
2.5042694670101584,48.2754831653704,7702,173.45704627025938,2,2521.514844161584,4636.505814487511,,2,317567.0
2.256791250814275,48.45306498627172,7705,75.07325794974001,3,2469.326368602736,1060.7072866609028,,0,179757.0
3.2899459553619708,48.43945340273828,77016,126.10299498881696,6,2489.955719107417,2189.544725485911,,1,328931.0
2.509207205071294,48.8965527307605,7708,150.84322201775487,3,2479.8146622631675,4131.31988987984,,0,551351.0
2.4500603373657888,48.05495308768708,7708,76.13573863381106,5,2479.8146622631675,4379.952867293323,,2,250266.0
2.7745083947660323,48.39945332581378,77019,128.85966349069122,2,2509.836958318999,4011.428385890712,,3,382741.0
3.320827165417697,48.1576570349435,7703,153.1921265117577,1,2494.7034077219337,3588.57623683026,,2,376792.0
3.2278957138201863,48.002575663323725,7703,147.76541493628403,5,2494.7034077219337,2698.202761112095,,0,348084.0
3.389754974420516,48.98867165074744,77018,176.0174959335183,6,2529.770777288311,1045.8219506925195,,2,364615.0
3.465478071719444,48.44148140299856,7706,152.0687982634633,1,2515.5912267881854,2320.365007169078,,0,499513.0
2.4621570003932125,48.675064952151686,7707,74.92705090427843,3,2468.2970993678014,4503.621851029584,,0,217170.0
2.855884708626668,48.73110824941029,77010,183.73249406634528,2,2535.7676266455924,2627.855257080288,,3,516386.0
3.0378605187524075,48.15616316739287,7705,148.2808515919099,6,2469.326368602736,1970.333960737721,,2,329069.0
2.2288256675284224,48.678108572422815,77010,169.20451876986925,2,2535.7676266455924,1429.391104615567,,2,500647.0
2.277889299966702,48.944870109827264,77019,81.64604856289652,5,2509.836958318999,1054.6229631762703,,1,226771.0
2.65248989984798,48.12958978417072,7702,134.64233750974068,1,2521.514844161584,895.907103349817,,1,382495.0
3.291189314248025,48.383529777290704,7706,207.81388058018547,3,2515.5912267881854,3823.642073513729,,2,389332.0
2.0424308739933794,48.87206238579552,7702,192.94233874816143,6,2521.514844161584,3183.966016513492,,3,670052.0
2.327609670580056,48.25518668721227,77012,161.23476742671568,4,2528.438700180489,978.0576149037854,,2,422826.0
2.5307480692817887,48.13165261477002,7703,123.03046378493968,2,2494.7034077219337,1818.2692222986327,,1,225386.0
2.1158885565887813,48.46643914027978,7707,125.9938095019218,4,2468.2970993678014,4730.032619024867,,0,321532.0
3.482351917046861,48.06759638534715,7705,85.93398768256094,3,2469.326368602736,3597.988687760628,,2,251470.0
2.70681572510139,48.89895129250577,7704,193.7746279509548,4,2507.681546343389,1779.503808266515,,2,447866.0
2.6634181107534696,48.73247843915111,77010,142.78884166999703,4,2535.7676266455924,2974.5962595570395,,2,295531.0
2.883762959322069,48.164357873163375,77015,196.28565922602044,3,2509.041371711664,3493.735896320305,,0,486084.0
2.1835472431490364,48.8021164471629,7700,73.4781538435807,3,2500.6482553342094,3179.1100091628823,,2,211079.0
2.8643110655717354,48.28673544727991,7701,88.28908422459415,3,2534.5676313664776,2601.5965077566693,,0,202548.0
3.474761818273504,48.24474279880067,77016,162.11197418791886,2,2489.955719107417,3943.844662299071,,2,407434.0
2.018444969640344,48.54146387153958,7706,132.92777261877842,3,2515.5912267881854,3158.2578759500607,,3,378499.0
2.1872495214664456,48.457343328006445,7705,228.40094483931395,2,2469.326368602736,781.0552207907629,,0,678944.0
3.435584444720465,48.24431589196868,7701,76.89769650353894,4,2534.5676313664776,3005.004588516518,,0,251151.0
2.2588619787451822,48.119435506215886,77014,181.4545124300757,5,2531.1992319512387,3628.092416684683,,2,292901.0
2.4262442085573115,48.74298532337061,77016,211.1356820537416,2,2489.955719107417,3297.9172374292875,,3,310286.0
2.507018281570708,48.29589366754589,7702,163.9030185948141,2,2521.514844161584,2613.934205010894,,3,477267.0
2.574102036390585,48.40592932019788,7700,135.78508867067302,6,2500.6482553342094,4372.93951729093,,2,383248.0
2.6336818554338093,48.19591217178469,7708,227.65625354737136,1,2479.8146622631675,1926.474018993634,,2,386128.0
3.457064333173647,48.39366655318311,7700,135.2465387616927,3,2500.6482553342094,2798.0452882725526,,0,333859.0
2.409148488815044,48.08290196412406,77016,109.97701547525398,5,2489.955719107417,2718.8809162421617,,1,242552.0
2.2160666186773708,48.30376527548732,7706,234.95103340922657,5,2515.5912267881854,2023.864650323975,,2,632184.0
2.6115736559978378,48.12556557863725,7703,116.31448130630386,2,2494.7034077219337,3802.574196508413,,3,228601.0
2.648451154976294,48.665389237168014,7704,199.3955214124824,3,2507.681546343389,4134.786258121378,,3,433957.0
3.180170502993537,48.031424298781616,77011,219.7094996706556,5,2522.5267076694745,4679.947599577465,,3,470437.0
3.0283933423721154,48.02572026232368,7706,169.49949942433483,4,2515.5912267881854,3036.864620148665,,1,549619.0
2.181174019460028,48.42188409997474,77016,87.26067641658965,1,2489.955719107417,1474.826394122062,,0,220775.0
2.9756378732357964,48.21233397428689,7704,201.9448707545155,1,2507.681546343389,1484.2125000794265,,3,636332.0
2.9503996651651807,48.64399081040312,77012,225.0190565038232,1,2528.438700180489,1014.5751987188812,,2,418715.0
2.019456325105276,48.85310291608491,7707,187.1494247026506,4,2468.2970993678014,1409.8306978372434,,2,691105.0
2.4052916892454914,48.93738154656543,7709,155.43322456102027,6,2516.219162131406,4779.794480648736,,2,565094.0
2.421381669939544,48.4279567024406,77015,113.9131249284516,1,2509.041371711664,2540.8946841879733,,1,363496.0
2.662153231666553,48.97048588228628,77014,113.56634023536677,5,2531.1992319512387,2585.95392610204,,1,288095.0
3.357305282895354,48.17422316192182,77019,166.66898038441923,1,2509.836958318999,1879.616699400247,,3,317543.0
2.037759694558415,48.603732478963806,77017,202.3857709221136,4,2535.249063009944,3553.8073553312524,,3,407056.0
2.7964018749757047,48.44778316457309,7701,232.5705183336642,6,2534.5676313664776,1578.028508001376,,2,336657.0
2.64080029854194,48.40107299602073,77010,190.49987354183995,2,2535.7676266455924,3233.010672780526,,0,428957.0
2.424137962148725,48.41465729567312,7707,138.58460142792916,6,2468.2970993678014,3609.108714622103,,2,311713.0
3.403242154918969,48.88363680662143,77010,223.8619423173392,3,2535.7676266455924,3478.471378331168,,2,711617.0
3.0081132948180875,48.41672225711992,77010,217.2367167059067,1,2535.7676266455924,1456.8446153156167,,3,673081.0
2.4195628068402475,48.05163147624389,7700,117.02779550825367,1,2500.6482553342094,546.2920567862099,,2,245605.0
3.2572991743437223,48.70160323176805,77015,96.65493798919552,1,2509.041371711664,2759.447158132184,,1,337152.0
3.4950196087306646,48.325105788821766,7701,64.86238637740561,1,2534.5676313664776,4241.742579942044,,0,211374.0
2.8518205596728343,48.8398267128952,7700,100.29797366227044,4,2500.6482553342094,1088.9493612726844,,0,351341.0
3.36317141481676,48.91262931137648,77019,196.98150899189773,6,2509.836958318999,4568.367688435887,,3,559186.0
2.17715167541766,48.65509178449166,77015,209.71791167181388,4,2509.041371711664,1979.6021361461608,,1,659906.0
2.930337328841529,48.85216421870501,7709,139.89256834402886,4,2516.219162131406,917.903564064491,,0,256122.0
2.091062498056864,48.38292308005053,77018,82.61077221194856,1,2529.770777288311,4342.685063866886,,0,231511.0
2.925091387679821,48.95501348298259,77013,225.27352309552907,5,2550.4876935530483,1282.6601465437716,,2,591205.0
2.8294559351297828,48.54897250484643,7708,139.57006910473604,2,2479.8146622631675,3094.916574117909,,1,470825.0
2.205497344315962,48.43942292900769,77014,100.25616758384804,2,2531.1992319512387,2330.1595860441,,0,193709.0
2.669791684377792,48.40550779174354,7706,69.19230521945326,3,2515.5912267881854,664.5888634717231,,3,169117.0
2.9990355189107523,48.61467490127964,77019,234.2934448277855,4,2509.836958318999,1193.9663681986128,,0,809085.0
2.7120282737412875,48.90324742895943,77013,79.55787473425872,5,2550.4876935530483,3570.839936807048,,2,214638.0
2.1627500912814703,48.863904229034254,77016,211.96315952882512,2,2489.955719107417,1994.7540139265527,,2,489814.0
3.0041156500846307,48.78204233358539,77016,198.9018727383868,4,2489.955719107417,3147.8447656604344,,3,417906.0
3.494127674336034,48.16762420118161,77012,110.28655214207836,2,2528.438700180489,2230.026969364829,,3,438093.0
2.449832469013711,48.69102688604245,7705,177.47340632983662,4,2469.326368602736,1719.934227635341,,2,717704.0
3.4028749773849896,48.58014945392406,7702,228.04879524379345,6,2521.514844161584,1447.1986288125313,,2,490751.0
2.039508052622828,48.98992314242073,7701,86.10894496702895,2,2534.5676313664776,2770.6010130375303,,2,209694.0
2.942057661860209,48.00044463436457,7709,83.12308815190681,5,2516.219162131406,683.8110566124931,,2,225257.0
2.140008930806649,48.14341852625749,77012,186.45634247387392,4,2528.438700180489,1272.029570988239,,0,338855.0
2.653740366979439,48.13191465841072,7709,106.15283764611344,5,2516.219162131406,1881.8708588750355,,0,257159.0
3.1865524738671582,48.46861679730258,7704,177.13164870437825,2,2507.681546343389,2760.916280210105,,3,423494.0
3.1773696762011507,48.27872625598074,7705,125.51220095776908,4,2469.326368602736,4740.960245057072,,1,386695.0
3.004932758821093,48.72192708491259,77016,240.6192381143597,4,2489.955719107417,2238.575598518192,,1,476081.0
2.467414122948707,48.78738331255134,77013,229.9533935262104,1,2550.4876935530483,1427.123173644242,,3,633085.0
3.079361973392755,48.13279371401434,77010,134.4615567675665,5,2535.7676266455924,4279.929252770244,,1,355889.0
2.631688209677808,48.25642073508489,7704,156.90737580510202,2,2507.681546343389,4352.35369158677,,0,235692.0
2.9463633440850807,48.57664981113318,7700,118.5735383103168,4,2500.6482553342094,3941.478198673056,,2,414059.0
3.045033481809796,48.72532639073588,7705,174.54964769503272,5,2469.326368602736,3443.9920791305585,,3,532339.0
3.096743057506868,48.90734761012641,7706,226.95940251566373,4,2515.5912267881854,3091.232431702427,,1,579908.0
2.402104570222847,48.60850046685644,77010,189.2028112066267,6,2535.7676266455924,1073.1155638211194,,0,520106.0
2.223235689176543,48.11280335225821,77015,90.404565873061,5,2509.041371711664,1481.9951421940764,,0,292242.0
3.4961598605502937,48.30718024372072,77014,102.10562186538134,6,2531.1992319512387,3126.00341716798,,1,368494.0
2.015834911992678,48.02616190309193,7709,195.61039203274785,1,2516.219162131406,3681.200822952206,,3,725170.0
2.732255928209062,48.14478173966719,77014,131.7704042741291,4,2531.1992319512387,1166.2641281441602,,2,333018.0
2.713584954651964,48.312092720719136,77013,64.9782382356097,2,2550.4876935530483,3595.640404150693,,3,223479.0
2.4507185055296934,48.57526729431387,77015,112.20155616360437,4,2509.041371711664,1173.5487750670195,,2,241175.0
3.0049141240475565,48.2205240172998,7704,234.51937693611492,5,2507.681546343389,1100.9390354191364,,2,489282.0
3.352705550376272,48.10945510083366,77016,161.94824935120843,1,2489.955719107417,4534.2281754162605,,0,556260.0
3.095260179966015,48.57178931593598,77011,85.69128960544239,2,2522.5267076694745,1098.5440950829795,,1,255967.0
3.4000928767312457,48.08415583800856,77012,189.6417624292189,5,2528.438700180489,4615.319779955861,,1,398620.0
3.399345365906666,48.04147364546572,77010,208.16830496290703,4,2535.7676266455924,2618.8416117668585,,1,642982.0
3.3307243452991715,48.29313773486416,7706,155.66235799577134,1,2515.5912267881854,828.456169060494,,2,561987.0
3.115162516805293,48.05996738767716,77013,241.32248738787223,2,2550.4876935530483,2380.4146688405385,,1,734293.0
2.0850422434559364,48.51904871772689,77016,147.4351612613798,4,2489.955719107417,3496.53567579014,,3,258761.0
3.3688857941368284,48.4266189316158,7704,201.63044559552603,2,2507.681546343389,2767.634570556901,,0,605077.0
2.715664726540889,48.99456425668453,7706,210.09515500318685,5,2515.5912267881854,3376.8296269945586,,2,609464.0
3.186171903206323,48.29332512441712,77017,161.92307507070683,2,2535.249063009944,4194.932341319704,,3,488284.0
3.216618170885764,48.68434126282471,77010,231.27430031135685,6,2535.7676266455924,2545.266204421709,,0,617474.0
3.3010523110302783,48.300163193771205,7702,114.99514730723736,5,2521.514844161584,4224.217835344469,,2,197066.0
2.677043412801419,48.84779309001303,77014,184.244379771936,6,2531.1992319512387,3291.542875927472,,1,430306.0
2.967901414902487,48.33372320815511,7709,177.11844834771102,1,2516.219162131406,3772.3989880174895,,1,408050.0
2.394321052983989,48.03574839446586,77013,188.28598894720847,3,2550.4876935530483,3349.904784964748,,0,574714.0
3.192582704813753,48.76834537466826,7707,177.85237021526808,1,2468.2970993678014,3361.6959205904404,,0,556094.0
2.5131523510811085,48.64852384448431,77014,94.68813085733213,3,2531.1992319512387,2860.0496835162,,2,369134.0
2.4164270844224847,48.3561010490246,77019,87.95549422747258,5,2509.836958318999,2542.705568375498,,2,188633.0
2.5517825986612688,48.7187853862098,77012,88.1949687942151,5,2528.438700180489,518.3325078712398,,2,265267.0
2.033975832780466,48.68790709431168,7704,146.1950381601763,2,2507.681546343389,1953.933920174882,,2,492996.0
2.0043399777451056,48.61206317612188,7703,106.98446943701504,6,2494.7034077219337,1162.0385786587285,,1,155964.0
3.475379130173416,48.055291576892,77013,67.00998085032094,1,2550.4876935530483,4736.215077770922,,2,191699.0
2.7809055177419246,48.81996343722465,7708,91.38115306611864,6,2479.8146622631675,1348.8045055024563,,0,177095.0
2.3950320925731186,48.90723120799113,7706,170.89501859882972,1,2515.5912267881854,3898.832687384231,,3,540266.0
2.3771636592676977,48.27473179702591,77013,239.50548867766133,4,2550.4876935530483,2527.448608895421,,3,685275.0
3.2304921105754616,48.8638274427558,7707,83.1367218378089,4,2468.2970993678014,1900.982451925248,,0,246382.0
2.246521689374019,48.00084910962172,77017,208.31333364986253,2,2535.249063009944,1734.6019365848483,,3,699416.0
3.0211902478698405,48.67392401764569,77012,110.75263895887905,2,2528.438700180489,1811.980930360682,,0,319846.0
2.018030885265875,48.95536728073117,77013,101.78534107222734,4,2550.4876935530483,2232.660627066861,,2,321153.0
2.6722562705319777,48.63669291435794,77013,216.0048887796658,3,2550.4876935530483,754.1754080156693,,3,368988.0
3.313924465564156,48.3945189560093,77019,226.226829040308,6,2509.836958318999,4151.319578803563,,2,420948.0
3.099343198005512,48.55008461573551,7704,63.60471361582684,4,2507.681546343389,4716.039484061146,,1,186069.0
2.912151780278138,48.62402843717281,7701,175.12269921052632,6,2534.5676313664776,2197.0267887725613,,0,609897.0
2.187049444511968,48.849031514780165,7709,63.67472621695659,5,2516.219162131406,4660.909332615287,,3,196076.0
3.1817613547378625,48.57713328020458,77012,142.96120018254845,4,2528.438700180489,3927.649751896822,,0,246072.0
2.481467908975587,48.75693043318225,77017,194.67759430494283,2,2535.249063009944,3991.372589207285,,3,464279.0
3.246743525927552,48.13484997430797,7702,212.66669576863728,3,2521.514844161584,3333.485970775181,,1,401215.0
2.7018759847440634,48.13036413477397,7704,123.77040791764196,3,2507.681546343389,2060.438924936954,,1,277011.0
2.872016355961752,48.23333365144729,77011,209.94335647874607,2,2522.5267076694745,1243.6836986419696,,3,420484.0
3.491401915679436,48.66063135259076,7707,114.49171953866129,3,2468.2970993678014,4696.652435345175,,3,222217.0
3.1027929189022827,48.08677402300455,7709,90.40671956404194,1,2516.219162131406,4239.642223519788,,3,176343.0
2.0872374125759388,48.438174673840976,7706,217.40322052130725,3,2515.5912267881854,985.551085171512,,2,711254.0
2.976644392937492,48.70450123174805,7704,236.23938104087208,2,2507.681546343389,3435.513965225099,,1,473312.0
2.085585846286503,48.05351775415043,7703,140.72375484485573,3,2494.7034077219337,3526.0255363768933,,0,406564.0
2.82287228165508,48.34655714241605,7706,122.99973063166976,1,2515.5912267881854,1157.6106050530543,,3,408027.0
2.5243208132053,48.27583758912292,7701,160.55048221583183,2,2534.5676313664776,2017.2750466966847,,2,615532.0
2.5126232634888908,48.18342364349795,77013,101.47759124418734,6,2550.4876935530483,1132.6636317801451,,2,211381.0
2.785387501544628,48.14477252140883,7708,73.08951489960721,4,2479.8146622631675,4439.42233651706,,1,267359.0
2.0748325398298486,48.24284929363748,77011,124.31372981743928,2,2522.5267076694745,2171.972249849439,,3,348042.0
3.385182147019336,48.21135068382177,7700,166.61781387796452,2,2500.6482553342094,1873.8396022728148,,2,633896.0
2.407991947529556,48.25253049659993,77017,126.99398280159056,5,2535.249063009944,1922.505605737016,,1,262514.0
2.205880564794037,48.18575510147711,7702,78.25058612111317,3,2521.514844161584,3174.6733157196863,,1,198133.0
2.816684190804584,48.5505584781294,77011,166.90546510510583,3,2522.5267076694745,3100.4245962670125,,0,545351.0
2.271488218124248,48.122457935119535,7706,87.20935259344667,2,2515.5912267881854,3778.458854965744,,3,210243.0
2.0402265517561484,48.69653035796917,77017,233.30489730789523,2,2535.249063009944,2387.429801888756,,1,940798.0
3.009240840487017,48.03842894086584,77013,140.1607028385831,5,2550.4876935530483,4745.940502692296,,2,277801.0
2.3062498387523647,48.04234227877238,77014,180.82866209707507,2,2531.1992319512387,3196.8595226274697,,2,333809.0
2.1353073496788086,48.14420929647224,77017,65.01444654615972,6,2535.249063009944,2004.823138781342,,1,204319.0
2.825034207063662,48.787624402821066,77019,226.2619153636712,6,2509.836958318999,4083.72262912956,,1,593694.0
2.04616276738874,48.61746274791322,77018,173.87907483027047,4,2529.770777288311,742.6966227839205,,0,354304.0
2.476790220541632,48.24420279555709,77018,133.23130037956494,4,2529.770777288311,2768.0103448464765,,2,363334.0
2.3676261013457527,48.42612547760227,7701,227.7737287940556,2,2534.5676313664776,4361.865515090656,,1,664815.0
2.6421207687181694,48.303638982809126,77013,209.96320804070905,4,2550.4876935530483,1530.9420414990482,,0,417993.0
2.2723017006179105,48.25916055611432,7709,95.71218552085782,3,2516.219162131406,1010.3614701751792,,0,339108.0
3.116062641104117,48.32960093716791,7701,149.98684676290884,1,2534.5676313664776,1056.4265221092314,,1,330026.0
3.122947715304834,48.42287119533952,7709,233.5076246915225,5,2516.219162131406,2856.28201967716,,0,807861.0
2.959685139704093,48.80124079955577,77016,120.37043087369597,1,2489.955719107417,3520.2403269453994,,1,431950.0
3.0101115658473283,48.26564207743342,7709,228.1122478824498,5,2516.219162131406,3462.4580578147475,,1,768395.0
2.637724270286572,48.20880615992887,77018,64.47140576991353,6,2529.770777288311,2674.4924826410747,,1,160372.0
2.5511816769804376,48.95453136695448,77016,117.23103953559944,6,2489.955719107417,2641.1362785982988,,3,276166.0
2.191931195976978,48.21174443453025,77015,178.47630872739188,2,2509.041371711664,3727.158653321849,,3,420490.0
2.907293192528253,48.8701903694073,7703,186.52584734821403,6,2494.7034077219337,4141.910475133092,,3,433621.0
2.072026458732952,48.6175361107249,77010,61.74042881395212,5,2535.7676266455924,3088.250110061348,,1,166126.0
2.475841592494796,48.50701369220702,77013,202.8770571602109,6,2550.4876935530483,4347.867444129942,,2,793242.0
2.965181045709089,48.515682558011335,7700,179.8905329245984,4,2500.6482553342094,1323.5391880552097,,0,509181.0
2.9404478997263084,48.58902500776232,77010,165.06531632209533,3,2535.7676266455924,3960.599520775031,,1,595112.0
2.3125790446752115,48.37194615111602,77016,164.17242772804818,5,2489.955719107417,4560.412067888905,,3,581181.0
3.449688005072521,48.54104868886222,7706,62.65390589996739,2,2515.5912267881854,3293.8887348047074,,2,200332.0
2.155656879955407,48.15057603142296,7708,201.0555322899124,5,2479.8146622631675,3958.044916619462,,2,488884.0
2.179627278322647,48.983296627549855,7700,169.686707585902,2,2500.6482553342094,4049.062807215837,,2,366007.0
2.625260988890552,48.838851584264376,77014,66.95584601001816,5,2531.1992319512387,2462.661949620852,,0,207153.0
3.053626292225547,48.63409194507984,77016,158.90840341684293,1,2489.955719107417,2262.972839054014,,3,271454.0
2.845381342630404,48.13587302231728,7708,217.45350234193,4,2479.8146622631675,2909.3363543107434,,1,549777.0
2.844457322272777,48.91104448881391,77011,125.4905753047334,5,2522.5267076694745,1540.604231059514,,0,497237.0
2.0621395968137626,48.42841227283465,7704,121.7576148726085,6,2507.681546343389,2104.6061040903533,,1,392854.0
2.5494798090360264,48.34320844991503,77018,222.0260685554604,5,2529.770777288311,1632.1268964946116,,3,454757.0
2.4051819111695307,48.53715576254393,77014,194.34656243097885,3,2531.1992319512387,1078.138590407489,,2,434672.0
2.5842342096273088,48.79736695299037,7708,193.9743307554782,1,2479.8146622631675,1872.7677121340848,,3,555612.0
3.3405575159305823,48.63791412588318,7705,120.48357126649393,5,2469.326368602736,3860.501643459537,,2,268137.0
2.7980520302500853,48.17655419224284,7704,237.123262655048,5,2507.681546343389,872.2931329445232,,1,711423.0
2.9616318673140283,48.5331871345164,7701,200.983008236608,1,2534.5676313664776,3350.659558478602,,0,339974.0
3.453661466780145,48.44694183444224,7705,127.7126550191909,2,2469.326368602736,4232.035731746279,,0,378491.0
2.452935080102683,48.62557977167505,7701,197.8108546069562,3,2534.5676313664776,813.6800784153947,,0,525684.0
3.2482600003551445,48.58674605127026,77011,160.71662120422786,1,2522.5267076694745,2099.2175539483164,,1,411140.0
2.609624804861028,48.879837747941465,7708,221.680860887292,5,2479.8146622631675,3857.808373485225,,3,491248.0
2.702503617750611,48.02649771439313,7708,133.34947809253157,6,2479.8146622631675,775.4220177584336,,0,459272.0
2.698388583007506,48.778161186494735,77019,103.36679680807865,4,2509.836958318999,4450.689006033424,,1,221957.0
2.987133897242068,48.66374842243168,7706,207.44830678220617,3,2515.5912267881854,3211.9399577414883,,1,380104.0
3.491018804139828,48.138923012370974,77015,63.987146533694094,6,2509.041371711664,1728.29690438212,,0,157450.0
2.7071155086889127,48.2621816903896,7708,163.00509779138935,2,2479.8146622631675,3734.7435390223823,,0,249479.0
2.9827370076462696,48.92671942280233,77011,142.5153630020814,4,2522.5267076694745,4720.558562687015,,1,354812.0
2.022332135790739,48.103157615634125,77019,167.43502291388404,5,2509.836958318999,3654.42877643579,,2,587034.0
3.173973020675133,48.862108974270384,7703,151.77041410159276,1,2494.7034077219337,1785.7496510760052,,1,599292.0
2.13778597100308,48.82939992752503,7704,110.03515433359664,5,2507.681546343389,4033.598236095287,,2,367021.0
3.1220922797080446,48.18441791829167,77019,118.9062333864767,5,2509.836958318999,4177.044974530225,,2,182515.0
2.9922789227164843,48.39211066913536,7709,151.5969754596512,3,2516.219162131406,1536.5487003445153,,0,451125.0
2.346780369677166,48.67503539813161,77010,148.97714115750148,4,2535.7676266455924,3463.0079588383846,,1,486459.0
2.6831571383223904,48.65745211479103,7700,115.11943948053118,2,2500.6482553342094,1988.867509419268,,2,318169.0
2.0601036295224,48.984321978814044,77014,193.086424430628,1,2531.1992319512387,2308.160563707628,,2,553935.0
3.262999139900131,48.16229861661512,77012,96.53040238138745,4,2528.438700180489,1935.721312880033,,0,173724.0
2.2769793325663343,48.82201127609284,7700,106.12227200099282,6,2500.6482553342094,4423.707034492489,,1,306328.0
3.459056077236122,48.845622918328026,7705,137.71324044862666,4,2469.326368602736,1084.861856659469,,2,341565.0
2.758843707717809,48.12423947386348,77019,188.41240014915752,1,2509.836958318999,3770.969253433688,,1,495090.0
2.5290273711659257,48.21193583328184,7702,114.32157313781612,1,2521.514844161584,1004.2837531708988,,2,469704.0
2.9444458996513747,48.88610815535728,7706,77.05415534910075,5,2515.5912267881854,3646.743848056716,,0,301825.0
2.789187175263107,48.6283441177474,77011,117.8140137786968,4,2522.5267076694745,4684.75463443415,,2,423124.0
2.801054169806985,48.87946269351189,7707,168.6605292672012,2,2468.2970993678014,4583.584293558915,,2,345967.0
2.727684867979548,48.22192507336494,7704,138.7088340722584,1,2507.681546343389,4158.612797280008,,3,446040.0
3.0354148271564627,48.36739704320266,7709,100.01229532661644,1,2516.219162131406,1192.640597538004,,0,385409.0
3.106836563864933,48.0463985538735,77018,199.53768395428332,6,2529.770777288311,4739.216634951127,,3,503168.0
2.23062651139092,48.65302952334366,77014,181.6771831126072,3,2531.1992319512387,2396.9346326194327,,0,374567.0
2.907491978295459,48.71471500339668,77018,177.3955058841896,6,2529.770777288311,1258.9870712730833,,2,493258.0
2.443473892486062,48.53991329686196,7709,203.28811710182404,2,2516.219162131406,4516.333359007612,,3,622725.0
3.485607491871587,48.22233462821157,7708,60.3930351399645,3,2479.8146622631675,4208.241448979031,,0,178425.0
3.092959303867312,48.89231763711989,77013,120.96703294026744,4,2550.4876935530483,3204.583436277016,,2,370203.0
2.869858907423524,48.76574676003431,7705,205.63951755484183,5,2469.326368602736,2735.672362429931,,2,739148.0
2.4764716819695414,48.82051374973842,77010,117.91886589082496,4,2535.7676266455924,4412.642957703984,,2,301954.0
2.2024636431908533,48.76599828604482,7708,73.08535159444929,1,2479.8146622631675,4694.307749108243,,0,258015.0
3.0948362723436587,48.83692711676669,7701,138.76562107111613,3,2534.5676313664776,4367.446111665362,,2,320754.0
3.3867395318524465,48.179921356369874,77014,202.2531882497709,4,2531.1992319512387,1918.1641347402883,,0,398285.0
3.0541415931049016,48.9923366512335,7702,223.81520351572013,5,2521.514844161584,4003.0905310076087,,2,505169.0
2.051255793950231,48.28942989154816,77019,237.666979115952,6,2509.836958318999,4568.51645381617,,1,739013.0
2.3212500834121426,48.15440498345273,7709,195.61959193869544,5,2516.219162131406,3293.6979499767594,,3,531956.0
2.302230624875272,48.66107672801795,7702,77.88115020899221,4,2521.514844161584,2299.5762095307555,,0,217090.0
3.297203507125465,48.851567652435264,7706,150.7831756515535,5,2515.5912267881854,4022.42559576124,,3,269590.0
3.48039097897505,48.5043297168181,7704,117.66938043664092,5,2507.681546343389,4367.796773771508,,1,363260.0
3.490240992401255,48.33213345435851,77013,142.2789206546509,3,2550.4876935530483,3958.817326117395,,2,489200.0
2.5282803222117605,48.41681589676494,77011,131.90506572189446,2,2522.5267076694745,746.4704625310404,,1,309071.0
2.1630930255958334,48.98693665634399,7709,79.46814853115546,1,2516.219162131406,4583.496214011746,,3,303569.0
2.8997585997764257,48.84483619694447,7705,95.98055885729823,5,2469.326368602736,4002.2926353553407,,0,211513.0
2.394726855101318,48.67317786916063,7708,221.8775714551064,6,2479.8146622631675,1288.3903440717256,,0,580867.0
2.651123963745772,48.929526522520895,77019,118.32857643712396,6,2509.836958318999,3199.6173856831656,,0,288562.0
2.876547272843968,48.80361615692399,7702,153.6817708141397,6,2521.514844161584,2243.4942073959223,,3,617499.0
3.2752869227748174,48.30875298631288,77010,117.28776169551136,3,2535.7676266455924,4373.55671463709,,0,249227.0
2.4493193011534617,48.58875023949576,77011,179.75959963968612,6,2522.5267076694745,816.0235591688781,,3,466605.0
3.441181358385929,48.4070533702462,77011,147.7361448572679,6,2522.5267076694745,3415.3585942568934,,3,383342.0
3.254810000720073,48.06812706013708,7707,181.00791990353943,2,2468.2970993678014,3451.801328937221,,1,559015.0
2.00869025810835,48.57495370584124,77013,162.30702884984618,5,2550.4876935530483,1700.873468628467,,3,293396.0
2.374002069759236,48.09439501723112,77011,184.85565680614425,5,2522.5267076694745,2505.599541437362,,1,392447.0
3.023227062327046,48.75429100658398,7708,78.3823045344258,5,2479.8146622631675,3821.787154899297,,0,185017.0
2.8843721889963256,48.61043280327801,7706,226.67813728121283,2,2515.5912267881854,1284.9947768690815,,1,380900.0
2.0907329442750577,48.92780865695602,7700,178.73281237806646,6,2500.6482553342094,1509.1926203654734,,0,337538.0
2.459226829732944,48.98135325004902,7701,183.7761010139772,2,2534.5676313664776,1349.9954615557062,,3,315905.0
2.8243940253385142,48.77855484889295,77014,67.0379251581289,1,2531.1992319512387,2949.881561632257,,2,276716.0
3.431684001434117,48.63838543332541,7702,75.5546929409049,1,2521.514844161584,3549.867079991286,,1,259428.0
2.466212935521148,48.4027241149829,7707,163.31699956561306,4,2468.2970993678014,3404.618381918191,,3,627708.0
3.048152991570396,48.10569436605769,7709,158.53936262327443,6,2516.219162131406,3450.090990399109,,3,384235.0
2.3306294922617803,48.383894129863286,7706,130.05267432838937,1,2515.5912267881854,3999.590937859876,,1,277706.0
3.4283505744100595,48.12819032269372,7706,221.90298217546368,1,2515.5912267881854,1046.4829541875515,,3,531824.0
2.729802657627668,48.22354820803724,7700,103.9806309208843,4,2500.6482553342094,2563.464770144492,,3,188346.0
2.486651011779533,48.753273397148654,7702,159.27293708084716,1,2521.514844161584,3693.749871083,,1,572332.0
2.0102248288115785,48.88514322111195,7702,111.97282702513402,5,2521.514844161584,2381.8227430936995,,0,308112.0
2.7567616006072866,48.53845829017191,77014,121.26480238740132,4,2531.1992319512387,3642.42410575936,,1,386777.0
2.741820069792685,48.73975819140715,77012,77.70790017430798,1,2528.438700180489,2318.595812229664,,0,207957.0
2.7143568250270853,48.92764577820726,7708,72.58388780845083,5,2479.8146622631675,3100.038364538045,,1,203936.0
2.1239320409296694,48.58176702099709,77018,127.15332814257448,3,2529.770777288311,4516.778652511557,,2,312574.0
2.714668086826121,48.44594769761797,77017,189.21600113444896,1,2535.249063009944,4578.064486943318,,1,400842.0
2.030661047604815,48.1987462324253,7707,95.80138294069582,3,2468.2970993678014,3347.510616681908,,1,199048.0
3.334206851068645,48.0919286423118,7709,208.32936783775443,2,2516.219162131406,3537.78450102443,,3,410695.0
3.003942249287604,48.912681541528194,7703,94.9198935979814,3,2494.7034077219337,1002.6850698891112,,3,326739.0
3.4347631193521178,48.776880995758304,77012,202.4518081393949,5,2528.438700180489,4168.423765244579,,2,375737.0
2.859173830921464,48.90109390758397,7704,184.7052423778792,6,2507.681546343389,4020.5362286563295,,1,624505.0
2.1549165279216256,48.46017541365094,7705,184.239399067696,2,2469.326368602736,4327.053102435786,,3,367798.0
2.2315238717452512,48.022080205301776,77012,149.28640935598833,6,2528.438700180489,3836.16832024239,,3,431615.0
2.544150699706214,48.25098720631607,7702,82.98252582531354,1,2521.514844161584,854.1395383792958,,1,248187.0
2.3128433384968217,48.51095765777385,77017,210.771090237232,3,2535.249063009944,2473.463021655843,,0,574479.0
2.9931330156387164,48.154288614858096,77011,93.1043537680394,4,2522.5267076694745,2370.131153350726,,3,210123.0
3.1111630470274654,48.655460912802894,7701,119.97853119898454,1,2534.5676313664776,4436.83966308374,,0,258150.0
2.593283204377129,48.94101982269724,77014,108.14193302301078,2,2531.1992319512387,4511.975222357918,,0,216918.0
3.3276948618939914,48.586292220245646,77018,89.09433318789003,3,2529.770777288311,3442.252868614408,,0,252671.0
2.216561265894411,48.72883952313718,77019,141.6328937255111,6,2509.836958318999,903.6060060713584,,2,294275.0
3.336230946369942,48.48262482760086,77018,114.40413666169756,3,2529.770777288311,4236.217282814003,,0,176343.0
2.5962520652857526,48.74091363956824,77011,186.241794282779,5,2522.5267076694745,2971.8724170420496,,3,416876.0
2.431023539163576,48.64185293613552,7703,173.63130065974866,1,2494.7034077219337,4718.547571469287,,1,438840.0
2.8361710208976096,48.05894502638889,7709,144.01860499961833,5,2516.219162131406,3756.640699664386,,1,345961.0
3.190671154209144,48.46793121793968,77016,215.15574906420423,4,2489.955719107417,4331.19742378726,,2,448089.0
2.8505002715134653,48.32929265165984,77016,218.074636120214,3,2489.955719107417,2513.765923864894,,0,660618.0
2.214238594099919,48.16373777243331,7705,214.3783695789544,2,2469.326368602736,2647.556038379593,,2,776767.0
2.219701959647107,48.22900603032951,7703,101.93305725739428,3,2494.7034077219337,4405.765835920067,,1,277324.0
2.903868751194924,48.213701619450674,77013,137.3689799214809,5,2550.4876935530483,3913.527382991773,,0,529445.0
2.9809913321303725,48.61858514907212,77012,116.55896412685068,2,2528.438700180489,648.2654071048848,,2,282698.0
2.149100728781393,48.04006118677469,7701,128.03085554918107,1,2534.5676313664776,2062.10204173511,,2,384987.0
2.706976130768703,48.982926604475146,7709,97.3489072329208,2,2516.219162131406,2916.892152638803,,3,224724.0
3.2516318053107773,48.93438979416537,77015,141.24963795840236,2,2509.041371711664,1344.7120935093965,,2,273681.0
2.743247878356405,48.70362511483478,77014,219.4835738411249,6,2531.1992319512387,4377.361581323813,,1,403346.0
2.763537448398509,48.94733078943325,7706,220.40388523839573,2,2515.5912267881854,2544.018147266602,,2,743004.0
2.752346229980952,48.361799679863054,7708,99.14330681536146,4,2479.8146622631675,798.8738201664572,,1,320472.0
2.1667211823060866,48.96215371906418,7700,138.5352164364529,1,2500.6482553342094,4590.416491280092,,3,393858.0
2.5378678672619723,48.17303248141367,77017,169.46853163462865,5,2535.249063009944,2655.980900011922,,1,487672.0
2.74828074274901,48.30742042148741,77012,84.36758864179565,2,2528.438700180489,4676.574760649403,,3,271006.0
3.2298799958141,48.84197671186215,7706,183.1195908297998,4,2515.5912267881854,2474.186584366778,,2,609386.0
2.887545743459488,48.70263377308552,7705,92.4105631958471,4,2469.326368602736,4766.48744077149,,0,214550.0
3.114312883545165,48.17692128024913,77016,144.68635939754213,2,2489.955719107417,2965.393507475715,,0,330726.0
3.458587561991061,48.54093926953628,7701,162.50491360624815,2,2534.5676313664776,2966.7057303902534,,1,472114.0
2.6158779481534085,48.38592143045319,7703,92.79130086936168,6,2494.7034077219337,2566.568261138409,,0,233888.0
2.921172731693672,48.20633887858209,7704,139.68406921399398,2,2507.681546343389,1302.2366374491835,,0,287160.0
2.670193541082354,48.948649684616434,77018,224.7871342950639,6,2529.770777288311,3149.464867590156,,3,566930.0
3.49292091059814,48.41685982017599,7708,81.14166025630243,2,2479.8146622631675,1735.3342164333228,,3,204135.0
2.755095717723428,48.84794107915143,7703,207.5757597743969,6,2494.7034077219337,1556.284466706675,,3,303651.0
2.7589749937355954,48.39864133519639,7708,172.14813939934194,6,2479.8146622631675,1363.4452089606054,,2,555624.0
2.313003452958058,48.55364732886697,77017,109.36510805125872,6,2535.249063009944,3951.6117060461,,3,250609.0
3.057805028002842,48.96559259447395,7702,166.97336215959302,3,2521.514844161584,3009.597489948495,,2,351870.0
3.4461205929301206,48.73379817838231,7700,147.47928134259567,1,2500.6482553342094,2252.7172289138675,,0,459766.0
2.7416046514741548,48.33931169180853,7706,203.6520256438588,4,2515.5912267881854,4461.826134472361,,0,741813.0
2.478157741716199,48.322573874521005,77014,162.4840568251233,5,2531.1992319512387,1714.2044193951956,,1,515669.0
2.976881278864606,48.792892711004434,7708,154.02192045500232,3,2479.8146622631675,1919.9801819530885,,1,240880.0
2.3414971715205604,48.50556570825514,7701,205.49448432363093,6,2534.5676313664776,2090.860389250672,,3,596539.0
3.1044231250418672,48.21499439334964,7709,127.53417861931884,5,2516.219162131406,3172.925270412064,,3,416451.0
2.5133382871683567,48.98138333424128,7708,79.02944952628572,6,2479.8146622631675,2202.420232243668,,2,187857.0
2.5474383511843723,48.40388430953253,77019,95.49010903423664,5,2509.836958318999,1859.5210177232627,,1,345733.0
2.2001293865006377,48.18594149676304,7708,97.2382664640342,4,2479.8146622631675,3245.642503070256,,1,172166.0
2.019663396368191,48.51278394333642,77013,118.56758486014772,6,2550.4876935530483,2015.4942680658887,,3,178283.0
2.089594982528902,48.98688169269674,77019,218.69958478436791,1,2509.836958318999,3619.349672637881,,2,816346.0
2.688484582413402,48.32193360979839,7708,122.52772057636692,4,2479.8146622631675,3144.8780621254787,,3,260594.0
3.352163036318591,48.72747929090674,77016,155.06391525133463,4,2489.955719107417,3316.5655340886,,2,363838.0
3.477152335220472,48.94864413486749,77011,226.8021059677644,3,2522.5267076694745,3828.5431121835295,,0,494902.0
3.35145625163386,48.54901227022841,77014,135.4766231095213,5,2531.1992319512387,1569.5336674745424,,0,316324.0
2.6090507686594093,48.62719244806491,7703,122.28818609292418,3,2494.7034077219337,3644.2229333303776,,1,203526.0
2.701364969509041,48.67244338769129,7707,238.3022594163763,3,2468.2970993678014,685.9567212126561,,0,854607.0
3.156476438798203,48.70857200460263,77016,209.87332655544145,6,2489.955719107417,4762.840497153521,,0,680275.0
3.014100767616686,48.34097605711815,77018,92.30112448221293,4,2529.770777288311,4458.399261618344,,2,319808.0
2.9641106400089168,48.5652099682852,77018,204.39320907799723,1,2529.770777288311,4269.47407599225,,1,683766.0
3.4811443737655217,48.919233322257455,7701,66.32405474546732,1,2534.5676313664776,2376.8001202527585,,0,163557.0
2.2063812557003444,48.0003208270859,77019,226.33215735806263,3,2509.836958318999,4437.037632206282,,0,711694.0
2.4135354066817083,48.48092946956343,77019,175.0645177121359,3,2509.836958318999,953.944955876411,,0,265819.0
2.8291089364427933,48.34315960639143,7700,100.85082150977732,6,2500.6482553342094,2820.634813480331,,3,288126.0
3.488266432151951,48.6776189004545,7704,121.6468570191605,3,2507.681546343389,1483.0254149837745,,1,293007.0
3.420167022286314,48.184425138093374,77014,150.32063781973153,6,2531.1992319512387,3147.0936398064227,,0,486395.0
2.567410840524309,48.47317265163096,7702,168.42980326367592,4,2521.514844161584,3923.171627197528,,1,533381.0
3.21354574703847,48.13747465337431,77013,90.6204991090967,1,2550.4876935530483,914.8144550035632,,0,159460.0
3.344470170000956,48.05053865299861,7709,170.0325293593362,2,2516.219162131406,4029.587293149744,,0,338624.0
2.496962831485093,48.00329322886388,7705,92.3945291396999,6,2469.326368602736,3189.5695761251336,,3,192166.0
2.8861778716001694,48.31472727279013,7704,102.13581920079548,3,2507.681546343389,4450.336474892014,,0,245118.0
2.1024837433574297,48.104708801620205,77018,185.35018561760967,4,2529.770777288311,2733.4866757302075,,3,559462.0
2.020007067251769,48.998941570568455,77019,233.411550954439,4,2509.836958318999,570.1441314891376,,1,670514.0
2.344357514160762,48.11975878526142,77010,182.30151168344844,2,2535.7676266455924,4068.5707824797473,,0,620294.0
2.262813231706201,48.10825542185805,7709,106.98189648418182,1,2516.219162131406,2752.5464947474275,,1,259594.0
3.21089282486509,48.91462829840835,77011,123.34738698313708,2,2522.5267076694745,1223.3068792094828,,1,298609.0
2.6528255137621897,48.06983985769797,7707,88.19467962503677,5,2468.2970993678014,1689.7638980381244,,2,311710.0
2.108764603773021,48.07792210532704,77011,91.03324881787732,3,2522.5267076694745,4764.117210427834,,2,244612.0
2.676782618086192,48.75011042290898,7701,206.1878360723395,2,2534.5676313664776,3577.817812856085,,3,459170.0
3.1467564020511904,48.3280670950204,7709,65.37417969828753,4,2516.219162131406,4205.3648567844175,,0,228154.0
2.6357795214259783,48.94967390957301,7707,80.15411503037464,5,2468.2970993678014,2192.809965340593,,0,267742.0
2.866145246451005,48.73516399364686,7700,233.61465985549248,4,2500.6482553342094,1291.9862275111873,,0,722243.0
2.6894491315346905,48.22360254832367,77014,209.45085945798624,1,2531.1992319512387,4359.938656037133,,2,558023.0
2.5506964024693133,48.6091040702783,7709,149.61658333000565,4,2516.219162131406,2014.916156336062,,3,437145.0
2.299110471644176,48.52432763351893,7701,90.91351338602205,6,2534.5676313664776,2960.6250839388545,,3,200869.0
2.437397186730584,48.99459146088525,7705,168.56558252177842,5,2469.326368602736,1774.682296823107,,3,409348.0
2.105063808841977,48.353833532079896,77019,178.65165115876346,2,2509.836958318999,4455.937241656814,,3,469426.0
2.711765176182022,48.975618886425046,7700,203.56180407998545,4,2500.6482553342094,3523.440129923517,,0,480201.0
3.3982094471237563,48.42110459307717,7700,80.74423398798822,2,2500.6482553342094,2676.680730049748,,0,254864.0
2.306676989348796,48.68760510099379,77013,91.8969912057408,3,2550.4876935530483,1312.173536306597,,0,213767.0
2.2182144467001046,48.52520830124562,77017,188.2845149554842,1,2535.249063009944,581.2828010976842,,1,687012.0
3.150477324544184,48.432006492887616,77011,230.21671985613284,1,2522.5267076694745,2478.354047101203,,3,605724.0
2.01679858876236,48.6919604128691,7704,175.2123761700234,3,2507.681546343389,2185.6300382899594,,3,523760.0
2.89223638291171,48.93816294374732,77014,156.34922492143215,5,2531.1992319512387,652.3233572818632,,0,322320.0
2.9374376007934773,48.58323090269864,77013,156.0198597358696,1,2550.4876935530483,3417.8906659482464,,0,512275.0
2.6751414087977814,48.73574991770647,77015,179.70546531311982,2,2509.041371711664,1379.5729927307102,,0,619098.0
2.997309975809997,48.20159910900619,77017,157.63291813210907,6,2535.249063009944,2447.5253568936323,,3,497121.0
2.541555510213561,48.570485554357184,7703,162.7222171109466,2,2494.7034077219337,1537.5509700758644,,1,393184.0
2.304570839278168,48.42399670231558,7706,68.35659036136116,3,2515.5912267881854,2973.8652166755714,,1,251514.0
2.271177725843569,48.2687976150302,7709,213.5950276377644,4,2516.219162131406,1650.8466569673517,,0,457362.0
3.27925475015172,48.759104363961086,7702,222.1712549469964,3,2521.514844161584,4649.091472777572,,0,460748.0
2.4329806471178923,48.74525556329242,7701,125.06590628533424,1,2534.5676313664776,3916.825698548941,,0,378945.0
3.481189810588192,48.80840140303112,7704,68.04882997503654,6,2507.681546343389,3855.152438495128,,2,234041.0
2.9795436955023327,48.19134925090258,7700,147.36929098943034,1,2500.6482553342094,4726.605628331642,,3,577933.0
2.523300082692766,48.80473706476694,7709,205.66777221386928,5,2516.219162131406,4724.581593887859,,2,624794.0
2.664185424335782,48.433556586944896,77010,63.15821767844084,6,2535.7676266455924,2297.222703924882,,1,207322.0
2.566247334931642,48.385576907058834,7705,76.92174093948373,5,2469.326368602736,1321.1176215624123,,1,291371.0
3.412737686408308,48.027402097797214,7708,146.34262464920906,3,2479.8146622631675,1500.717110805918,,1,201725.0
