longitude,latitude,code_postal,surface_reelle_bati,nombre_pieces_principales,prix_m2_ref,number_of_lots,season,valeur_fonciere_actualisee
2.2339788634732782,48.82882066779232,7508,69.30090030464481,4,9848.31703220121,2.0,2,1003661.0
2.3300061762284616,48.830469524505865,75012,55.02129579524559,3,9935.066867676536,3.0,3,588355.0
2.355183790295884,48.84672047976895,75014,68.37544222579345,6,10062.666974334055,1.0,0,605801.0
2.359348756491564,48.82252115393327,7500,72.9981598062781,6,9981.88888607979,2.0,3,1106772.0
2.4793014658202246,48.89281564467738,75010,95.19042713558696,2,9903.611678623716,1.0,1,880784.0
2.4340636566486067,48.83504836469071,75011,60.39306371471108,5,10149.03143443424,2.0,2,831334.0
2.234057102467216,48.86308596316057,75016,109.66844039308938,4,9678.120674588112,1.0,3,1369517.0
2.328892180531928,48.87626835802883,75017,77.04799943613867,3,9899.474939437398,3.0,1,974075.0
2.3204247393928146,48.87941883819495,75015,69.95936937220142,4,9813.040070612808,1.0,1,890622.0
2.2407535417386835,48.83122277038618,7501,113.2708034786926,4,10006.394372127985,4.0,2,871622.0
2.3732906791574626,48.85716040337764,7503,142.36196144577232,1,9983.017238897526,2.0,2,985674.0
2.251124422458235,48.85210060793648,7506,56.15746529444343,5,9841.359840436731,0.0,3,820530.0
2.267705954071129,48.84927187408999,7501,112.90605392094784,2,10006.394372127985,1.0,3,1361857.0
2.254076168329956,48.84752376208456,75012,130.8741187156449,4,9935.066867676536,1.0,3,1244016.0
2.2914988482487564,48.84531046680591,7501,49.10586310637956,4,10006.394372127985,1.0,2,689466.0
2.3609884514494466,48.89502372365531,7506,78.64577878504768,2,9841.359840436731,1.0,2,568948.0
2.407831987227324,48.88672563756612,7503,46.56800239460644,4,9983.017238897526,1.0,3,616301.0
2.3273738403794586,48.86249428849922,7509,52.090759030328826,5,9775.064380528089,1.0,3,703760.0
2.3177795885619976,48.89062184579719,75019,120.8560151025733,2,9910.289427293848,2.0,2,878827.0
2.374325913571885,48.85746953652586,7507,108.6601521209282,5,10160.7203358053,0.0,2,791601.0
2.2251932219614385,48.86137906611473,7507,77.15243316972376,4,10160.7203358053,2.0,1,987266.0
2.3905917725086607,48.81199837175979,7506,115.03308154255382,3,9841.359840436731,1.0,3,807903.0
2.29423082634108,48.85722842486379,7506,71.62851711534762,1,9841.359840436731,1.0,0,723683.0
2.293645344070439,48.890310409969175,75015,55.940107466191336,3,9813.040070612808,2.0,1,675869.0
2.3257344913406386,48.89819679302885,7501,122.69215541206182,1,10006.394372127985,1.0,3,1485343.0
2.22163560126196,48.89786819063318,7504,128.69721289227462,5,10257.726066885674,4.0,3,1102218.0
2.2755721155612525,48.85072523701402,7501,84.22573783854779,1,10006.394372127985,1.0,2,997056.0
2.391128411702257,48.856400043126605,75013,146.7734771888064,1,10190.767780889602,1.0,3,1594743.0
2.355723603496308,48.85786360351289,75010,50.43187835827263,5,9903.611678623716,0.0,2,474671.0
2.4726703890481416,48.86950805481703,75010,80.42757011811192,1,9903.611678623716,0.0,3,802638.0
2.416872912089137,48.89036302039907,7505,80.87454139404056,4,9974.4015549417,0.0,2,751538.0
2.2367014414534974,48.84958931584301,75017,90.3805108341055,2,9899.474939437398,3.0,1,887230.0
2.4640849158599747,48.87920357845016,75019,75.5286638626119,2,9910.289427293848,1.0,3,733913.0
2.4400418263404893,48.88159816955061,7504,103.71979503115236,3,10257.726066885674,1.0,1,1330262.0
2.273328228398448,48.84733745733735,7501,79.59928981178122,1,10006.394372127985,2.0,0,1084398.0
2.4389977364064515,48.81093529502402,75016,109.4652283421496,5,9678.120674588112,2.0,3,1472091.0
2.469606601296247,48.8940886576575,75016,75.60917198576675,6,9678.120674588112,1.0,0,1158164.0
2.468480201224796,48.82783177248802,75013,127.17910610955944,3,10190.767780889602,3.0,3,1147432.0
2.2418209118286163,48.81576789009684,7504,38.46956005185282,3,10257.726066885674,1.0,2,522638.0
2.471120085361217,48.82966273585102,7502,69.10578033465418,1,9569.91693818043,2.0,0,713057.0
2.250750236241755,48.88185893176232,7500,132.53219910707992,3,9981.88888607979,1.0,1,1363152.0
2.401565752776716,48.87910827265284,7507,104.3602528774081,5,10160.7203358053,2.0,3,1528418.0
2.390084655696167,48.81734751159844,7501,88.54886364500288,1,10006.394372127985,1.0,2,1255985.0
2.226891495456804,48.85667265275962,75018,104.99502628885364,5,9846.536214329111,1.0,0,1207820.0
2.388425862698952,48.88148130412948,7503,77.62034159985342,3,9983.017238897526,2.0,1,927087.0
2.29316375719748,48.88278145286616,75019,86.15398602047723,5,9910.289427293848,1.0,3,540414.0
2.2448153430199413,48.88135714418393,75010,44.35190038174752,4,9903.611678623716,1.0,2,416717.0
2.247944245735909,48.812276824632,7508,72.0753927037327,5,9848.31703220121,1.0,0,927952.0
2.4688959786152127,48.863174143965786,75013,56.2262437528303,1,10190.767780889602,1.0,3,609575.0
2.268283152311902,48.864974508154354,7501,92.7106304692907,2,10006.394372127985,1.0,0,692004.0
2.42205322134072,48.81492583711541,7505,65.45724332675957,2,9974.4015549417,1.0,2,942335.0
2.258868292032285,48.85101156192204,7508,75.63275990349092,6,9848.31703220121,1.0,2,1064027.0
2.222948917904749,48.83684875882288,75019,52.97679375693717,6,9910.289427293848,2.0,0,726728.0
2.255573505529808,48.83357996322502,7507,52.12944975853716,2,10160.7203358053,1.0,0,439867.0
2.4743008141522576,48.87552900368917,7505,104.93716945927756,1,9974.4015549417,3.0,3,1340393.0
2.402068020275889,48.87446306490101,75018,38.49062946933413,3,9846.536214329111,1.0,1,221688.0
2.389324363498913,48.855608588080095,75010,88.73742259440543,2,9903.611678623716,1.0,0,1087000.0
2.4424502303831304,48.87374518258473,75019,149.82806957309032,4,9910.289427293848,3.0,0,1491114.0
2.467335039716132,48.82323291573365,75010,115.02415976974726,1,9903.611678623716,2.0,0,692668.0
2.4111333221742752,48.866053741609015,7502,128.4866304578252,5,9569.91693818043,3.0,3,1422113.0
2.372933917809048,48.8313381410693,7505,110.53452267968328,6,9974.4015549417,0.0,3,883500.0
2.454000480308274,48.82006811933897,7503,50.94481289258419,5,9983.017238897526,1.0,1,661727.0
2.439260290081158,48.83946436661843,7506,65.97701642442138,6,9841.359840436731,1.0,1,840147.0
2.4254499422173112,48.83230938283146,75018,77.29697128739119,6,9846.536214329111,3.0,0,864522.0
2.253673883775756,48.84755955576048,75014,44.78626230908127,6,10062.666974334055,2.0,0,656272.0
2.270025905845518,48.82171522560008,75016,62.913211182530524,6,9678.120674588112,1.0,1,634970.0
2.24432964952061,48.86981977743011,75014,98.57431129650352,5,10062.666974334055,3.0,2,1107311.0
2.262336135985026,48.88569736253907,75016,100.40761222306377,6,9678.120674588112,2.0,1,1226662.0
2.263914265257073,48.813011113490205,75016,114.09493614522982,2,9678.120674588112,0.0,2,1522784.0
2.3258355883221054,48.82799287840476,7508,137.59686781239606,4,9848.31703220121,2.0,2,1410218.0
2.3743414578463526,48.87344413622794,75014,144.35089881079438,4,10062.666974334055,1.0,2,1292781.0
2.29279798780381,48.89075088357224,75019,149.80358239836215,1,9910.289427293848,1.0,1,1629018.0
2.248888895197067,48.86642275790823,7505,83.4280508558601,4,9974.4015549417,0.0,2,637052.0
2.429750563068222,48.83552594856452,75012,100.61332764704947,6,9935.066867676536,2.0,2,592907.0
2.3834047592823766,48.89694255126889,7505,40.63656237074936,6,9974.4015549417,2.0,1,452849.0
2.3957128724683705,48.87593172645652,75014,57.88277326518399,2,10062.666974334055,2.0,0,711801.0
2.3178316100558387,48.882880629916535,7500,73.48033206950268,6,9981.88888607979,3.0,2,794353.0
2.3322128427944806,48.83115799908609,7500,126.62018211514945,2,9981.88888607979,1.0,1,1134994.0
2.446153614955008,48.83167640297353,75013,55.70342615371587,1,10190.767780889602,3.0,1,419477.0
2.338547867154078,48.83243805253744,75011,75.8673549276838,2,10149.03143443424,2.0,0,847382.0
2.341240952047578,48.88895397575911,75011,107.888375903285,1,10149.03143443424,0.0,3,940699.0
2.3463070190660207,48.825220252088535,7504,44.30436778171925,3,10257.726066885674,2.0,1,480340.0
2.3271901320358466,48.84024829192189,75010,105.0179148824818,6,9903.611678623716,0.0,1,708004.0
2.381335634850562,48.85014014899887,75017,94.82319932007044,3,9899.474939437398,1.0,3,877234.0
2.446598899473732,48.84560476044016,75014,89.82387242971987,1,10062.666974334055,3.0,2,1188230.0
2.240422541512037,48.814998333204656,7502,111.0881401372743,4,9569.91693818043,0.0,0,913415.0
2.3414067792430404,48.85282388397627,75012,51.68849782454533,6,9935.066867676536,0.0,2,331687.0
2.383098888015193,48.83482810366006,7504,57.970249268045606,1,10257.726066885674,3.0,0,849676.0
2.280086681234497,48.85952313571979,7505,135.0453788029343,2,9974.4015549417,1.0,0,874074.0
2.346211766067992,48.8211082361147,75016,42.53613778502036,3,9678.120674588112,0.0,1,512313.0
2.458054185364236,48.82777195131456,7509,128.13316228627923,4,9775.064380528089,2.0,3,1198876.0
2.265978915973615,48.81511581358561,75012,93.53571413541424,2,9935.066867676536,2.0,2,1005073.0
2.3216655117882885,48.88354437101548,7503,56.72978219187188,3,9983.017238897526,0.0,3,551176.0
2.343224513774429,48.81787269226457,7508,119.4372756070678,4,9848.31703220121,2.0,2,1102458.0
2.310718258226679,48.89009230207065,7500,63.011325369753465,1,9981.88888607979,1.0,1,621456.0
2.400988060470897,48.81405051860913,75017,96.23684111011842,4,9899.474939437398,2.0,2,606129.0
2.3609950562031448,48.875957853568416,7508,132.18658278999436,3,9848.31703220121,1.0,2,1160206.0
2.400529398309427,48.82256922270943,75011,59.469532461524935,6,10149.03143443424,3.0,0,848979.0
2.2461744041396416,48.84844546241143,75012,39.33436748723676,3,9935.066867676536,3.0,1,257829.0
2.244981568717697,48.88292534359396,75015,77.1185673750367,2,9813.040070612808,0.0,2,1055053.0
2.227628706013574,48.87446024236551,75012,112.2100553503372,6,9935.066867676536,2.0,0,1111218.0
2.295506843518406,48.86500888275092,75015,108.53145487157724,4,9813.040070612808,0.0,1,1154356.0
2.343073661390753,48.83595505071232,75012,59.66685416417127,3,9935.066867676536,2.0,1,722382.0
2.323161959322978,48.89392290233715,7500,52.3097699673565,2,9981.88888607979,1.0,0,587880.0
2.4691708565424224,48.86414122458998,75012,73.40454156909043,1,9935.066867676536,0.0,1,731058.0
2.352548842559444,48.850995571180285,7502,147.52841440219385,4,9569.91693818043,1.0,3,1492264.0
2.349261486853574,48.82188883175663,75016,45.02806748757578,1,9678.120674588112,0.0,3,356905.0
2.365754301212724,48.86682082300974,7506,131.25437745345795,4,9841.359840436731,2.0,0,1371634.0
2.2347843539583354,48.85724180040977,7503,50.68896432167632,2,9983.017238897526,1.0,1,372257.0
2.304202162464133,48.88688390211279,75015,46.47295732876964,3,9813.040070612808,1.0,1,531600.0
2.292816338703134,48.86479524153158,75012,92.96663091476996,1,9935.066867676536,1.0,2,1316777.0
2.354961105870648,48.87816856222319,75011,123.39997375746375,1,10149.03143443424,0.0,2,911707.0
2.3612728345860696,48.87958588278684,7504,143.9506440826736,4,10257.726066885674,3.0,0,1489133.0
2.322360511910723,48.81856003299344,75012,71.07129421704596,2,9935.066867676536,1.0,1,875013.0
2.389545942262661,48.86728318363828,7503,62.13174406008594,5,9983.017238897526,1.0,1,702370.0
2.290188617912967,48.86629465951858,7507,97.46110455395028,4,10160.7203358053,2.0,3,815521.0
2.2469179101252394,48.849379271258535,7508,88.82591357870561,2,9848.31703220121,2.0,1,849101.0
2.479260958269488,48.81505144348585,7502,57.73205319406716,5,9569.91693818043,1.0,3,373208.0
2.258028541029854,48.82016105920516,75012,113.1812818864106,6,9935.066867676536,3.0,3,815876.0
2.3846462174117504,48.86289991866587,7507,35.331223312832044,6,10160.7203358053,1.0,2,397560.0
2.268156617804973,48.82509174850088,7508,36.5673452512991,2,9848.31703220121,2.0,0,475973.0
2.462170556839874,48.848153140914846,75018,47.735533914403646,3,9846.536214329111,1.0,1,395697.0
2.267116019736447,48.81027610688583,7500,61.2778892409704,6,9981.88888607979,2.0,3,656056.0
2.381693681446934,48.82974088633052,75016,104.91639768226314,3,9678.120674588112,0.0,1,1053974.0
2.4667988408137065,48.8253883586196,7506,86.70779749201331,3,9841.359840436731,2.0,3,1139034.0
2.375741554687464,48.865654352316746,75013,83.10251698014986,4,10190.767780889602,1.0,0,656034.0
2.259500690380356,48.84970405114173,7506,81.22471484892435,1,9841.359840436731,0.0,2,1185542.0
2.3920964179728013,48.87503682362981,75017,103.5422369614204,6,9899.474939437398,1.0,3,831353.0
2.3377366437508345,48.87466719162981,75018,135.80468304271662,4,9846.536214329111,0.0,3,1293962.0
2.447056066175415,48.820311847683975,7504,89.95477086170217,3,10257.726066885674,0.0,2,1233318.0
2.345813673534445,48.87477670274272,75015,66.97940470258501,3,9813.040070612808,1.0,1,996205.0
2.246361986682916,48.87852905785615,75016,47.69588735195916,6,9678.120674588112,1.0,2,547282.0
2.3587190402909965,48.89279180643471,7509,140.64424685308347,2,9775.064380528089,0.0,2,1041322.0
2.4556704137305205,48.85653749448503,75010,70.77056799182955,2,9903.611678623716,1.0,1,1088580.0
2.291818827284933,48.89944314148412,7501,134.89053704509604,5,10006.394372127985,1.0,3,1088236.0
2.4219208073720715,48.88369088918604,7505,54.70121965229609,2,9974.4015549417,2.0,0,600600.0
2.2751356342446534,48.881534060518135,75018,73.45678021308784,3,9846.536214329111,3.0,3,789019.0
2.329718862981621,48.83804288508174,75012,140.51494340374546,3,9935.066867676536,2.0,3,1305377.0
2.437301111090636,48.82887287076413,7503,149.83202404107033,4,9983.017238897526,4.0,2,1467274.0
2.268789682899621,48.83683214769597,7502,91.86057597440238,5,9569.91693818043,2.0,3,1008604.0
2.4225429086789,48.860039251087365,7508,91.2527018776733,2,9848.31703220121,1.0,3,1231944.0
2.389173610344484,48.884769618006295,7507,59.410564080596735,3,10160.7203358053,1.0,1,827776.0
2.2907096783093404,48.81216996402103,75015,141.42293092269324,5,9813.040070612808,2.0,1,1081461.0
2.427624132992092,48.86556120657272,7509,93.64251259849124,4,9775.064380528089,3.0,3,635576.0
2.331241851081895,48.817468497052985,75013,47.2485346297141,3,10190.767780889602,1.0,0,521947.0
2.268713030367792,48.87182650995008,7509,66.0977820929098,3,9775.064380528089,1.0,2,632202.0
2.3531175029516134,48.86240009271332,7505,39.36283153309385,2,9974.4015549417,1.0,0,451051.0
2.2899717995888085,48.83094209167875,7505,58.02015799016907,1,9974.4015549417,3.0,2,405587.0
2.2917414238211604,48.83107927787731,75012,121.28307576227306,6,9935.066867676536,2.0,3,1415368.0
2.422826240481343,48.87576035167271,75010,116.2076617544354,1,9903.611678623716,1.0,0,1292900.0
2.2265203103142004,48.820401574591735,75015,116.49157979419928,6,9813.040070612808,2.0,3,1475953.0
2.3014850492585563,48.83351527765366,7508,51.61317612739168,1,9848.31703220121,4.0,0,513940.0
2.253786016531314,48.86908804551375,7504,119.168089404573,3,10257.726066885674,3.0,1,1385744.0
2.289629441305072,48.86256578578638,7500,133.15198240725613,6,9981.88888607979,0.0,0,1266928.0
2.2273321427006203,48.86303161945768,75012,39.02174625267278,2,9935.066867676536,2.0,1,563734.0
2.2457039820719418,48.88189380983705,75018,114.239326066469,1,9846.536214329111,1.0,2,853538.0
2.3332196063443646,48.86543583973574,75010,129.1166769315854,4,9903.611678623716,1.0,1,944089.0
2.397149147822405,48.88294715964502,7500,83.0964638717672,1,9981.88888607979,2.0,3,1231670.0
2.401915555681658,48.82231697549669,7507,107.20115581816286,6,10160.7203358053,1.0,2,784763.0
2.3046145800885416,48.85141387145818,7509,121.483180741923,3,9775.064380528089,1.0,2,835053.0
2.3009426515910065,48.87567335417132,7509,77.05507671049888,6,9775.064380528089,1.0,2,578691.0
2.3121443054037423,48.87633325059106,7504,127.22830133773488,2,10257.726066885674,3.0,0,1347748.0
2.341194875240097,48.83282810545752,75011,130.4358879453295,6,10149.03143443424,1.0,1,1493277.0
2.419787358412284,48.8449243735888,75012,114.08608944311683,4,9935.066867676536,1.0,2,1146633.0
2.366306800135369,48.88746996356251,75019,64.19092577768856,5,9910.289427293848,1.0,0,542267.0
2.3383332088680784,48.83042043143371,75010,144.9468966360089,2,9903.611678623716,3.0,0,1513232.0
2.3443218008896194,48.881476589709735,7502,51.79091999395946,4,9569.91693818043,0.0,3,600829.0
2.410293925512272,48.86922109062964,7507,104.78186857000564,1,10160.7203358053,0.0,3,1169090.0
2.370521042588136,48.89197949553438,75018,95.7863681898342,5,9846.536214329111,2.0,3,1018059.0
2.289040312779694,48.85898559343885,7501,75.63727212606858,4,10006.394372127985,2.0,0,638441.0
2.335703442136109,48.88341777789909,75017,42.50663490498322,5,9899.474939437398,1.0,3,562341.0
2.4423812897347137,48.81583471888555,7501,75.43405761423338,3,10006.394372127985,0.0,1,933931.0
2.2292301952792744,48.87313097717555,7509,99.9412722019068,5,9775.064380528089,2.0,2,1016651.0
2.3967871124297595,48.81637961259384,7503,67.72975273030355,2,9983.017238897526,0.0,0,747934.0
2.3335566537061165,48.85604945242066,75019,94.67309615659646,2,9910.289427293848,0.0,3,898784.0
2.460136586590151,48.85811765994207,75017,38.72548774069656,3,9899.474939437398,1.0,2,284705.0
2.360685903418676,48.863405159498605,7509,60.38855919668536,3,9775.064380528089,0.0,0,580539.0
2.379335610186154,48.81371833569949,75015,81.98325288711595,4,9813.040070612808,2.0,2,733761.0
2.2752834021897383,48.82664367189294,7508,95.33240634246108,5,9848.31703220121,1.0,1,766222.0
2.2379420577410647,48.81423885011572,75016,128.80457675230002,4,9678.120674588112,1.0,1,1533086.0
2.4385687350917906,48.87338261358585,75012,53.07990854044129,1,9935.066867676536,1.0,3,409039.0
2.4113700573152164,48.81588770987026,7502,85.46942806353091,3,9569.91693818043,1.0,0,754030.0
2.2805798246749527,48.8243294849382,75016,121.74215926106702,2,9678.120674588112,1.0,0,1573128.0
2.4175783068833065,48.849209920017664,75017,123.93652884704542,4,9899.474939437398,2.0,0,1023453.0
2.364848647723733,48.88163194385899,7500,75.42189986423482,2,9981.88888607979,1.0,1,918180.0
2.2506951609917287,48.83108193727949,7500,74.86116549076183,5,9981.88888607979,1.0,2,639946.0
2.233313262989844,48.8625282145645,7508,110.3984256041594,6,9848.31703220121,3.0,3,657537.0
2.286643563394711,48.867890337489705,75018,98.12057088070804,1,9846.536214329111,0.0,2,822631.0
2.398019393868473,48.8916187774323,75012,129.76215672769402,4,9935.066867676536,1.0,2,1047694.0
2.2765488058577468,48.83360860118574,7504,58.55486107712936,3,10257.726066885674,1.0,0,505805.0
2.4272826065313247,48.86570198819997,75018,78.75132686898539,3,9846.536214329111,1.0,3,993400.0
2.379077911010676,48.87582996423208,7503,122.78034508774778,4,9983.017238897526,2.0,2,1013742.0
2.3577454402900826,48.81155071859071,7506,76.4513241851023,5,9841.359840436731,2.0,2,444570.0
2.442425128215336,48.87684454299464,75015,91.48942220121695,2,9813.040070612808,1.0,1,1068994.0
2.479210848116161,48.84678742879436,75012,106.92357107778368,6,9935.066867676536,4.0,3,1065550.0
2.2740406802163764,48.88286272077507,7500,47.16439269552401,1,9981.88888607979,3.0,2,412908.0
2.4742168289443542,48.89973353361265,75011,89.03011767461874,2,10149.03143443424,1.0,2,1380983.0
2.3181344139608857,48.87313664376822,7503,142.76065855421513,2,9983.017238897526,3.0,0,957264.0
2.3519838868031457,48.88512960565268,75014,48.11386900395711,6,10062.666974334055,1.0,3,757099.0
2.4014608242244924,48.887807220552496,7509,65.28194284169254,2,9775.064380528089,3.0,0,556650.0
2.358856049579353,48.82150710200691,7506,97.37621648288392,6,9841.359840436731,1.0,2,713290.0
2.3844463185996743,48.81870855085901,7505,50.59089869327396,6,9974.4015549417,1.0,2,311596.0
2.4068254141487406,48.89328066730267,75017,147.33942289703486,2,9899.474939437398,1.0,2,998790.0
2.461706097176524,48.83250156075312,7502,35.960604799617904,4,9569.91693818043,3.0,1,253988.0
2.265533946440235,48.85960705781456,7503,60.10976553586276,4,9983.017238897526,2.0,3,633434.0
2.455919984533724,48.84032280982867,7502,39.35467706687888,6,9569.91693818043,0.0,0,383125.0
2.431368454321106,48.85241352379545,75011,67.51233605845408,6,10149.03143443424,4.0,0,582429.0
2.319151214380246,48.84055146123078,7505,91.68748685689836,3,9974.4015549417,2.0,2,770320.0
2.47883023080309,48.84745677500716,75016,110.42501909208084,6,9678.120674588112,2.0,3,1289927.0
2.336840640090115,48.89069384706545,7500,54.73790936931677,3,9981.88888607979,2.0,0,495763.0
2.330336079978186,48.896530855312136,7503,45.44087732793842,3,9983.017238897526,3.0,2,431738.0
2.4744072178090875,48.82861864630628,75016,129.65557232040806,3,9678.120674588112,3.0,0,1003623.0
2.379650178014608,48.84401866589251,7502,39.34349350273919,4,9569.91693818043,0.0,2,292123.0
2.41018023698615,48.84475295305276,75014,58.67467789156146,3,10062.666974334055,2.0,0,722645.0
2.4318532234078387,48.82570633334317,75012,118.6781185886141,6,9935.066867676536,2.0,2,927496.0
2.3569723501800564,48.889061619697024,75015,125.72762470899896,4,9813.040070612808,2.0,1,819331.0
2.312039472767024,48.86940283469736,7506,106.01116107205296,5,9841.359840436731,2.0,0,1239000.0
2.375255094691463,48.88986034220557,75013,68.71352180199399,3,10190.767780889602,1.0,3,816933.0
2.365083459502282,48.81826878456901,75019,131.36918023173632,2,9910.289427293848,3.0,1,866375.0
2.416016040147796,48.81320252710493,7506,120.01727661049324,4,9841.359840436731,3.0,3,827637.0
2.2355687302281733,48.83787840273974,75012,134.3881241230633,4,9935.066867676536,3.0,0,1357211.0
2.2603122202665,48.85826839901371,7502,126.82486761438534,2,9569.91693818043,1.0,2,1174052.0
2.359235378389476,48.82265683397592,75015,103.75004152338236,1,9813.040070612808,2.0,2,1064441.0
2.376273955751804,48.89690566865331,7500,87.24198809306323,4,9981.88888607979,0.0,0,874365.0
2.4478592516862205,48.81317202996337,75014,137.3302210493621,4,10062.666974334055,1.0,0,1061926.0
2.4203126333315725,48.84857685631971,75011,70.82483309069426,3,10149.03143443424,2.0,3,904500.0
2.2961632080086587,48.83185183004894,75014,65.09429383176538,6,10062.666974334055,3.0,1,544857.0
2.2989354972200347,48.885185293030816,75013,55.27899554080473,4,10190.767780889602,2.0,0,730461.0
2.3969932369363383,48.85434875427367,7500,123.51567114353482,4,9981.88888607979,2.0,1,1510219.0
2.355277418326928,48.887388204485234,7503,65.48222469660409,5,9983.017238897526,0.0,0,704778.0
2.282658984998104,48.89540210364648,75019,70.24826115093026,5,9910.289427293848,0.0,2,857759.0
2.3021595438390543,48.85487733405016,7500,138.05329710095876,2,9981.88888607979,0.0,2,1571151.0
2.2355784252500417,48.822118043528405,7500,67.01490833858826,2,9981.88888607979,0.0,3,608760.0
2.324279559739536,48.87472261105269,75013,69.68552017006633,2,10190.767780889602,1.0,1,543228.0
2.3297155135243144,48.88548929130626,7501,122.21319720776214,4,10006.394372127985,1.0,2,1561265.0
2.4027854782727056,48.89621994976775,75013,39.49239670089899,6,10190.767780889602,0.0,2,285191.0
2.2737107568412616,48.81871851496543,7507,130.95367796942998,2,10160.7203358053,2.0,2,954684.0
2.466508402688489,48.890523219476776,75014,78.9034257184268,3,10062.666974334055,3.0,2,533169.0
2.2857442604229448,48.891178301501945,75015,65.51740493760067,4,9813.040070612808,2.0,2,541291.0
2.394946753216616,48.83850415667692,7505,74.21725101194065,6,9974.4015549417,2.0,0,494288.0
2.267653351082167,48.8969297125741,7509,46.10299878622719,2,9775.064380528089,0.0,2,363735.0
2.2289991382731187,48.89069046471296,7508,64.31617062822096,6,9848.31703220121,2.0,3,795126.0
2.446524322951231,48.8903902617278,7507,116.42765638188716,5,10160.7203358053,2.0,1,1099466.0
2.229538132208212,48.89605878446151,75016,39.93192788012558,2,9678.120674588112,2.0,2,516374.0
2.3580306529196,48.83363062215925,75010,128.18438112996307,6,9903.611678623716,1.0,2,1547154.0
2.2290136823663897,48.82943034921609,7501,87.9837766920744,2,10006.394372127985,0.0,1,741752.0
2.352867565215252,48.89586867434624,75015,88.41392147512326,4,9813.040070612808,1.0,2,1171124.0
2.447552620042688,48.89948380710548,75016,128.07690150659266,6,9678.120674588112,1.0,0,1068865.0
2.471880423032873,48.87589560538754,75012,122.23918805136456,5,9935.066867676536,0.0,0,1304909.0
2.223974082095705,48.84468892237442,75013,71.44528577400887,2,10190.767780889602,0.0,0,818493.0
2.236830920488293,48.86508675447556,7509,40.75502689453225,4,9775.064380528089,2.0,1,420548.0
2.449112415371232,48.85500332489891,7503,50.05737037792123,6,9983.017238897526,2.0,3,408797.0
2.2740116332169307,48.83247265733737,7506,131.14996413852833,3,9841.359840436731,3.0,3,1262752.0
2.396323501564511,48.816086084357735,75012,41.8977957957829,6,9935.066867676536,2.0,3,589667.0
2.4353229340179543,48.8143935025873,7506,132.74616058476977,6,9841.359840436731,2.0,1,1439806.0
2.4041367230227406,48.85526712069552,7504,99.8918279854678,4,10257.726066885674,2.0,3,1161222.0
2.3004488354318227,48.8809344554224,75012,91.18121411273056,1,9935.066867676536,0.0,3,694667.0
2.443703910873232,48.89063868688158,75014,123.31978741242202,2,10062.666974334055,2.0,1,1035836.0
2.2780180837463395,48.87096970606003,7508,54.03622929845817,2,9848.31703220121,1.0,0,341764.0
2.421787557900306,48.82586773717432,7506,57.15525861331344,1,9841.359840436731,2.0,2,623960.0
2.461634907977365,48.84696977424661,7504,37.01171692950084,5,10257.726066885674,2.0,3,498564.0
2.2617729865449863,48.88703263558414,7505,135.72866197093418,6,9974.4015549417,1.0,3,1174662.0
2.3468629057445267,48.826266870831006,7500,55.041947938164064,5,9981.88888607979,1.0,1,758213.0
2.3343324741671982,48.86231261402244,75019,115.64537964874349,2,9910.289427293848,2.0,0,1569961.0
2.3857106040571234,48.81996501013493,75018,139.2914585845772,4,9846.536214329111,1.0,0,1142499.0
2.3618373706150715,48.83627106824786,7504,35.8258355062022,2,10257.726066885674,2.0,0,418918.0
2.45249982777436,48.87207033209573,75015,131.65595963794888,5,9813.040070612808,1.0,3,964905.0
2.2665687246455497,48.8124679128204,75011,111.84557809456146,5,10149.03143443424,1.0,2,1427017.0
2.371234791479757,48.831671958396335,75016,73.59955177427466,5,9678.120674588112,1.0,0,727987.0
2.4586584908600564,48.83227856489326,7504,54.55867284464276,2,10257.726066885674,3.0,3,593125.0
2.33018731775979,48.82337996901663,7501,37.606648779965816,2,10006.394372127985,0.0,1,482124.0
2.28404547717589,48.8950283319816,75017,46.76766331136221,1,9899.474939437398,3.0,0,530225.0
2.323325479766842,48.88593090709429,75015,39.31756471496914,3,9813.040070612808,2.0,0,371825.0
2.385476718157034,48.8516066016793,7509,36.2451203787768,3,9775.064380528089,1.0,3,468952.0
2.473709505292864,48.869217183893866,75011,97.16130399185322,6,10149.03143443424,3.0,1,1574301.0
2.331883114720615,48.848917549789554,7501,82.63053379396177,5,10006.394372127985,2.0,1,990417.0
2.435342627032621,48.824715873828495,7509,64.34793364575421,2,9775.064380528089,4.0,2,370964.0
2.287969697218071,48.83945641236251,75010,101.38924669215665,2,9903.611678623716,0.0,0,868848.0
2.3014850484362106,48.8296799398731,75016,75.48776168271453,2,9678.120674588112,2.0,3,524538.0
2.3960121379209465,48.89660763076977,7504,89.40609376935325,6,10257.726066885674,2.0,2,645778.0
2.4611791144971567,48.8924628383341,7509,44.233124099483206,2,9775.064380528089,3.0,1,478410.0
2.305880867609737,48.877415689831146,75019,69.22722970337318,6,9910.289427293848,3.0,3,758999.0
2.236846585752219,48.88365747405157,7508,47.92975425136142,1,9848.31703220121,2.0,1,327984.0
2.249792255897336,48.834223730550406,7506,57.12578938569547,5,9841.359840436731,1.0,3,612851.0
2.2661753402459834,48.861487908372965,75011,45.63210538387359,5,10149.03143443424,3.0,2,498981.0
2.472658013483349,48.8257899563601,75012,123.1056317165046,1,9935.066867676536,2.0,2,963831.0
2.448665179781241,48.82212746540535,75013,43.75050443919631,2,10190.767780889602,1.0,2,297075.0
2.3536272765683286,48.84715496475015,7503,49.32131811704052,4,9983.017238897526,1.0,3,460207.0
2.2600468254056016,48.86780044095552,75010,74.5631267209045,4,9903.611678623716,0.0,3,566387.0
2.3745298370733243,48.89113762175285,75019,137.6588890385384,2,9910.289427293848,3.0,3,1197489.0
2.2767398448256926,48.81971883768527,7502,68.32553504938741,6,9569.91693818043,4.0,0,450624.0
2.291772495551086,48.87920556143235,75016,105.54281700454771,3,9678.120674588112,1.0,1,895465.0
2.3863069075687107,48.858393232264106,75014,60.39768889754732,1,10062.666974334055,2.0,0,901395.0
2.381317278320487,48.8405529817663,7508,51.90652607357914,4,9848.31703220121,2.0,1,740151.0
2.299623938653744,48.84529389436278,7504,58.00292358877081,3,10257.726066885674,0.0,1,579016.0
2.345151711963493,48.82192324315512,75011,126.829568545552,2,10149.03143443424,1.0,3,1051335.0
2.3302663316572763,48.81449273649496,75014,75.9643778370136,5,10062.666974334055,2.0,0,811160.0
2.2234712996909334,48.89442442832817,7507,133.78141745593817,6,10160.7203358053,3.0,3,1489758.0
2.2886478799906973,48.85635751625576,7507,54.3714057157144,4,10160.7203358053,4.0,0,645666.0
2.363161004961601,48.81694756655602,7500,142.77847858376242,6,9981.88888607979,1.0,1,939002.0
2.360941844154472,48.87106087437147,7506,108.3988457554647,4,9841.359840436731,2.0,3,765064.0
2.264470819682148,48.84080053570596,7509,63.26288861982204,5,9775.064380528089,2.0,3,453359.0
2.2835849360042864,48.88786179187681,75015,146.74183367837912,5,9813.040070612808,1.0,3,1466048.0
2.326595835669944,48.897142288737285,7504,71.49965061120957,2,10257.726066885674,2.0,3,536153.0
2.4600568579970394,48.83318937456084,7506,63.17735250495173,3,9841.359840436731,3.0,3,693773.0
2.2439875537454244,48.82226574497494,7501,50.224438319897295,3,10006.394372127985,1.0,3,705200.0
2.402561282687348,48.896601543761655,75010,139.09054179108497,5,9903.611678623716,1.0,1,895048.0
2.3511370202467137,48.82642058950549,75017,50.8041692007516,4,9899.474939437398,2.0,2,749040.0
2.358133173442743,48.85367465759799,75017,111.5154095000218,1,9899.474939437398,0.0,1,1366934.0
2.282947759159632,48.89316888883322,7502,77.09552107849606,1,9569.91693818043,0.0,2,853652.0
2.388826037149105,48.8820809045091,75016,106.8508096620695,1,9678.120674588112,1.0,3,1490460.0
2.2303898971181715,48.823178120989645,75017,40.11168639391202,4,9899.474939437398,1.0,3,421781.0
2.234058440422944,48.83906874312832,7505,70.10729898370971,4,9974.4015549417,1.0,1,533446.0
2.443311460118841,48.85122179929744,7508,69.64912308983753,4,9848.31703220121,1.0,1,853560.0
2.4420400804646905,48.88933189687092,7509,101.71804389830608,3,9775.064380528089,1.0,2,1150373.0
2.269475657610606,48.84946799724064,7504,84.77493526102982,3,10257.726066885674,1.0,3,786750.0
2.3282311834691765,48.82324662636848,75018,38.85495262083025,5,9846.536214329111,2.0,0,491330.0
2.3698812583762745,48.82848701803442,75018,132.15732223161467,2,9846.536214329111,0.0,1,771940.0
2.291273266874504,48.8615950920758,7504,87.40028878439412,5,10257.726066885674,1.0,1,753467.0
2.403901651777507,48.83926830908673,75013,118.47899555469502,3,10190.767780889602,3.0,2,1627429.0
2.2374817049940905,48.88260660355816,75017,71.76582871564477,2,9899.474939437398,2.0,0,872686.0
2.2536891681893447,48.85916907057298,75019,80.38028378695364,4,9910.289427293848,0.0,3,751473.0
2.2686988424058305,48.895563348734406,7502,43.67507513909216,6,9569.91693818043,1.0,3,656162.0
2.39034711811574,48.85101447120192,75011,60.85179031182702,2,10149.03143443424,2.0,0,487857.0
2.332964839514666,48.823231221756814,75010,75.78125716645228,3,9903.611678623716,4.0,0,623397.0
2.425799577096844,48.84800381244307,75013,109.21289985082797,4,10190.767780889602,2.0,1,845089.0
2.450514706340103,48.85600330447175,75018,118.4406031105445,6,9846.536214329111,3.0,0,902527.0
2.43774933711386,48.82283464397114,75010,145.2790345574071,1,9903.611678623716,1.0,0,1636444.0
2.295149863564433,48.81837753608441,7509,132.24671675477893,4,9775.064380528089,4.0,1,1631514.0
2.226080006718363,48.87628490530669,75010,71.71904769989544,3,9903.611678623716,1.0,1,830272.0
2.3730155805402413,48.82564897387466,75013,119.4927937207978,1,10190.767780889602,1.0,0,1392076.0
2.3694532294737503,48.84965132243202,7506,146.02926055655487,2,9841.359840436731,1.0,1,1116021.0
2.2664154994916004,48.88934404968276,7502,85.94925171258996,2,9569.91693818043,1.0,0,1007952.0
2.448500187742484,48.8510637771237,7501,104.58994585121292,1,10006.394372127985,1.0,0,1374262.0
2.428951901585684,48.82313305799821,75018,132.74781107188096,3,9846.536214329111,3.0,0,1380701.0
2.2853160333277422,48.82246622073888,75011,139.9354395308742,2,10149.03143443424,2.0,2,1554619.0
2.4329130538025123,48.866487530360615,75018,68.03310404446745,5,9846.536214329111,1.0,0,615304.0
2.359326518125732,48.89939431256378,7509,117.30680851272078,3,9775.064380528089,2.0,2,1118695.0
2.226799431259829,48.82544893823244,75017,110.57575884198054,4,9899.474939437398,1.0,1,1414590.0
2.4384309442501206,48.89606936895661,7506,137.80742007911772,2,9841.359840436731,3.0,1,1366411.0
2.4585614531792035,48.86468491336732,75014,72.50674196672463,3,10062.666974334055,2.0,2,576545.0
2.2275846909789445,48.857036761694175,75010,145.6909910291812,3,9903.611678623716,3.0,3,961919.0
2.3712937620517764,48.84839627764357,75014,119.86293078014664,5,10062.666974334055,3.0,1,1088299.0
2.4448046293858297,48.87650076121841,7501,107.40754737669238,4,10006.394372127985,1.0,1,1145857.0
2.397788717561564,48.86393922514656,75018,118.6602931562471,6,9846.536214329111,0.0,1,717294.0
2.356089920177464,48.87976016047798,7502,59.433943491303154,4,9569.91693818043,1.0,2,577756.0
2.37882876862469,48.827596037020506,7508,63.95744253523151,2,9848.31703220121,1.0,2,679918.0
2.407254695511011,48.86669733510509,75018,109.257292129305,6,9846.536214329111,3.0,3,803773.0
2.2435293114703114,48.83315971759394,7501,45.16235620319688,6,10006.394372127985,3.0,3,625012.0
2.457347775071215,48.85433375626231,75010,113.5997686466052,4,9903.611678623716,2.0,0,1214942.0
2.3545929361328453,48.86694824719363,75018,63.04850090693144,2,9846.536214329111,1.0,3,883240.0
2.4192979218998865,48.84434787481015,7508,138.22032858472176,5,9848.31703220121,1.0,3,1030377.0
2.427082192722148,48.86570832845789,7504,88.67096766629777,1,10257.726066885674,2.0,0,1004630.0
2.2342663163704715,48.8802535676404,7503,70.67999964209113,4,9983.017238897526,1.0,3,1012158.0
2.3986948130307297,48.81972715077562,7501,44.7482163658221,4,10006.394372127985,5.0,0,678937.0
2.47547054377158,48.84912132680847,7500,73.00403084143252,4,9981.88888607979,0.0,3,524430.0
2.400189614458396,48.82167467133185,75019,75.26499758814404,2,9910.289427293848,1.0,1,458599.0
2.296337871424271,48.85376707996826,75012,74.58033244379783,1,9935.066867676536,0.0,1,905999.0
2.361166625961445,48.882560404040525,75012,127.69220965294603,2,9935.066867676536,1.0,0,1651230.0
2.241774970172237,48.88719147883484,75015,132.264299337652,4,9813.040070612808,1.0,0,944734.0
2.321810547957781,48.88777954803067,75011,84.77244547329823,1,10149.03143443424,2.0,3,954427.0
2.2755708618634123,48.85371243524324,7504,60.30786342322762,4,10257.726066885674,3.0,0,623925.0
2.3871224480443414,48.836181947329045,75010,44.1495988662408,3,9903.611678623716,0.0,1,612992.0
2.350798699568067,48.88306785981155,75010,73.47757664845875,4,9903.611678623716,1.0,3,758042.0
2.385014626788768,48.84163503288955,7503,89.86199901530578,2,9983.017238897526,3.0,1,931588.0
2.470775169300726,48.86109454146616,75012,91.33976864476968,6,9935.066867676536,2.0,2,634908.0
2.4489258424368234,48.88522361179546,7508,78.8457990662541,6,9848.31703220121,1.0,1,754027.0
2.451754818412704,48.852603146697824,75010,50.30532326294478,1,9903.611678623716,2.0,0,717360.0
2.447487537223045,48.86981552130482,75011,74.82636801464635,5,10149.03143443424,2.0,3,744372.0
2.308019046249623,48.8968779974866,7505,73.04716066935333,4,9974.4015549417,0.0,2,874614.0
2.295349445595513,48.82397961409197,7501,58.375714040353245,2,10006.394372127985,2.0,1,433991.0
2.280514075129034,48.87725931971222,7505,51.472097956340605,5,9974.4015549417,3.0,2,658583.0
2.4531017187029667,48.89963279080433,7507,40.896446097157344,2,10160.7203358053,2.0,3,286440.0
2.321275931463913,48.8244046680741,7501,63.96116336149032,6,10006.394372127985,0.0,3,676350.0
2.396150076140077,48.85994747012316,7503,56.36796613856646,6,9983.017238897526,0.0,1,371623.0
2.322851898261712,48.81572807047811,7506,121.64003550813908,4,9841.359840436731,1.0,1,677284.0
2.2505292230111227,48.82074591027338,7507,149.6635540172255,6,10160.7203358053,2.0,1,1485679.0
2.2685246508610115,48.81691657289005,75013,91.95853342611544,6,10190.767780889602,0.0,3,935216.0
2.476411185940393,48.86186763061165,7502,58.4239581589933,3,9569.91693818043,0.0,2,491757.0
2.341589049322229,48.87514641693036,7507,74.96644636465828,1,10160.7203358053,3.0,1,526338.0
2.300081596000541,48.83732974162482,7509,130.19131050644006,6,9775.064380528089,1.0,0,973008.0
2.3698539903380964,48.86102190334461,7506,44.13056491171105,1,9841.359840436731,2.0,2,347353.0
2.415941494310602,48.83197372252136,7500,81.76094792356199,5,9981.88888607979,1.0,2,907574.0
2.322511590097428,48.891911568445856,75015,88.60034959901927,5,9813.040070612808,1.0,3,1049876.0
2.471908749403071,48.887747578444085,75010,95.5733125717442,2,9903.611678623716,1.0,2,875504.0
2.3391299731150523,48.86164318586188,7501,57.85722176804045,2,10006.394372127985,2.0,0,556901.0
2.2575021405987066,48.88250592822434,7503,57.03565594827691,1,9983.017238897526,2.0,0,422763.0
2.380291627983675,48.81967844915114,7507,96.89061948842756,2,10160.7203358053,1.0,1,1176884.0
2.4367712867724616,48.83972070896576,75010,42.414950844357534,1,9903.611678623716,3.0,0,318323.0
2.423626274027708,48.89721909586012,7507,125.76712610241016,6,10160.7203358053,2.0,1,1686186.0
2.255191765828493,48.84279307948251,7500,122.82899857695222,5,9981.88888607979,1.0,1,952179.0
2.440767115421906,48.82346817458789,7500,138.0957796300791,4,9981.88888607979,2.0,1,997489.0
2.295036396019783,48.89413549805335,75010,76.77247410160305,4,9903.611678623716,3.0,1,775550.0
2.354904119631278,48.89752454246732,7503,65.20003004860772,4,9983.017238897526,2.0,3,933409.0
2.259317353882124,48.89522060848253,7503,54.66307724284634,4,9983.017238897526,1.0,3,387712.0
2.370719525335016,48.8874748985207,75013,38.79172457605264,3,10190.767780889602,1.0,2,450349.0
2.254990939325705,48.86722797803359,75017,73.33679563342326,1,9899.474939437398,0.0,1,601528.0
2.30104520180424,48.87084378726651,75016,71.53528493119912,4,9678.120674588112,2.0,3,426565.0
2.3589357174291594,48.88726067964355,75019,141.16040681585088,2,9910.289427293848,1.0,3,1046138.0
2.281709156600913,48.823230169539634,7502,131.21345692605576,5,9569.91693818043,0.0,0,796896.0
2.3230597363611625,48.867995123123535,7506,37.77049008116798,2,9841.359840436731,3.0,0,562949.0
2.4248440272257503,48.889468377970445,7506,72.44338145662746,5,9841.359840436731,3.0,1,838576.0
2.466693758172159,48.8504212887912,75015,72.09194227465153,5,9813.040070612808,1.0,1,732592.0
2.383698203552076,48.81002490913571,7500,44.33736995413222,2,9981.88888607979,2.0,3,295788.0
2.2205891300212723,48.88699214808671,7506,102.5489041717818,3,9841.359840436731,2.0,2,1288464.0
2.289961505125006,48.87077078563407,75018,127.31907519736004,2,9846.536214329111,2.0,0,764672.0
2.302092457206138,48.85777551072148,7503,38.69093072598578,4,9983.017238897526,1.0,3,270885.0
2.2287977717755934,48.86019259777446,75011,60.31614352587743,4,10149.03143443424,2.0,0,520736.0
2.256845645387755,48.85588213479555,75017,60.180715978467575,3,9899.474939437398,0.0,3,834442.0
2.3107935270123843,48.88414475157665,75010,94.67853478891756,3,9903.611678623716,2.0,2,569765.0
2.3445309838950785,48.81092002341401,75010,78.2559536922151,4,9903.611678623716,1.0,3,1003187.0
2.322887143264172,48.8967455121523,75013,115.88478126041204,3,10190.767780889602,0.0,2,1353081.0
2.4223581664240834,48.85001173459861,75015,45.77174646391803,2,9813.040070612808,1.0,0,441572.0
2.299126213022849,48.84036533856555,75016,48.09415116949374,1,9678.120674588112,2.0,3,420120.0
2.29100222446635,48.88444807176516,7503,92.80875015416008,3,9983.017238897526,3.0,0,1235983.0
2.240681109967744,48.88777663159001,75015,56.23547415965641,6,9813.040070612808,2.0,0,671775.0
2.3605383983747914,48.89161127538699,7509,75.81907380291328,4,9775.064380528089,3.0,3,653892.0
2.2212316190413963,48.81292751280873,7502,38.28099047216647,6,9569.91693818043,1.0,0,448309.0
2.267340258033705,48.85845026608621,7505,54.58224545354911,5,9974.4015549417,2.0,1,799989.0
2.442327390252238,48.843028693680864,75011,89.57552692410448,1,10149.03143443424,0.0,3,1104672.0
2.3540392521970097,48.85473464719747,75018,55.09361425064327,6,9846.536214329111,0.0,3,391556.0
2.4632952416660445,48.85755594814911,7506,67.5862728474545,6,9841.359840436731,1.0,3,1034433.0
2.263338080416012,48.817130132639896,7509,60.10343764232459,2,9775.064380528089,0.0,3,410739.0
2.3867629106567243,48.84632004005751,7502,56.429782253170615,4,9569.91693818043,2.0,1,330768.0
2.238221840909372,48.86868177945058,75012,42.56357333118706,1,9935.066867676536,1.0,0,470473.0
2.359969437944829,48.88226794381732,7501,63.56294297554302,1,10006.394372127985,3.0,0,451562.0
2.366471323504097,48.86193855144313,7508,114.641765455946,1,9848.31703220121,0.0,1,1215582.0
2.3674755470443265,48.88297207325998,7505,76.44296642212234,4,9974.4015549417,1.0,2,704584.0
2.37542096487028,48.82347956071641,7508,80.54525313339923,3,9848.31703220121,2.0,0,741639.0
2.407531682818444,48.85559732223423,7500,67.15697776417727,6,9981.88888607979,1.0,0,862737.0
2.372821883931981,48.849925510764734,7501,60.17213520696061,2,10006.394372127985,1.0,2,761013.0
2.3128996822482897,48.88378323101645,7509,85.33519783666625,5,9775.064380528089,3.0,1,804341.0
2.463343339930328,48.84634001736488,7501,71.58440294185829,3,10006.394372127985,2.0,0,687496.0
2.390488401105641,48.8429352274545,75016,67.09576446414121,5,9678.120674588112,0.0,2,762309.0
2.4040948817609302,48.85619159243276,75019,45.42095670772174,6,9910.289427293848,2.0,3,648847.0
2.32020806887067,48.88401151260356,75011,140.6453030615475,6,10149.03143443424,2.0,1,1337045.0
2.26650879410602,48.87229254668031,7503,50.583152357798326,3,9983.017238897526,2.0,0,743627.0
2.463587915176161,48.81723664495373,75015,63.9540386052781,4,9813.040070612808,2.0,3,446103.0
2.256853686056893,48.82212944887748,7502,69.09743285163538,6,9569.91693818043,2.0,2,468154.0
2.358272222507148,48.86816407644046,75019,122.6197834523719,3,9910.289427293848,2.0,2,1086743.0
2.453728666804264,48.84861687205829,75019,84.63235528404186,1,9910.289427293848,3.0,2,1037586.0
2.296484099056803,48.81042809688648,7508,36.38644285785186,6,9848.31703220121,1.0,0,542268.0
2.428533079109916,48.879340147007646,7500,56.89377988140977,3,9981.88888607979,1.0,3,662994.0
2.436513919639597,48.86358606863292,75012,75.23125824649182,3,9935.066867676536,3.0,2,771191.0
2.4176377373473503,48.86911331949229,75011,68.6129073044363,6,10149.03143443424,1.0,0,450532.0
2.3270133061197784,48.81535769322642,75016,66.5703265845544,5,9678.120674588112,0.0,2,557565.0
2.453003699467436,48.89947549310816,75012,38.90559166593871,2,9935.066867676536,0.0,1,561444.0
2.4393830296047825,48.84080044773512,7508,117.95851274248322,5,9848.31703220121,1.0,1,854531.0
2.3087146888037084,48.83183209854067,7506,67.51431010888895,4,9841.359840436731,2.0,1,480610.0
2.231750776928504,48.882221655980906,7507,85.97175227422271,6,10160.7203358053,1.0,0,1061043.0
2.3890866351879376,48.81844125815058,75018,44.22970234471733,3,9846.536214329111,1.0,2,260227.0
2.3817267661564943,48.88147867648557,75015,71.02029363251476,4,9813.040070612808,2.0,0,792205.0
2.294357959155485,48.85293743516773,75016,108.0914943009152,4,9678.120674588112,5.0,1,792320.0
2.39607351943739,48.81192761177357,75017,43.35552977097209,5,9899.474939437398,1.0,1,562073.0
2.459874050039592,48.83263683724954,7505,101.5501312267141,5,9974.4015549417,3.0,2,1023630.0
2.4642223047222447,48.81375395703638,75017,45.05079161794818,3,9899.474939437398,2.0,0,544002.0
2.358525943000742,48.86036610876224,7508,80.71059094955775,3,9848.31703220121,1.0,3,800678.0
2.3967493961627087,48.84295054723218,75015,41.83888604311321,4,9813.040070612808,1.0,1,555068.0
2.3407573116741784,48.8743102913455,7505,40.56683186555552,4,9974.4015549417,1.0,1,451419.0
2.231963795883809,48.89786997493877,75012,89.02239188410047,6,9935.066867676536,2.0,0,630654.0
2.2436010244801667,48.838676012094695,7506,110.52712301785807,1,9841.359840436731,2.0,0,1296220.0
2.300680780306344,48.830517341252936,7503,112.41769572585576,3,9983.017238897526,1.0,1,1000529.0
2.4168205200599977,48.83647974790532,7503,49.76921757093464,2,9983.017238897526,0.0,0,400364.0
2.4316726912902418,48.884523657038905,7508,148.10350505395004,1,9848.31703220121,2.0,2,1419243.0
2.287462648365622,48.82712066706097,7502,37.91560200888793,3,9569.91693818043,0.0,0,406833.0
2.4044156951079616,48.82832322717212,7507,79.88704592975441,4,10160.7203358053,1.0,1,946302.0
2.4339242373282413,48.85855486158577,75011,128.50835946702642,1,10149.03143443424,2.0,1,1223512.0
2.274407267404689,48.86723270110237,7503,65.30995945067062,3,9983.017238897526,1.0,2,471210.0
2.419248478051087,48.85748892501484,7506,119.25351816427543,3,9841.359840436731,1.0,3,1303789.0
2.422737227442312,48.82585932758097,7501,73.2047104733362,4,10006.394372127985,2.0,2,726461.0
2.382962973495846,48.89142942283752,7503,115.04249811841788,5,9983.017238897526,0.0,2,1228847.0
2.221035053798756,48.89750291328552,7504,89.70212531908811,6,10257.726066885674,1.0,0,1396842.0
2.404786622058895,48.88944162150904,75017,134.05614224416362,3,9899.474939437398,0.0,0,1651136.0
2.2724598233418143,48.84156809483354,75018,69.64165994292146,1,9846.536214329111,1.0,0,624577.0
2.3150781515953214,48.82921210154473,75014,54.43848999392963,6,10062.666974334055,3.0,1,501373.0
2.3202786060488667,48.85909283563576,7509,100.79332023626807,1,9775.064380528089,1.0,1,662353.0
2.344042346197683,48.830296566714296,7502,107.09461166465807,1,9569.91693818043,3.0,0,887068.0
2.25323534465108,48.880298928147866,7501,80.42294365165796,3,10006.394372127985,3.0,0,483057.0
2.2827975864863204,48.81010942145536,7506,102.86767844737808,2,9841.359840436731,0.0,3,1100496.0
2.3827120679650595,48.88366777523126,75015,41.8419388518179,5,9813.040070612808,2.0,1,350628.0
2.3249671624601125,48.89521644327309,7507,67.24363702793957,1,10160.7203358053,1.0,2,1051378.0
2.333509216705308,48.88733950067282,75019,90.03377167066512,3,9910.289427293848,3.0,2,1206355.0
2.3319880660492287,48.83464383022905,75015,142.74333889807133,4,9813.040070612808,1.0,2,1168335.0
2.4666133392248675,48.827630073238495,7506,111.99720660645472,1,9841.359840436731,3.0,1,1434294.0
2.2443825166429585,48.87991681122882,75015,48.273898414537314,3,9813.040070612808,2.0,3,447002.0
2.436437293248186,48.88991741476784,75011,35.08548686148735,3,10149.03143443424,3.0,1,287476.0
2.421617274376497,48.86629875178512,7505,111.88193875148517,4,9974.4015549417,1.0,3,1241298.0
2.411871979488151,48.89841746883736,75014,102.21272260629596,2,10062.666974334055,2.0,1,907799.0
2.479989853513722,48.89876514211063,7503,85.96304499614793,1,9983.017238897526,2.0,1,1086133.0
2.462659506473736,48.87188805709782,7505,35.2160868161328,6,9974.4015549417,1.0,0,349401.0
2.3307987991251378,48.89341780638686,75011,70.89916166664338,6,10149.03143443424,2.0,2,946958.0
2.4044439551917747,48.87156530589472,75015,54.87511774756943,6,9813.040070612808,0.0,0,674357.0
2.2955793470403423,48.83677639948675,7508,133.27102675727335,3,9848.31703220121,1.0,3,854554.0
2.232174205042877,48.83873616254478,75016,60.31011445629591,5,9678.120674588112,1.0,3,596565.0
2.2978261288241733,48.842344830818575,75016,84.59865578843113,6,9678.120674588112,2.0,1,547745.0
2.2286689734472462,48.85074894887581,75016,69.77779668957402,3,9678.120674588112,2.0,2,396751.0
2.440727783695849,48.86370732383913,75012,83.66260965007841,1,9935.066867676536,1.0,0,719363.0
2.257788077789401,48.8765374217868,7509,82.1366008223489,6,9775.064380528089,1.0,0,564545.0
2.27196910618654,48.83949889433833,75018,101.70508955071324,3,9846.536214329111,2.0,0,1523707.0
2.2388533461317164,48.88937861221228,7507,65.50040139661478,3,10160.7203358053,2.0,1,737201.0
2.444102426088789,48.88219087322474,7502,112.26507979371624,1,9569.91693818043,0.0,3,1242054.0
2.429548504546776,48.83833109005183,75019,99.80983418408996,6,9910.289427293848,1.0,0,710269.0
2.3095174803482683,48.852314098912025,75019,142.04567866400123,5,9910.289427293848,4.0,2,896856.0
2.3165858350828628,48.81770340047523,75014,41.342720679710894,3,10062.666974334055,1.0,1,591786.0
2.4708153122304912,48.85316123059914,7507,96.13685212370912,1,10160.7203358053,0.0,0,849151.0
2.303692648033384,48.81714306493818,7507,138.8116252899822,5,10160.7203358053,0.0,3,1266314.0
2.322132900808113,48.81940532008448,75019,121.43486708450008,1,9910.289427293848,2.0,1,1318520.0
2.348883754086497,48.84459546128681,7509,53.929148996374046,6,9775.064380528089,2.0,0,420022.0
2.225060105907624,48.85997951656607,75011,99.18799923996968,6,10149.03143443424,2.0,3,875845.0
2.3501030607717603,48.89948834705383,75015,105.46488358280074,3,9813.040070612808,1.0,1,1065967.0
2.364602177497153,48.82279058125172,75014,74.3549049698299,4,10062.666974334055,3.0,1,473882.0
2.469303572793261,48.82114427746441,7504,53.23115374431755,5,10257.726066885674,2.0,1,773836.0
2.45778350934235,48.86846730057879,75015,38.33267853201697,5,9813.040070612808,3.0,1,395944.0
2.370504075476445,48.89546048203764,7500,39.927529708718,1,9981.88888607979,3.0,3,427829.0
2.28485892158222,48.87890622073793,7500,59.49927531323168,1,9981.88888607979,3.0,3,364603.0
2.4641522531142326,48.84900063825633,7501,144.73159606948866,6,10006.394372127985,1.0,1,1329691.0
2.288087131764441,48.8798632162284,7508,87.86382396297157,6,9848.31703220121,0.0,3,1129582.0
2.355687057059852,48.81136469261536,7507,93.78122457290806,2,10160.7203358053,2.0,0,861934.0
2.265757451664088,48.89820644194906,7508,97.40652575964444,6,9848.31703220121,2.0,2,736154.0
2.293155677110596,48.85618357417818,75010,54.28870001180682,3,9903.611678623716,0.0,0,407717.0
2.287480349941468,48.835580851840525,75010,100.76917682114008,1,9903.611678623716,2.0,0,604261.0
2.3736647135842373,48.848232575118686,7504,94.74443218416334,3,10257.726066885674,2.0,1,646393.0
2.462608276891664,48.86662918492837,7506,133.48757573680626,6,9841.359840436731,1.0,3,1086021.0
2.420798332550419,48.84960620874124,75016,140.75820169350715,4,9678.120674588112,3.0,0,915878.0
2.4773247220546626,48.82263045532642,75010,146.2298400126602,5,9903.611678623716,2.0,2,1399130.0
2.423088613755004,48.887078211053606,75015,143.52429614931947,5,9813.040070612808,1.0,3,1257109.0
2.3818511311077804,48.86836425283146,75015,95.60704209435848,3,9813.040070612808,4.0,3,534971.0
2.226165331243156,48.85740702241792,7503,70.13025307698716,2,9983.017238897526,1.0,1,904859.0
2.458954009932409,48.8356882998687,75011,98.1156535262926,1,10149.03143443424,3.0,0,956638.0
2.3439414537114653,48.83794045468011,7507,59.92465089471338,1,10160.7203358053,1.0,2,590891.0
2.228415913890697,48.85148239366493,75019,119.53450893747336,6,9910.289427293848,2.0,2,1498690.0
2.242917607307581,48.87883382006889,7506,84.64960456125938,3,9841.359840436731,1.0,2,817851.0
2.306594322325436,48.8167600226601,7508,72.95496555509172,2,9848.31703220121,2.0,1,447364.0
2.444121571591651,48.82456181456646,75019,114.2666313165128,6,9910.289427293848,1.0,1,820228.0
2.415787329968565,48.816138728298405,7505,48.58263105483378,5,9974.4015549417,2.0,3,424900.0
2.449088516904658,48.841553483325626,7508,123.60069261685176,3,9848.31703220121,1.0,0,826379.0
2.4171186490816967,48.85485802436113,75014,54.26377153445787,6,10062.666974334055,1.0,2,348320.0
2.278206962351365,48.88781348399407,7508,144.82507137612222,6,9848.31703220121,1.0,2,1104365.0
2.3598244265249155,48.8205076420456,75014,91.67231509790338,6,10062.666974334055,2.0,0,856298.0
2.466305885109941,48.8540735408878,75011,89.28422603757089,3,10149.03143443424,1.0,1,530902.0
2.3276197557723446,48.84373820315274,7505,74.52066103657182,6,9974.4015549417,2.0,1,475118.0
2.3933998571645057,48.85616977468931,75016,69.17602456787861,4,9678.120674588112,2.0,1,675803.0
2.309430219782719,48.84409795527746,7506,149.6273617081398,5,9841.359840436731,1.0,3,988935.0
2.43670615642097,48.8184541447329,7501,89.66134937440256,6,10006.394372127985,1.0,2,1252897.0
2.3859879884863915,48.85171740383981,75012,37.9411280941392,3,9935.066867676536,3.0,3,409859.0
2.26337671551062,48.868880803931134,75015,136.2739328675027,1,9813.040070612808,1.0,3,1587364.0
2.333711057405378,48.82575270418464,75017,37.62028712741106,4,9899.474939437398,1.0,2,520192.0
2.396970618187113,48.89089285039702,7501,87.93617281955173,2,10006.394372127985,2.0,2,865443.0
2.3348867780000298,48.87131253020211,7504,130.759615470692,5,10257.726066885674,2.0,0,1247720.0
2.2295242724121405,48.873250114523934,7506,115.48556800174345,6,9841.359840436731,2.0,3,946618.0
2.380686876823958,48.84311208458866,7505,129.85570041450703,1,9974.4015549417,0.0,2,1019321.0
2.3780246300231,48.83763622569048,7501,148.2035015200783,5,10006.394372127985,2.0,1,1636181.0
2.2837531923258685,48.832675665229054,7500,43.14038352899408,1,9981.88888607979,3.0,1,539808.0
2.440511071268148,48.8950597121407,75012,49.70780239552029,5,9935.066867676536,0.0,1,402004.0
2.281884827995932,48.81411378485076,7509,144.34093574904955,3,9775.064380528089,1.0,2,1575165.0
2.3194259921933944,48.83215387823773,7503,52.06972771145422,4,9983.017238897526,1.0,0,500234.0
2.239611965354439,48.889258520307926,75013,91.94417801704952,4,10190.767780889602,0.0,0,1164729.0
2.3728342483719485,48.82488396655807,7509,120.54817217552755,1,9775.064380528089,0.0,3,785181.0
2.4620848070008527,48.893795438185606,75013,112.2674399421916,3,10190.767780889602,0.0,0,923398.0
2.2345637885255245,48.83331039687185,7508,106.27440166146226,1,9848.31703220121,1.0,2,897724.0
2.3775341395846485,48.82643191173061,7501,137.7587385052356,6,10006.394372127985,2.0,3,1139161.0
2.402600281023269,48.82387455150239,7504,48.48088408884094,6,10257.726066885674,1.0,1,412048.0
2.4093917403725404,48.879598757956906,75018,120.55087492601648,3,9846.536214329111,1.0,1,1380757.0
2.377717107768183,48.86181441170615,7500,146.8677430219024,4,9981.88888607979,1.0,1,1295535.0
2.343407158896419,48.83870315119763,7504,70.17071746528833,3,10257.726066885674,1.0,2,481980.0
2.399057634172832,48.88173406385797,75015,82.40538793982371,2,9813.040070612808,3.0,3,1094445.0
2.3312654579141543,48.8286026969534,7506,74.23525046947654,3,9841.359840436731,2.0,2,488472.0
2.230963301116666,48.88732327226157,7508,36.32573403111181,1,9848.31703220121,0.0,3,396829.0
2.3967798680539008,48.85765139848953,75017,125.59038891356526,2,9899.474939437398,1.0,2,1482815.0
2.3704957142259926,48.888590096992246,75018,46.000572599417424,5,9846.536214329111,1.0,0,397000.0
2.3330799582764468,48.8338486109344,75012,98.11605230341144,4,9935.066867676536,2.0,0,1310324.0
2.3376799565453483,48.84647989203972,7508,132.21768454389024,1,9848.31703220121,2.0,0,1468072.0
2.2981094836938225,48.89368675911263,75013,45.6282074879126,1,10190.767780889602,0.0,3,474158.0
2.268525559694633,48.89020946002162,75010,67.53605807715954,4,9903.611678623716,1.0,3,870090.0
2.3360835299078944,48.87514910911335,75012,52.5958549220259,1,9935.066867676536,3.0,0,342877.0
2.466574849692853,48.86134434342453,75019,142.09278341000643,5,9910.289427293848,1.0,1,1241444.0
2.371603763259166,48.86152412921075,75011,38.31447913151953,1,10149.03143443424,1.0,3,436694.0
2.351016696724586,48.85219021512122,7507,146.03387328619422,1,10160.7203358053,1.0,2,1400352.0
2.317635696623125,48.84827675924621,7500,127.3911997312855,6,9981.88888607979,1.0,0,1412350.0
2.2987527719341947,48.85088318202416,7509,75.25965553920989,6,9775.064380528089,0.0,1,1175945.0
2.2923382207712923,48.83850355871192,75016,121.86082672201786,6,9678.120674588112,2.0,2,737216.0
2.413288710987902,48.88552043717327,7508,127.29800952456196,3,9848.31703220121,1.0,2,1109204.0
2.391688930455218,48.88384200091142,7506,55.76478456933021,2,9841.359840436731,0.0,3,771002.0
2.361986546625418,48.84956364015554,75014,142.49171444890388,4,10062.666974334055,2.0,3,1168314.0
2.42739140998946,48.88933352136653,75012,116.15418986743828,3,9935.066867676536,0.0,3,1017729.0
2.3431951219288822,48.86492739327189,75018,66.82115862507875,6,9846.536214329111,1.0,0,673966.0
2.3018469947062408,48.86222281007271,7509,143.0365350315915,2,9775.064380528089,2.0,2,1267439.0
2.245508118523573,48.86274236983766,75013,80.9500201182852,3,10190.767780889602,3.0,0,543642.0
2.4232075877444235,48.88541842596683,7503,114.52472056331746,4,9983.017238897526,0.0,2,1516717.0
2.287649118216243,48.84442686162984,7506,102.21693656634788,6,9841.359840436731,0.0,2,1302977.0
2.2242503863789547,48.85065170166632,7503,73.48907128453153,6,9983.017238897526,3.0,1,591551.0
2.314983874723259,48.89831608985836,75011,57.06248445921808,3,10149.03143443424,1.0,0,762351.0
2.391915278061989,48.861833581011446,7502,37.58378750621016,5,9569.91693818043,2.0,1,255708.0
2.2681892949058056,48.83633418850014,7501,135.33284132938127,3,10006.394372127985,2.0,3,930771.0
2.264145425960537,48.86055346115842,75014,70.1442979544402,4,10062.666974334055,2.0,1,537207.0
2.4264745567129395,48.86906773961968,75016,43.18328621367535,5,9678.120674588112,1.0,0,586728.0
2.448272952116332,48.89251298876928,75013,90.1763444533913,5,10190.767780889602,2.0,1,1087842.0
2.3118366971423696,48.8579425167238,7508,95.42924018194768,4,9848.31703220121,2.0,1,1493079.0
2.4440069867580565,48.89579677058429,7504,43.79284893803311,1,10257.726066885674,3.0,1,617481.0
2.236555583925492,48.87134246551525,7504,144.88673539488298,3,10257.726066885674,1.0,3,1375902.0
2.261179575461341,48.86634251385063,7500,108.59969381569138,4,9981.88888607979,2.0,2,1072066.0
2.442453735728942,48.8826848855432,75018,70.51121288454928,4,9846.536214329111,3.0,2,588599.0
2.391133237380792,48.86611842362974,75012,77.99548340742494,2,9935.066867676536,3.0,1,829988.0
2.274116314695506,48.83348614594608,75010,144.2921922305946,4,9903.611678623716,3.0,3,1734735.0
2.271213676857842,48.84622410607327,7506,75.86220428050592,1,9841.359840436731,2.0,3,760231.0
2.338649091136365,48.86451181041302,75013,60.820929050101945,2,10190.767780889602,0.0,1,648134.0
2.376724915879379,48.8372660509858,7504,129.7428455862194,2,10257.726066885674,4.0,0,1185511.0
2.284118671470719,48.856744960149335,75018,78.08527364299678,2,9846.536214329111,2.0,3,857479.0
2.276589193903837,48.81325062485335,75010,78.48842161226949,3,9903.611678623716,2.0,2,1014626.0
2.458017564310915,48.8200553819746,75018,67.17698884911349,2,9846.536214329111,1.0,1,880248.0
2.4349748036726155,48.87160639934908,75019,37.92199751796781,5,9910.289427293848,2.0,1,232529.0
2.4139139933282743,48.84555656047406,75016,93.84621796308387,3,9678.120674588112,1.0,3,839462.0
2.3532379315381133,48.87941404355526,7503,133.89016429674027,2,9983.017238897526,0.0,1,1213368.0
2.407069454286744,48.86368651697137,75017,132.67494370170996,1,9899.474939437398,2.0,1,1190170.0
2.4778964593836665,48.86870347822776,75014,115.68094607193429,3,10062.666974334055,0.0,3,975773.0
2.3439514313242285,48.84194955208213,7508,84.47808098523086,6,9848.31703220121,0.0,3,500786.0
2.4076010986213707,48.86208977691901,7501,112.78661298346616,1,10006.394372127985,1.0,1,1183546.0
2.3653083001348363,48.88243101229793,7506,52.18053865907433,6,9841.359840436731,3.0,1,673218.0
2.4572979617850663,48.83201705678826,75013,140.87979513882004,3,10190.767780889602,3.0,1,1642211.0
2.357971177191312,48.8243729160566,7504,141.91019843135402,2,10257.726066885674,0.0,2,811132.0
2.2435353511451184,48.8200272021906,7500,95.63435914451264,4,9981.88888607979,2.0,1,1446500.0
2.387912657365122,48.81297572511468,7506,73.71307314227033,6,9841.359840436731,1.0,0,725658.0
2.4542129660203345,48.89958830705142,7509,38.02193459890343,5,9775.064380528089,0.0,2,272203.0
2.4274054745668425,48.88122510965677,75017,71.23435078866463,2,9899.474939437398,3.0,2,568692.0
2.4304371834899072,48.829974867766445,75017,129.9703294851067,4,9899.474939437398,2.0,2,1140969.0
2.2752340139271188,48.83010579846228,75014,85.80245883803254,2,10062.666974334055,2.0,1,951421.0
2.4350194115236032,48.82034762807677,7508,58.23385824268206,4,9848.31703220121,0.0,2,540894.0
2.3916915353130825,48.85541518932296,7505,122.64249379305276,3,9974.4015549417,1.0,3,1473058.0
2.3094634176826334,48.87885216589369,75012,128.16707762829873,3,9935.066867676536,2.0,0,1469649.0
2.474461821845464,48.84782447180491,75012,79.54981523561511,4,9935.066867676536,1.0,1,523808.0
2.392011282492749,48.89936832661918,7505,94.62340357791972,1,9974.4015549417,0.0,3,1327501.0
2.4415058693198444,48.81076621145549,7502,82.05687286722463,6,9569.91693818043,4.0,2,713469.0
2.406503289092458,48.86035101122168,75015,108.28911155386372,5,9813.040070612808,1.0,1,1542539.0
2.380729517798999,48.89440499203669,75019,101.26475217808988,4,9910.289427293848,3.0,3,1004251.0
2.446409952258195,48.89570919022173,7506,90.69741682314128,2,9841.359840436731,1.0,3,633196.0
2.425780274652334,48.85721613997353,75016,90.64362988720296,6,9678.120674588112,3.0,0,583782.0
2.284118321544627,48.8839234426343,7509,112.90425717036337,2,9775.064380528089,2.0,2,852366.0
2.3730891643684933,48.83231219871816,7502,86.78226832771767,4,9569.91693818043,4.0,0,542185.0
2.350627528735758,48.87246914141618,7505,110.60987269970352,5,9974.4015549417,1.0,3,1285114.0
2.300256783259745,48.817109640311706,7506,100.39184506965212,1,9841.359840436731,1.0,2,1051545.0
2.259025198336776,48.85526727513791,7507,95.03657964953136,6,10160.7203358053,0.0,3,1519992.0
2.2500229006378585,48.82583680324597,7500,73.54593765597956,4,9981.88888607979,1.0,1,1027241.0
2.2734800561719,48.86719332916377,7505,81.37178931174259,3,9974.4015549417,2.0,1,1009151.0
2.2531025001202782,48.87374929689643,75013,59.3323479878044,3,10190.767780889602,2.0,2,423104.0
2.2344388360127097,48.85422577062534,7508,118.61600645642989,5,9848.31703220121,2.0,3,1052522.0
2.3252943969617568,48.870430416853246,75010,78.02677779089926,5,9903.611678623716,1.0,2,840959.0
2.355865054882283,48.89774183584781,7502,74.74258081348817,1,9569.91693818043,0.0,1,798594.0
2.427244562334995,48.8897125801345,75010,108.62352152387896,6,9903.611678623716,2.0,0,1387350.0
2.282738387172244,48.88641268994462,7505,113.72724170255344,5,9974.4015549417,1.0,0,1131235.0
2.255777268918028,48.88277096260604,75013,87.048416064576,4,10190.767780889602,2.0,1,665232.0
2.3531705573263104,48.87225446869552,7500,120.1847233569882,4,9981.88888607979,1.0,2,1652470.0
2.2443310709284536,48.85486658862455,7503,45.79209140583848,2,9983.017238897526,1.0,1,502677.0
2.4154865920372464,48.84326258964093,75010,41.22304709480849,2,9903.611678623716,0.0,1,297083.0
2.4569105396261475,48.87382467747421,75018,143.0567859260046,1,9846.536214329111,2.0,0,907611.0
2.4344773141328973,48.83846266804819,75019,41.06433516645927,1,9910.289427293848,1.0,3,588161.0
2.3693401282076865,48.847220716067206,7502,147.91522021959088,2,9569.91693818043,1.0,1,1612621.0
2.3315255096229177,48.88171502952811,7503,73.43876974200066,5,9983.017238897526,2.0,2,934678.0
2.305451799741677,48.86051771476303,7506,48.69661856249782,2,9841.359840436731,0.0,1,299921.0
2.2712228100163863,48.868316877334735,75013,47.777973890769886,2,10190.767780889602,3.0,2,379202.0
2.2541101554197,48.85137936986008,7503,81.32383819323334,4,9983.017238897526,1.0,2,801301.0
2.3464851734331704,48.83034541296273,75019,100.40529019507164,2,9910.289427293848,3.0,1,1334429.0
2.413925749891632,48.82010183502227,7509,41.02343923831094,1,9775.064380528089,2.0,2,426801.0
2.400704755255456,48.88930576288567,7506,139.33388481548715,1,9841.359840436731,1.0,2,1153603.0
2.466998974133167,48.82677304800839,7500,118.63253958796606,3,9981.88888607979,2.0,1,1005786.0
2.458307694107784,48.885048861098,7508,76.75345910485804,6,9848.31703220121,0.0,1,646798.0
2.290494880651952,48.82253753573333,7506,141.4904321097199,6,9841.359840436731,2.0,0,915901.0
2.3474495814025382,48.82840336401549,75018,140.48946342783748,3,9846.536214329111,1.0,3,1482705.0
2.357784317746033,48.810311655088526,7500,128.7933989087736,2,9981.88888607979,1.0,0,1085118.0
2.3395939859580333,48.86894510408897,75016,138.7040576020164,3,9678.120674588112,1.0,1,1120395.0
2.433199756242427,48.87007434259582,75011,86.08687815101224,2,10149.03143443424,1.0,3,1357762.0
2.4215260324247594,48.88280459259209,7504,76.0816931578236,2,10257.726066885674,1.0,0,1023127.0
2.372508789029548,48.8803456977457,7507,87.80114440921872,2,10160.7203358053,2.0,1,1224848.0
2.331142497359364,48.84394213042652,75013,83.14529401308533,6,10190.767780889602,0.0,3,1101152.0
2.346391363707297,48.836068459176985,75019,98.77779262791204,3,9910.289427293848,3.0,3,932781.0
2.3039172596046,48.87539135863912,75015,72.7781407305231,4,9813.040070612808,2.0,0,417282.0
2.40832426311918,48.85979262081381,75015,146.2740265926921,2,9813.040070612808,0.0,1,1149387.0
2.269309271711416,48.8895342941638,7508,97.9047810213036,5,9848.31703220121,0.0,3,1260247.0
2.2553591703891644,48.84128943394589,75010,137.20945348908907,3,9903.611678623716,3.0,0,1196510.0
2.302797119732865,48.88038370699331,7500,121.34614617361234,5,9981.88888607979,3.0,0,746249.0
2.3816864054540474,48.82952804255903,7506,127.05881236224828,1,9841.359840436731,1.0,0,844698.0
2.329653481329443,48.87695327176743,75011,77.18757014451361,1,10149.03143443424,0.0,1,1087137.0
2.2224600656402664,48.8942257260625,7501,84.07726068129898,1,10006.394372127985,2.0,2,747391.0
2.332400036852697,48.87296275817519,7505,104.15190820380268,3,9974.4015549417,1.0,2,949639.0
2.2779302403381467,48.8910145070397,75018,114.2076491394184,1,9846.536214329111,2.0,0,1538954.0
2.3986383689931525,48.87981239200235,7502,58.31386759405966,1,9569.91693818043,2.0,2,456523.0
2.261613348293084,48.89961395597217,75018,73.13521378023329,1,9846.536214329111,2.0,1,880767.0
2.277557498013803,48.8778242917436,7507,93.04997474448987,3,10160.7203358053,0.0,3,729590.0
2.266524202779165,48.84799015850616,75018,120.69178107178584,1,9846.536214329111,1.0,3,1230960.0
2.37789521836105,48.816367182589936,75011,148.92751572702383,2,10149.03143443424,2.0,1,1254574.0
2.3430621852834,48.89376272910673,75018,55.65476292125634,5,9846.536214329111,3.0,1,833367.0
2.3671253091461457,48.81417818085997,7503,80.8205538350973,1,9983.017238897526,2.0,2,1074020.0
2.447796356588375,48.83523974870002,7508,145.7699507251314,6,9848.31703220121,1.0,2,915185.0
2.369423337180076,48.81297071640213,75013,130.8134330039261,4,10190.767780889602,1.0,1,1540550.0
2.3736389600558856,48.82421223610151,75013,72.5648811777958,2,10190.767780889602,4.0,0,719570.0
2.3176858275490475,48.865269502905925,7504,66.68838700497656,3,10257.726066885674,2.0,3,868197.0
2.3415012283677643,48.845551046127134,7507,79.99661445010696,6,10160.7203358053,3.0,3,693807.0
2.3658544747197454,48.81681855107144,7506,139.50925607869812,6,9841.359840436731,2.0,3,1212062.0
2.2631425324720804,48.853745100721945,75010,72.54783241053505,6,9903.611678623716,0.0,3,826848.0
2.4652980069554595,48.854092708999296,7501,63.07504356710523,1,10006.394372127985,0.0,1,736723.0
2.2994384532054,48.827291611076376,7504,38.37685355083933,5,10257.726066885674,2.0,2,387291.0
2.370052372459879,48.82805240617034,75014,94.1102557982546,4,10062.666974334055,1.0,1,798773.0
2.2564026446533414,48.8125502100184,75013,60.149793175398486,4,10190.767780889602,1.0,2,932842.0
2.264246922119494,48.88193599877489,75012,91.2196029592826,3,9935.066867676536,2.0,2,1262960.0
2.441351330998581,48.87303611650158,7508,92.23725932429149,2,9848.31703220121,2.0,1,702854.0
2.2382162895906177,48.82869240018194,7500,63.17502353380207,2,9981.88888607979,0.0,3,501389.0
2.246781762228613,48.8218354823882,75012,87.22186220611478,4,9935.066867676536,0.0,0,1077392.0
2.4609206688799534,48.881636847494455,75015,40.31004143863083,6,9813.040070612808,3.0,1,483194.0
2.229516830722928,48.88618453168426,75019,140.66229704153895,1,9910.289427293848,0.0,3,1553184.0
2.3236346831232955,48.866381997023325,75019,43.01804582733504,6,9910.289427293848,1.0,3,416693.0
2.360157668670854,48.87949301050729,7509,97.7165236084533,2,9775.064380528089,0.0,1,1047565.0
2.354786839782933,48.897040231110985,7503,54.21644326749429,6,9983.017238897526,1.0,1,370248.0
2.440467369641002,48.85299505470987,7507,75.7252829187614,2,10160.7203358053,2.0,1,878748.0
2.3228542280512494,48.82802883628084,75011,117.29170195249704,4,10149.03143443424,2.0,0,975940.0
2.24380228771684,48.88672582067216,7500,65.06534071343637,1,9981.88888607979,2.0,3,488201.0
2.411939070508154,48.879494426562495,75014,46.87849402968827,2,10062.666974334055,0.0,3,306757.0
2.357789572890167,48.8427029235159,7509,39.60414176706777,3,9775.064380528089,1.0,2,472000.0
2.3159803409646256,48.88108604324182,7508,91.46073965446593,1,9848.31703220121,0.0,2,1116268.0
2.441358043805315,48.84010366796765,75016,142.77784356468385,6,9678.120674588112,1.0,0,1365684.0
2.245824951127775,48.8678730310728,7500,141.96141283709494,3,9981.88888607979,1.0,3,1051720.0
2.380397557075561,48.8531067843167,7500,129.90853398886566,4,9981.88888607979,0.0,0,1212568.0
2.271331794144662,48.87731943685523,75012,54.22036487051827,1,9935.066867676536,3.0,0,610107.0
2.3091275795035897,48.83250472815191,7505,69.25865763284787,1,9974.4015549417,4.0,2,464705.0
2.444733765420067,48.817359765250366,75013,144.07831549742238,2,10190.767780889602,1.0,3,1314339.0
2.263285700780831,48.87436033200649,75017,69.34289706877962,1,9899.474939437398,2.0,2,585921.0
2.380415622137384,48.82464660554133,75014,113.5101546884638,2,10062.666974334055,2.0,2,720575.0
2.4604609098404904,48.88295182056786,75012,75.42475808217955,4,9935.066867676536,3.0,3,753150.0
2.2502986627979102,48.88204173812492,75013,102.8225359308084,6,10190.767780889602,3.0,0,1329142.0
2.2265852383125275,48.89968657685736,75018,97.03864283251862,4,9846.536214329111,1.0,3,1544392.0
2.4393585205965045,48.82512685123251,75014,79.79265382027907,6,10062.666974334055,1.0,1,689940.0
2.4085666073499774,48.83617629825059,75016,35.54846211458873,6,9678.120674588112,4.0,0,325579.0
2.346324657283964,48.87071894974137,7509,86.34544170091854,6,9775.064380528089,1.0,2,779345.0
2.461130262931736,48.84689861912046,75013,116.1129413661534,6,10190.767780889602,2.0,2,924573.0
2.3091887073492505,48.85945160683443,7509,133.41238638124264,6,9775.064380528089,0.0,2,1115410.0
2.340538471930019,48.87674100659206,7503,111.04887976048646,5,9983.017238897526,3.0,1,1159067.0
2.416776186732994,48.81633477272134,75013,73.13699207623796,2,10190.767780889602,2.0,1,746435.0
2.463151750095838,48.85513342103105,7505,149.49164535733323,4,9974.4015549417,1.0,3,1308628.0
2.407354864938902,48.84156766499839,7504,51.84232975180798,3,10257.726066885674,2.0,2,573748.0
2.249380418856158,48.87728637114059,7505,51.29834757165475,6,9974.4015549417,1.0,1,355446.0
2.261782862055868,48.87004822634348,75014,91.42904139583716,2,10062.666974334055,1.0,3,635125.0
2.267562477373605,48.82752141920781,7509,111.37358794217494,6,9775.064380528089,0.0,1,962878.0
2.335009803309227,48.86925958640572,75012,53.78312440610517,1,9935.066867676536,0.0,1,796897.0
2.46043254147664,48.8579218595204,7506,136.34767524478156,3,9841.359840436731,1.0,2,897627.0
2.2873241111910807,48.84382725875359,75015,84.12081831301842,1,9813.040070612808,1.0,0,741823.0
2.3626248205517424,48.898679165258216,7505,81.72473777220438,4,9974.4015549417,2.0,1,628468.0
2.246017979726453,48.88285331491442,7506,38.796314362526175,1,9841.359840436731,1.0,1,451766.0
2.381986871695029,48.8488534017478,7502,60.71897624748796,6,9569.91693818043,1.0,1,923749.0
2.2903731099022537,48.8706422209872,75011,88.20819615442656,2,10149.03143443424,2.0,3,785106.0
2.4546523321624187,48.81895739644205,7507,149.44038778030136,5,10160.7203358053,1.0,2,1648805.0
2.3014187711209124,48.858840306256,7502,118.64759184883698,6,9569.91693818043,2.0,2,722940.0
2.4182179346183896,48.81839777672249,75011,58.67813097153302,3,10149.03143443424,2.0,0,593623.0
2.2860817207065787,48.83552176871255,75014,85.62235569035674,3,10062.666974334055,2.0,3,744497.0
2.2991603312863447,48.83743981259512,7505,58.20397379332093,4,9974.4015549417,0.0,0,421088.0
2.356186175230344,48.85614764215505,75010,77.69895956618828,3,9903.611678623716,1.0,0,604559.0
2.4535002276962325,48.894932298419725,7501,144.89658794511683,4,10006.394372127985,0.0,1,1172998.0
2.454982716548669,48.873088842299474,7502,135.28752738930388,5,9569.91693818043,1.0,0,1347086.0
2.348515744635036,48.83600630724656,7501,87.05159172853823,6,10006.394372127985,4.0,2,1215932.0
2.477944262378347,48.86494055350005,7503,52.83473805804447,4,9983.017238897526,0.0,2,603054.0
2.3738896745904365,48.86359327912316,7503,89.33951671546724,1,9983.017238897526,1.0,3,1101117.0
2.2694650602319606,48.89136358507713,7502,67.15454916453614,4,9569.91693818043,1.0,2,765878.0
2.345683572355835,48.83426559395838,75011,112.58595428685643,4,10149.03143443424,3.0,1,1399846.0
2.284409806622087,48.88365514947295,7500,66.28288872635486,5,9981.88888607979,2.0,0,1029714.0
2.224646691880716,48.82303088442544,7503,65.94608956141424,4,9983.017238897526,0.0,0,867635.0
2.400766713949908,48.82623874693563,75011,80.39952030332871,4,10149.03143443424,2.0,0,593641.0
2.3388100203656137,48.82244728604411,75017,88.95798674690482,1,9899.474939437398,1.0,3,901672.0
2.4597002582186978,48.82772249528735,75014,59.00417308428102,1,10062.666974334055,1.0,0,685483.0
2.442375273726752,48.85918682280119,7501,93.86802163420847,6,10006.394372127985,2.0,3,611939.0
2.429638021264458,48.811261463885685,75016,97.70270356589089,5,9678.120674588112,1.0,3,791325.0
2.251145348768433,48.8806959673865,7509,99.89614342983494,1,9775.064380528089,3.0,3,1035013.0
2.437828970319864,48.87737342072624,75010,36.05487844004769,2,9903.611678623716,2.0,3,455746.0
2.2757064014226223,48.874384078301965,7503,80.51703432091291,5,9983.017238897526,1.0,0,662829.0
2.3262220450509186,48.81440138130862,75015,72.56397759375145,4,9813.040070612808,3.0,0,747421.0
2.2267460693275485,48.88069210944599,75019,97.85396690094213,5,9910.289427293848,0.0,2,793783.0
2.25017534098063,48.81508107955736,7507,102.49405026004672,3,10160.7203358053,1.0,3,1654006.0
2.4720882182247705,48.83419097440844,75015,64.88481509702831,6,9813.040070612808,2.0,0,667816.0
2.3859307724201417,48.82854751425541,75019,51.63819792060777,5,9910.289427293848,2.0,3,695396.0
2.3713583623012537,48.84161232691567,75016,59.48109778980513,4,9678.120674588112,0.0,3,521620.0
2.393179073677937,48.82167477601235,7500,49.48691345194122,6,9981.88888607979,2.0,2,515241.0
2.3171187772374364,48.83616910521128,7504,79.05239436716721,6,10257.726066885674,1.0,3,697267.0
2.421186396453231,48.87701487328754,75017,69.84007247531879,6,9899.474939437398,2.0,2,468537.0
2.45154097407369,48.87588611423653,75012,149.38995393386864,6,9935.066867676536,1.0,3,1387137.0
2.4264458832440603,48.88089064668645,7503,41.47846651043898,5,9983.017238897526,2.0,1,492254.0
2.443796986567169,48.86502501674151,7502,146.19308262854105,6,9569.91693818043,2.0,3,1440531.0
2.3973184113997177,48.83090086568443,75011,88.65544500926799,4,10149.03143443424,1.0,1,1351149.0
2.419856483672117,48.88342362927289,7506,119.4787943697998,3,9841.359840436731,3.0,3,1549000.0
2.3316570267648578,48.89397344356679,7507,59.29056954871837,4,10160.7203358053,3.0,1,939426.0
2.358759115498871,48.84575999015868,75019,69.58402747667728,2,9910.289427293848,2.0,3,457172.0
2.443538062988349,48.8369232312631,75016,44.47741270303741,4,9678.120674588112,2.0,2,375175.0
2.423183441715929,48.89605076803682,75016,97.94490536185197,2,9678.120674588112,1.0,1,818748.0
2.369919122707932,48.85881650813168,7504,103.91409582435864,2,10257.726066885674,4.0,2,995492.0
2.449793704164067,48.81160876503744,75018,81.40675874811316,1,9846.536214329111,0.0,2,1048657.0
2.249830376888683,48.83357115691562,75014,46.34606674436222,1,10062.666974334055,2.0,2,328915.0
2.385808624736999,48.89291964546472,7509,92.9664077181819,3,9775.064380528089,1.0,0,1008496.0
2.272904582575349,48.885423243033614,7505,48.56750737909318,4,9974.4015549417,1.0,0,523346.0
2.3082317497846843,48.81725968579332,75017,97.13826487041943,6,9899.474939437398,1.0,0,899619.0
2.272236577728101,48.87514211793641,75013,46.4542912431892,5,10190.767780889602,3.0,1,536176.0
2.2688712740433696,48.87946616600488,7508,106.75457788080038,3,9848.31703220121,1.0,3,1001373.0
2.383271960472173,48.854412086125095,7501,50.12865092800657,1,10006.394372127985,5.0,0,327983.0
2.4792474070700243,48.89051155366038,75019,64.17418522310149,3,9910.289427293848,1.0,0,573766.0
2.443113340921021,48.888416264904336,7507,130.09447068794438,6,10160.7203358053,5.0,0,1422671.0
2.271494560537639,48.85020930974861,75016,138.7181528285259,5,9678.120674588112,2.0,1,982124.0
2.2704264237537366,48.88341034782426,75015,82.99489349922679,3,9813.040070612808,1.0,2,587418.0
2.4793467383532244,48.89581776905144,75015,72.28998708296616,6,9813.040070612808,3.0,0,527112.0
2.478923414262334,48.83542148275879,7502,96.4700178789704,4,9569.91693818043,0.0,3,1302734.0
2.2671923630988298,48.87567569389102,7502,146.3600109095155,5,9569.91693818043,0.0,0,999816.0
2.4211379954700503,48.82391241660386,75016,93.74978144437748,4,9678.120674588112,1.0,0,986342.0
2.269392422226709,48.88058663959328,75012,111.91599292301068,4,9935.066867676536,0.0,0,1372370.0
2.396594284013468,48.87568480696223,75014,109.36257416933697,4,10062.666974334055,1.0,1,807738.0
2.470476508109609,48.89261284254905,7501,35.948125200671974,2,10006.394372127985,3.0,0,276521.0
2.250887628106707,48.88729560234916,75014,75.4810816129322,3,10062.666974334055,3.0,2,557768.0
2.4113051359115265,48.84438882374343,7504,73.46974023505655,2,10257.726066885674,3.0,1,593325.0
2.4097045746496204,48.89990815094277,75015,78.56131749365335,1,9813.040070612808,0.0,3,581478.0
2.250852695504467,48.878751895714046,7503,63.94222945873518,4,9983.017238897526,2.0,1,649677.0
2.466442288473937,48.84223680561659,7506,81.43009382919524,5,9841.359840436731,2.0,2,1231172.0
2.425235620564333,48.84402607476773,75010,71.73431134380962,3,9903.611678623716,2.0,0,920673.0
2.313803544934371,48.865697404359686,75016,100.66374763514544,1,9678.120674588112,3.0,0,954509.0
2.3854936685289805,48.84691390029399,75017,104.82501133549108,5,9899.474939437398,3.0,0,722872.0
2.2866882696382165,48.8512785902926,75019,81.6338384758577,4,9910.289427293848,1.0,3,696425.0
2.2958366965530246,48.82243608678335,7509,130.4252450524507,4,9775.064380528089,2.0,1,903974.0
2.2534823840790064,48.866688221268376,75010,46.39833122310709,3,9903.611678623716,1.0,1,406677.0
2.4785869190078054,48.832214096351485,7506,68.48420547486117,4,9841.359840436731,4.0,1,607640.0
2.479131856338346,48.89124928523927,75017,91.87963963886682,3,9899.474939437398,1.0,1,996756.0
2.286646740966066,48.81187124321443,7505,39.079592889418606,2,9974.4015549417,1.0,3,443466.0
2.347425971234452,48.89193379619218,7507,97.35345027782334,2,10160.7203358053,3.0,2,926913.0
2.3006414925821,48.89796144506828,7502,138.86735151969486,5,9569.91693818043,2.0,3,1237602.0
2.4104918800651336,48.886961192436765,75012,45.74804024421596,3,9935.066867676536,2.0,2,332132.0
2.3625654206347506,48.856800080121424,75016,72.29140100429547,3,9678.120674588112,1.0,1,991021.0
2.432930592402596,48.81990771884528,7504,77.63830063151337,1,10257.726066885674,1.0,2,490404.0
2.454805286555785,48.84758873920797,75018,129.12536009417963,3,9846.536214329111,1.0,1,1110481.0
2.250163778281172,48.842702948668176,75010,97.90925800627188,1,9903.611678623716,2.0,2,806357.0
2.302271853210588,48.831609308101946,7508,74.55170900850229,1,9848.31703220121,1.0,3,633499.0
2.267421325230891,48.859506059182586,7503,124.13326554066626,4,9983.017238897526,2.0,3,1497885.0
2.457310326347048,48.84592637140311,75017,117.71982210835174,3,9899.474939437398,1.0,3,1194081.0
2.221027332863324,48.819066551836016,75010,110.58360329822142,1,9903.611678623716,3.0,1,960187.0
2.3848846203511527,48.83409503415097,7505,79.53512030032095,3,9974.4015549417,2.0,0,538885.0
2.463014352851122,48.81358018602466,75015,86.99324821673324,1,9813.040070612808,2.0,1,965191.0
2.3265728697645973,48.82696659017039,75012,68.1669339649419,5,9935.066867676536,0.0,2,865885.0
2.364326147599499,48.851220430101606,7505,120.04600235870448,5,9974.4015549417,1.0,2,1286086.0
2.3481527844104826,48.853470909845846,7506,139.17270089035367,6,9841.359840436731,2.0,0,1394252.0
2.2890901003319755,48.822057466019295,7502,104.14622102403908,5,9569.91693818043,1.0,2,1022307.0
2.2685012952570207,48.871773347870345,7508,120.01776684312163,5,9848.31703220121,1.0,0,745843.0
2.3159535504157733,48.88786501690169,75016,118.31081547941967,1,9678.120674588112,2.0,2,1268854.0
2.353482935331852,48.89656178558846,7502,103.14925270685924,3,9569.91693818043,2.0,1,1203620.0
2.2462243351456803,48.848210302496256,7502,99.141328599639,5,9569.91693818043,1.0,0,701781.0
2.296686323887984,48.84695574026193,75016,74.6305495011328,2,9678.120674588112,1.0,3,511755.0
2.4354847442914864,48.89228695883572,7508,89.67916307672982,6,9848.31703220121,2.0,0,739777.0
2.468643089469577,48.82763357281454,75015,88.93329793816127,3,9813.040070612808,2.0,2,1354973.0
2.472993125448666,48.888211109789104,75019,94.6023534541164,5,9910.289427293848,3.0,2,1042576.0
2.3127914004080643,48.85351928774065,7504,49.88150660863943,4,10257.726066885674,2.0,2,587111.0
2.238052893192865,48.821259984155,7500,133.6517384230105,3,9981.88888607979,1.0,3,1022873.0
2.433235591476848,48.879240633187614,7503,128.54959605473897,3,9983.017238897526,0.0,0,1247603.0
2.245855896936308,48.84467802154997,75014,48.43722485227423,5,10062.666974334055,0.0,2,637347.0
2.435410551272382,48.89077898379162,7507,55.66396056654407,3,10160.7203358053,3.0,2,361008.0
2.453981782918145,48.82322706413772,7508,93.9048918722387,3,9848.31703220121,2.0,3,1096724.0
2.379004305161044,48.84285834443388,7504,39.99765157245912,6,10257.726066885674,3.0,1,362122.0
2.3528227300248687,48.89135292158444,7502,78.02099378263583,3,9569.91693818043,1.0,2,752224.0
2.465576418462464,48.887280629874205,75018,73.3618353804515,4,9846.536214329111,1.0,3,725767.0
2.357554299819053,48.85387725731769,75019,45.2556400011915,5,9910.289427293848,3.0,0,580848.0
2.307089789275813,48.83033798543249,75011,134.7638915661638,4,10149.03143443424,2.0,0,1272610.0
2.2922525594301657,48.8142331428074,7500,116.10723701947892,2,9981.88888607979,2.0,3,1063648.0
2.444866492902328,48.82687259228592,75013,78.62071678439965,5,10190.767780889602,2.0,0,777805.0
2.392010686420568,48.8914227011389,75016,98.6793275072843,6,9678.120674588112,2.0,0,1300937.0
2.4479052219703945,48.81456778560334,75014,42.40309880907087,2,10062.666974334055,2.0,3,471850.0
2.3049635548539658,48.88357302486189,7509,138.5103945753362,6,9775.064380528089,1.0,2,993852.0
2.437996595039722,48.85511818734869,7500,135.1193547788146,3,9981.88888607979,2.0,2,1051466.0
2.32707657428965,48.83955000311301,75013,63.28455949210916,3,10190.767780889602,3.0,2,546311.0
2.479433173803925,48.819082272528334,7506,126.80154553771072,4,9841.359840436731,2.0,1,847716.0
2.4338077248958423,48.85152791850307,75019,108.61010614880766,6,9910.289427293848,0.0,1,675995.0
2.4259908467500857,48.85873052268512,7506,127.79587746631438,2,9841.359840436731,3.0,2,1159467.0
2.385363306092809,48.89542585822095,7507,66.91114842200997,4,10160.7203358053,0.0,3,646077.0
2.362915647473668,48.824701419958416,75017,77.16372701393453,1,9899.474939437398,1.0,0,668715.0
2.3795071375306365,48.8187690965399,7508,114.12853283441213,5,9848.31703220121,3.0,1,1312949.0
2.367561028207562,48.84546995010479,7507,42.232970732907695,4,10160.7203358053,0.0,0,339482.0
2.241200534890888,48.87818339485322,75015,57.33291944257536,4,9813.040070612808,0.0,0,850384.0
2.321578358481304,48.83754378677385,7504,87.77754892147277,3,10257.726066885674,2.0,3,1056191.0
2.4248523918435385,48.84999771521967,75010,63.48273235667948,1,9903.611678623716,2.0,3,571256.0
2.3837800191440484,48.87517205298153,7508,49.3510341196283,4,9848.31703220121,1.0,0,582934.0
2.4105162501719897,48.84594937837036,75013,109.8505583862458,3,10190.767780889602,1.0,2,1168987.0
2.4252924739270147,48.87740223578715,75013,64.4374298481849,3,10190.767780889602,3.0,0,1017543.0
2.255118956572393,48.82968101966826,7505,88.15908238923183,6,9974.4015549417,1.0,3,1126615.0
2.458571579226915,48.84210580777663,7500,68.19457498173863,6,9981.88888607979,2.0,3,797540.0
2.309733412937781,48.81161715576683,75016,81.74494448899827,2,9678.120674588112,2.0,3,817200.0
2.3933535368063548,48.85536500783,7501,64.64753306422158,5,10006.394372127985,3.0,3,634846.0
2.461329928353701,48.8567156568961,75017,139.8918426388413,5,9899.474939437398,1.0,2,1470710.0
2.456763904619936,48.8304794317012,75015,100.02729215919616,5,9813.040070612808,1.0,2,734627.0
2.333074684933688,48.82531858624071,75017,142.02261086484316,6,9899.474939437398,0.0,1,918109.0
2.3509717482833152,48.81542183836643,75010,55.45946505208249,1,9903.611678623716,4.0,3,424048.0
2.348881576282651,48.82811725511306,7506,36.48902123163374,2,9841.359840436731,2.0,3,479958.0
2.291690840464834,48.86982510205107,7502,87.13148834952486,6,9569.91693818043,2.0,1,1114656.0
2.2222665787909235,48.8218050188958,75014,124.73216296693988,4,10062.666974334055,0.0,2,1271829.0
2.261153729808476,48.83337804802401,75012,123.46035646522128,1,9935.066867676536,2.0,3,976859.0
2.3938314559165272,48.88393553853651,75018,81.74977574497598,6,9846.536214329111,1.0,2,539181.0
2.3664050990513554,48.88532237520284,75013,90.69707361960396,6,10190.767780889602,1.0,0,604209.0
2.231720242117711,48.84929811626962,75018,119.049718297457,5,9846.536214329111,0.0,3,1381190.0
2.377970897283705,48.89583496639702,75018,105.67266074071853,4,9846.536214329111,1.0,3,1178006.0
2.3568790688154584,48.88779300510366,7506,126.71205828827112,4,9841.359840436731,1.0,3,1105233.0
2.309802344195324,48.85940899822691,75018,65.66645092601115,3,9846.536214329111,4.0,1,665419.0
2.2487222061270216,48.84278356478861,7500,132.29991026537027,1,9981.88888607979,3.0,1,1382400.0
2.4706036122773742,48.86473333323278,75017,106.44918661853842,4,9899.474939437398,1.0,3,994952.0
2.3063513906635205,48.89644862995862,7509,144.84069131811503,2,9775.064380528089,2.0,2,1272715.0
2.269656829055832,48.893818908304894,7504,93.7682169641454,4,10257.726066885674,3.0,0,643009.0
2.4726024143452188,48.89851400279577,7509,114.86412774444112,6,9775.064380528089,0.0,1,1319411.0
2.248971146330711,48.8117929161666,75015,81.5756453862993,4,9813.040070612808,1.0,2,509424.0
2.477162944423859,48.849398848838895,7505,79.60955845998177,5,9974.4015549417,1.0,2,961394.0
2.351475666814068,48.85182407151979,75015,104.85547028096605,5,9813.040070612808,0.0,2,778238.0
2.364761872335749,48.88228059035821,75012,114.97911490862708,6,9935.066867676536,4.0,1,1385876.0
2.362596029874114,48.89488939968576,75019,92.59042753973512,2,9910.289427293848,2.0,0,661223.0
2.340857946896872,48.86628520180015,75013,106.74251486547412,4,10190.767780889602,1.0,2,1225576.0
2.248580508132444,48.85201627765765,75012,77.45898000869013,1,9935.066867676536,2.0,3,860994.0
2.2257590976351658,48.84115585541682,7502,45.42312934473716,5,9569.91693818043,2.0,0,356722.0
2.3934007290803763,48.891657154809735,75018,52.14406618074605,2,9846.536214329111,2.0,0,383110.0
2.3741739378269755,48.82544303342391,7509,98.48380612424064,4,9775.064380528089,0.0,3,925463.0
2.299673132565798,48.86245602934879,7509,117.64142699442768,4,9775.064380528089,1.0,3,1507047.0
2.342046361206484,48.88004485220971,7509,105.10123310188042,6,9775.064380528089,2.0,1,648774.0
2.2748716226620003,48.881782461915016,7503,143.89535707500718,2,9983.017238897526,2.0,2,976031.0
2.2924555522034487,48.88831753120704,7504,125.3529684058624,2,10257.726066885674,1.0,1,1105031.0
2.3857072156683428,48.884216362052776,7500,53.55799491806468,2,9981.88888607979,1.0,1,341947.0
2.2879697644412533,48.876310734370726,7504,104.93194302830663,2,10257.726066885674,0.0,2,1505677.0
2.226463955517429,48.88945753381543,75011,74.20808528278329,2,10149.03143443424,3.0,1,501570.0
2.3028270742243016,48.88463277245695,75016,50.41130930058357,3,9678.120674588112,2.0,3,345489.0
2.275187698562339,48.89411938947432,75017,100.9569406216887,5,9899.474939437398,1.0,2,990700.0
2.394135558668689,48.84357970932864,7507,116.55752553908954,1,10160.7203358053,2.0,2,1280382.0
2.4606264559718207,48.817295074461306,7500,49.53089031939477,6,9981.88888607979,1.0,1,601706.0
2.2586709832595067,48.89373057645216,7501,72.585412682652,5,10006.394372127985,0.0,2,1081214.0
2.308964879335204,48.83841598533001,75014,94.14459342387492,3,10062.666974334055,1.0,0,1239205.0
2.282113018477783,48.86950490589351,7505,41.21107132862515,4,9974.4015549417,1.0,0,471687.0
2.2975531201210804,48.8754016915488,75015,46.064017784909,4,9813.040070612808,0.0,1,425992.0
2.425476912275201,48.84979640093795,75011,66.2271298820066,5,10149.03143443424,1.0,1,657688.0
2.3629184322264565,48.82377795292626,7505,138.15120061224576,5,9974.4015549417,1.0,2,1193514.0
2.2205932378251,48.85278257929451,75015,106.0898698367332,5,9813.040070612808,1.0,3,697513.0
2.4216326613141828,48.89178102996683,75019,72.56393125539884,2,9910.289427293848,2.0,1,991076.0
2.41060354221534,48.8311007695182,75014,51.256740592333344,1,10062.666974334055,1.0,1,445455.0
2.28145400160723,48.88647696945066,75014,112.13880259508107,2,10062.666974334055,1.0,2,1231315.0
2.3274625125855826,48.81502624747368,7505,73.40663440916278,3,9974.4015549417,2.0,2,736735.0
2.2545647262134763,48.85497063977788,75018,54.02587518876052,3,9846.536214329111,1.0,2,467436.0
2.460923295906704,48.8659768328947,7507,44.214465959767125,5,10160.7203358053,1.0,3,406834.0
2.350279394640197,48.82506974158788,75019,115.3487753072967,1,9910.289427293848,3.0,2,1038805.0
2.424335014569677,48.82700142544275,7500,38.44053947209259,5,9981.88888607979,2.0,0,417994.0
2.3647135697409896,48.895906434909335,7507,60.91440603774106,6,10160.7203358053,2.0,2,674259.0
2.2494006939281608,48.88580037830827,7502,134.05335107346605,2,9569.91693818043,1.0,0,976397.0
2.3735956269832537,48.82002833308191,75013,60.72616140682364,6,10190.767780889602,1.0,2,791556.0
2.363184464887348,48.82408048802105,75016,128.2383904394634,3,9678.120674588112,2.0,2,1304787.0
2.343711900743984,48.886105235686415,75018,72.13861189446015,4,9846.536214329111,0.0,1,725056.0
2.471734519126508,48.81706801330395,75012,88.33125670683356,5,9935.066867676536,1.0,2,1280601.0
2.4436423900767545,48.84205920615085,7506,109.71857630097642,2,9841.359840436731,1.0,1,1665126.0
2.476482087635879,48.83543710398816,75010,118.12453966382226,3,9903.611678623716,0.0,3,973604.0
2.4072764367763724,48.82966540173653,75015,103.6155540293183,1,9813.040070612808,1.0,1,896237.0
2.358149151195037,48.84171125924304,7507,132.32388276423754,4,10160.7203358053,2.0,1,1311560.0
2.2642300497195698,48.85009269760204,75012,88.1502946210862,1,9935.066867676536,1.0,3,1109374.0
2.2731988563802945,48.87598185490423,7501,148.8506834086993,2,10006.394372127985,1.0,2,868658.0
2.3057412044766323,48.854386325589175,75010,137.2951380534196,3,9903.611678623716,2.0,0,1470939.0
2.332491016977398,48.89204764276292,75011,57.80724953677352,2,10149.03143443424,4.0,2,799468.0
2.229394100951754,48.85717202409911,7504,131.45202437385078,3,10257.726066885674,0.0,0,1092620.0
2.3617125059970925,48.8715413676931,75014,128.48146677895076,1,10062.666974334055,3.0,1,887929.0
2.2899879876679745,48.82219850293607,7508,127.44667683705366,6,9848.31703220121,2.0,0,1419415.0
2.257675623858136,48.87185922346152,7506,37.30860757134211,1,9841.359840436731,2.0,3,302939.0
2.390829104204927,48.856249181545245,7502,67.81947161785715,4,9569.91693818043,1.0,0,648722.0
2.369563261521567,48.86716274494947,7502,49.70109380736507,1,9569.91693818043,2.0,2,451236.0
2.303416879263496,48.819001866389726,75013,61.01994397283207,4,10190.767780889602,1.0,1,398578.0
2.456894871889916,48.89747196605426,75018,43.41300991655102,2,9846.536214329111,0.0,3,416558.0
2.428181025056494,48.8756420597313,7506,126.26442755428889,6,9841.359840436731,0.0,0,974690.0
2.4139821410372946,48.87202227114045,75016,140.4150364024977,1,9678.120674588112,1.0,1,1465399.0
2.376907416426799,48.84845271086559,75010,72.00244048127999,5,9903.611678623716,1.0,2,819583.0
2.3967762898344493,48.89667032774459,75014,144.5714086285102,4,10062.666974334055,3.0,2,1251003.0
2.4412199916961783,48.816067822685554,7504,102.94119488207212,2,10257.726066885674,2.0,0,746487.0
2.4644258670694934,48.8397631464832,7505,65.79791720825116,2,9974.4015549417,1.0,0,585548.0
2.3457080399249746,48.86877984542591,75015,60.1756546879303,2,9813.040070612808,2.0,1,693549.0
2.249258384870488,48.86792892765637,7507,104.98474978040456,4,10160.7203358053,1.0,0,899118.0
2.3432473176668167,48.85331365565804,7501,145.86587073584656,4,10006.394372127985,3.0,3,1404574.0
2.433069797434733,48.89984459190266,7506,111.07735309146004,4,9841.359840436731,1.0,3,1410857.0
2.226144474843108,48.88241832484447,75012,47.7602768358072,6,9935.066867676536,3.0,0,605108.0
2.347238903918315,48.871869743459285,7506,123.14937375037672,6,9841.359840436731,4.0,0,1459283.0
2.2416783699919844,48.869358069866,7505,77.40915981549131,6,9974.4015549417,1.0,2,884570.0
2.231423017394065,48.85531288861687,7503,93.54640588868163,6,9983.017238897526,1.0,0,753390.0
2.449041563432304,48.85548709612002,75015,72.16252509374434,4,9813.040070612808,0.0,3,434439.0
2.435696829745115,48.87878793168344,7500,73.77555291580813,6,9981.88888607979,0.0,2,831591.0
2.287401068528115,48.8513792092032,75010,68.12032915238345,2,9903.611678623716,3.0,1,435346.0
2.2857280916860496,48.846393738437925,7503,140.0047514092433,5,9983.017238897526,4.0,1,1440736.0
2.46389619748342,48.86916578972001,75016,95.47530891040702,5,9678.120674588112,0.0,3,1058968.0
2.432804326372345,48.86863718751907,75014,51.43614929932791,4,10062.666974334055,0.0,3,747937.0
2.3228084020590645,48.81897227595545,7506,134.61817152434992,1,9841.359840436731,1.0,3,1143992.0
2.378860555960463,48.84343240954494,75017,60.58936355209878,3,9899.474939437398,1.0,3,826729.0
2.4071894731421946,48.88163598550158,75016,62.71080734928637,3,9678.120674588112,2.0,3,534334.0
2.411907806505845,48.81512583433023,7509,81.56105958175036,2,9775.064380528089,1.0,2,965870.0
2.247250258546919,48.81035030646479,75017,52.322218891971545,4,9899.474939437398,2.0,0,454063.0
2.3646924101729963,48.8229481659431,7501,138.57938977101793,2,10006.394372127985,1.0,0,869700.0
2.471078332235332,48.89195418783444,7509,149.17277962549423,5,9775.064380528089,2.0,2,1136015.0
2.414074520219489,48.88806953112734,7506,119.31111585943276,2,9841.359840436731,3.0,1,1535424.0
2.273114794106074,48.88427466051278,75010,93.09755916305198,4,9903.611678623716,2.0,2,1461366.0
2.247873528884599,48.849098228733936,75018,101.7276293881548,3,9846.536214329111,1.0,3,1244090.0
2.220008110976988,48.898866727108576,7507,117.90311467477176,4,10160.7203358053,2.0,2,1495345.0
2.2278528791937564,48.83661254491636,75017,117.23294429913354,5,9899.474939437398,2.0,0,1407681.0
2.429066951105745,48.84688861870605,75011,65.34615755895929,3,10149.03143443424,2.0,2,738653.0
2.280156629864602,48.83688370580576,7509,110.33429853989824,2,9775.064380528089,0.0,1,803378.0
2.3999753044259315,48.83930715348348,75013,114.23289802874524,1,10190.767780889602,1.0,2,725021.0
2.32737070747353,48.84951116697948,75017,87.50438037245812,6,9899.474939437398,0.0,2,1056266.0
2.225908313873197,48.82598221979767,75019,142.96721391419763,4,9910.289427293848,2.0,0,895206.0
2.478374261455192,48.8953446965133,75018,93.75919081998178,6,9846.536214329111,1.0,0,1059702.0
2.371250762879773,48.837435251581766,7500,138.49197648303596,3,9981.88888607979,4.0,0,1522159.0
2.30661027422206,48.810709985530266,7500,63.653934551419376,3,9981.88888607979,1.0,3,633188.0
2.3332209842346185,48.85525743397449,75017,130.60189546278616,6,9899.474939437398,3.0,3,836763.0
2.387818782990918,48.846692765136105,75014,127.94032808152598,2,10062.666974334055,1.0,1,1233663.0
2.3776954625501685,48.895813896688175,7502,130.85353349671433,4,9569.91693818043,2.0,2,1110332.0
2.2752661449532754,48.86915198022244,75015,75.78186420056309,2,9813.040070612808,2.0,1,430332.0
2.410706253993297,48.87701210931753,75016,121.07567601939536,3,9678.120674588112,3.0,2,743986.0
2.3052973914828443,48.83205017940469,7508,37.67002121819618,3,9848.31703220121,1.0,3,444109.0
2.345436441594022,48.89829845760927,75011,45.4069377765931,1,10149.03143443424,0.0,0,522667.0
2.2979230836141493,48.88657372637714,7502,145.31103955664946,1,9569.91693818043,1.0,3,1210730.0
2.3268668876406005,48.82515381958167,7502,59.85857691288877,1,9569.91693818043,0.0,2,687662.0
2.381289212467428,48.8556325246233,7502,148.24507991934735,1,9569.91693818043,2.0,2,1114639.0
2.3161973568923333,48.88902499087767,75011,62.84138322174445,5,10149.03143443424,2.0,2,676169.0
2.333779095379418,48.81707441942025,7500,120.47524931151924,5,9981.88888607979,2.0,3,864654.0
2.437042073077245,48.86994582287689,7509,88.65592130625657,4,9775.064380528089,2.0,0,1242678.0
2.413942096271592,48.87171247446648,7504,129.38920543190432,3,10257.726066885674,4.0,3,1060445.0
2.356165198505217,48.813545987714775,7504,116.85008460959358,5,10257.726066885674,2.0,3,1409649.0
2.3900441110906594,48.84973777134767,75016,101.4841575358668,6,9678.120674588112,1.0,2,1517429.0
2.401659779460839,48.88651669063254,7509,144.93690208733165,2,9775.064380528089,1.0,0,1277869.0
2.478617800590281,48.8603079978849,75011,97.27598752671112,3,10149.03143443424,3.0,0,1068759.0
2.234003209627633,48.85576934383148,75014,57.991131193142365,4,10062.666974334055,0.0,0,681570.0
2.22215218419102,48.891978170833056,7502,100.0572714024184,2,9569.91693818043,1.0,1,1011504.0
2.290917062837824,48.85111098827423,75018,139.62707368033773,3,9846.536214329111,2.0,3,836427.0
2.3078100516134934,48.86970999137587,7506,95.2808231474612,5,9841.359840436731,1.0,3,1249322.0
2.45546450261639,48.8223663812496,75019,97.77659214318535,6,9910.289427293848,2.0,3,1225003.0
2.3992493628412648,48.84857972084928,7505,118.96820902467456,6,9974.4015549417,2.0,3,1049812.0
2.4076519529265474,48.85308375201053,7505,123.80076471278292,1,9974.4015549417,0.0,1,900879.0
2.3290322359836533,48.85543318072081,7503,111.63530572279326,5,9983.017238897526,1.0,0,925844.0
2.264538770649928,48.891272171357365,7500,80.06996725821088,4,9981.88888607979,0.0,0,1023997.0
2.324574322548765,48.84363509588765,75015,35.09844797611925,1,9813.040070612808,2.0,1,252938.0
2.399711585590261,48.85132433204654,7502,68.47979478319118,3,9569.91693818043,1.0,0,881852.0
2.261920374745061,48.85742919031261,75012,82.7843095858654,5,9935.066867676536,2.0,1,621724.0
2.448417230434825,48.858924059842685,75016,98.57091987634657,2,9678.120674588112,1.0,3,756793.0
2.413957903209788,48.83926315538328,75019,70.06156015872881,4,9910.289427293848,2.0,2,936339.0
2.2845382748994765,48.87821629502589,7509,104.70851038442464,2,9775.064380528089,2.0,2,775126.0
2.395202436539877,48.86452516406212,75011,113.26860289221123,6,10149.03143443424,2.0,2,714611.0
2.262987086546111,48.840042195773606,7500,94.1225113447509,1,9981.88888607979,3.0,1,837361.0
2.2371631007826687,48.87435283364366,7506,112.34454442648143,5,9841.359840436731,0.0,3,1017281.0
2.2885937209218974,48.82565644709508,75017,98.52503866724288,4,9899.474939437398,0.0,3,725878.0
2.4668898831139674,48.85044240384913,7504,52.29083654604982,1,10257.726066885674,2.0,3,369301.0
2.2748228558752377,48.87599089927538,75019,123.02607978165535,4,9910.289427293848,1.0,2,736369.0
2.422424069107122,48.87221634938937,75010,84.64433301480369,6,9903.611678623716,3.0,0,1173531.0
2.4334476135533007,48.87763164632217,7507,79.73965458145192,1,10160.7203358053,1.0,3,659503.0
2.280712351808865,48.87410001691333,75017,110.0522748559264,5,9899.474939437398,3.0,0,1322536.0
2.433760752605236,48.86079431239572,7505,47.58713044474604,2,9974.4015549417,2.0,2,758166.0
2.3359148588815355,48.81728473933177,7500,103.87524830503862,6,9981.88888607979,3.0,2,754286.0
2.423452923102339,48.827595774790645,7501,94.50399470549104,1,10006.394372127985,1.0,1,1169502.0
2.3378430296007906,48.82315526184249,7500,47.66140879516104,6,9981.88888607979,1.0,1,775224.0
2.372029824077931,48.86713261962973,75012,43.68345879517611,2,9935.066867676536,1.0,3,505116.0
2.3929888349974764,48.81138144665209,75015,77.6558608933278,4,9813.040070612808,2.0,3,512476.0
2.2504892402355674,48.81238738117193,7509,80.53203260481149,1,9775.064380528089,3.0,2,909993.0
2.3782881265701805,48.85516821384644,75015,114.258645202732,2,9813.040070612808,2.0,0,938048.0
2.364651369744585,48.84075100012584,75014,38.27645236585353,2,10062.666974334055,1.0,3,461261.0
2.253145254399379,48.83943217400541,75013,137.47571974061125,6,10190.767780889602,1.0,0,869627.0
2.453405435774385,48.85059416247338,7503,79.68869051699866,2,9983.017238897526,2.0,3,704370.0
2.3416577512306587,48.87216127783013,75010,99.28670441718374,4,9903.611678623716,1.0,3,924737.0
2.2570952536672144,48.86584698834101,75010,103.80376033226042,4,9903.611678623716,1.0,1,834697.0
2.398629053312049,48.83035899622526,75017,114.18713165458644,3,9899.474939437398,0.0,1,1288561.0
2.365247319769459,48.85008734262349,75010,92.91999466167994,2,9903.611678623716,1.0,2,824602.0
2.302160038169606,48.81017743315122,75019,112.1906496217482,6,9910.289427293848,0.0,2,1255487.0
2.4328029910433595,48.88208792799804,75016,67.21321728163755,2,9678.120674588112,2.0,1,697901.0
2.4459710984892507,48.82201588117823,7506,134.56253736859557,2,9841.359840436731,0.0,3,984127.0
2.328397659420071,48.89989788666176,75015,41.50186718009185,2,9813.040070612808,1.0,3,490655.0
2.413921446634717,48.832496532765646,7505,92.6417530122066,4,9974.4015549417,3.0,2,1244969.0
2.3749454786344613,48.83329161577232,7509,40.54897133474674,1,9775.064380528089,1.0,1,326803.0
2.406854808483713,48.88598371058696,75013,70.34187295967848,2,10190.767780889602,1.0,1,716746.0
2.4635201453200786,48.8598119831495,7502,139.67058778979148,2,9569.91693818043,1.0,1,1564291.0
2.4661962649648337,48.810945614997536,75015,35.361833414873864,2,9813.040070612808,1.0,3,294932.0
2.320122006428836,48.82987113970256,75011,112.09492122003832,1,10149.03143443424,3.0,2,1483784.0
2.3801815430161217,48.8901662006245,75012,107.4821609069335,5,9935.066867676536,2.0,0,1351314.0
2.319422207842988,48.85462139410255,75011,75.71919644126686,3,10149.03143443424,1.0,2,868099.0
2.404801732051519,48.82789610869478,75014,38.977207622939815,2,10062.666974334055,2.0,2,477936.0
2.250660137037372,48.83702251660943,7507,115.27485480408004,5,10160.7203358053,1.0,2,699324.0
2.3766731876804807,48.8976564540883,75019,94.64560109707624,1,9910.289427293848,1.0,0,1044607.0
2.4462167527898,48.81882211415567,75015,68.38236624378382,6,9813.040070612808,2.0,2,680763.0
2.4486580897518926,48.81020660769823,75016,37.53862227827605,3,9678.120674588112,2.0,2,512176.0
2.4217293523347223,48.89147297296934,7505,92.28862463840206,3,9974.4015549417,1.0,0,924856.0
2.222191155012742,48.85851149134744,7500,104.21466662408616,2,9981.88888607979,4.0,1,1074694.0
2.3289188383945207,48.86052403259307,75011,65.13502129660924,6,10149.03143443424,0.0,0,988722.0
2.3116390058917835,48.86133621632558,7506,63.12847451315873,1,9841.359840436731,0.0,2,418932.0
2.3566241786581035,48.8400161664564,75012,142.07638454981495,6,9935.066867676536,0.0,0,1174034.0
2.321010944869486,48.88885993717663,7505,83.94408877318439,5,9974.4015549417,1.0,2,802057.0
2.331108211437185,48.86397039382327,75011,57.78324916163577,4,10149.03143443424,3.0,3,764284.0
2.3430825424583697,48.8532580647878,7507,137.65566114948825,6,10160.7203358053,2.0,1,1245839.0
2.2684184232951643,48.87782996004618,75018,66.56973832938168,4,9846.536214329111,2.0,0,702915.0
2.441738892972473,48.84009983109245,75016,99.01792334010386,3,9678.120674588112,0.0,3,1122539.0
2.4501681757456666,48.87943078119928,75019,73.16599014581313,4,9910.289427293848,1.0,3,501344.0
2.335471120584924,48.84142360920371,75018,83.63690523064801,5,9846.536214329111,2.0,0,1072594.0
2.27507715578828,48.81522531061445,7501,121.3993438489136,6,10006.394372127985,1.0,2,1415095.0
2.3169613368684776,48.83245901843444,7507,143.00812279635247,2,10160.7203358053,1.0,1,1309507.0
2.2740187863439503,48.83244983612494,75010,76.61798089933978,5,9903.611678623716,0.0,0,757882.0
2.463120535075621,48.8621820497278,7503,71.81568967075833,4,9983.017238897526,2.0,3,944507.0
2.422683425662443,48.85517145221402,7506,65.82596894693917,5,9841.359840436731,0.0,1,588545.0
2.22375069006092,48.8713371758697,7508,120.03642570264016,2,9848.31703220121,0.0,3,1572802.0
2.2246607512730474,48.88506149356072,75013,64.40576770521268,5,10190.767780889602,1.0,3,1000852.0
2.4258906938324976,48.895993475545815,7509,78.20542186295683,5,9775.064380528089,2.0,1,442962.0
2.262981326552896,48.89114494188231,75017,93.80988060279182,4,9899.474939437398,2.0,1,1129530.0
2.3627787729722574,48.84627466085125,7504,85.9848648786482,5,10257.726066885674,3.0,3,796648.0
2.360412107852211,48.82427875786679,75013,77.24128512295053,1,10190.767780889602,2.0,1,612437.0
2.420644298480157,48.83817526904123,75018,101.8646847428601,6,9846.536214329111,1.0,0,1304678.0
2.373893315098271,48.82727028812417,7508,54.26721916276908,3,9848.31703220121,1.0,1,337180.0
2.291583481105164,48.811926992454,75013,132.64473509830324,5,10190.767780889602,3.0,2,1544310.0
2.2841723383221644,48.872559245005554,7509,124.7905732393797,2,9775.064380528089,2.0,2,887407.0
2.379872798761537,48.82693068829188,75011,57.30268354886622,4,10149.03143443424,2.0,1,693369.0
2.395626587729108,48.89720109016476,7505,57.90211180075775,3,9974.4015549417,4.0,2,717656.0
2.37525356706792,48.85615741934703,75018,84.0699639784286,6,9846.536214329111,1.0,1,1345943.0
2.268699138167763,48.85578481868234,7501,60.36986584503805,2,10006.394372127985,0.0,0,423270.0
2.351958750454692,48.84699489085644,7502,65.92843710648725,1,9569.91693818043,2.0,3,628416.0
2.472107100042127,48.89839070376429,75019,129.9600057979662,6,9910.289427293848,2.0,1,1052697.0
2.2597101406804114,48.88361099729405,75016,110.45989173481264,2,9678.120674588112,2.0,0,1177148.0
2.4086351247845403,48.87158316095688,7502,133.5311905558358,6,9569.91693818043,3.0,0,868950.0
2.2210908372961247,48.89400919312699,7508,73.33423976069652,6,9848.31703220121,0.0,1,913867.0
2.467775784059207,48.86089044825028,7504,44.55597334452048,4,10257.726066885674,3.0,0,598797.0
2.4129030279496027,48.86312548504876,7506,146.93625195343344,2,9841.359840436731,4.0,3,1538750.0
2.2395512192116533,48.841508348457054,75014,97.3961652699218,2,10062.666974334055,1.0,1,1134129.0
2.2438131262318834,48.8687776979066,75017,37.48847779682937,4,9899.474939437398,2.0,1,247272.0
2.2846692658443937,48.83951915187483,7500,138.25765687649522,3,9981.88888607979,3.0,3,1562755.0
2.356197753695068,48.86676569792383,75014,48.32725657835933,6,10062.666974334055,2.0,0,624267.0
2.4524273133415235,48.88288980765998,75015,74.23854069593276,2,9813.040070612808,2.0,0,809849.0
2.45824608232179,48.89687941491111,7500,100.80342529634964,6,9981.88888607979,2.0,0,1004613.0
2.3339104656338137,48.85559678357532,75013,99.7187421495159,1,10190.767780889602,2.0,1,1351746.0
2.2970216206968206,48.89946013840425,7501,50.89111064952983,2,10006.394372127985,1.0,1,403972.0
2.25632280741886,48.85925398368761,7508,59.175925256846064,6,9848.31703220121,2.0,2,367189.0
2.457266104125287,48.81143547113823,7500,59.63642018046672,4,9981.88888607979,2.0,1,490875.0
2.3082629098752783,48.830373199802544,75019,72.28880648421404,2,9910.289427293848,1.0,0,1119040.0
2.3135188589306392,48.89396206602171,75019,36.170156890208624,6,9910.289427293848,3.0,0,210471.0
2.255169637657914,48.81640841790846,7500,74.66190711649449,2,9981.88888607979,2.0,2,1125190.0
2.242566502385184,48.83923530287806,7509,69.37193188657935,1,9775.064380528089,3.0,0,541481.0
2.289754984159968,48.8887000845117,75010,121.26697287894832,4,9903.611678623716,1.0,2,1093340.0
2.401691857542428,48.84504191739567,75016,144.29254397739538,5,9678.120674588112,1.0,3,1457465.0
2.4448379749491336,48.86362201564602,7500,119.93307420856932,2,9981.88888607979,1.0,0,1492952.0
2.263170647651348,48.88564026187899,75017,124.6664566667082,6,9899.474939437398,1.0,1,1462029.0
2.2872524671490293,48.81533874612492,75019,69.75091870843842,5,9910.289427293848,1.0,2,399812.0
2.258128125859558,48.82167440043297,7506,87.0137408250902,5,9841.359840436731,3.0,2,1047197.0
2.4299887921817565,48.86045022171817,75013,66.50056376844086,2,10190.767780889602,0.0,2,651566.0
2.436338702160188,48.87460320826523,75018,104.38667879121924,2,9846.536214329111,1.0,3,679952.0
2.234667189178777,48.894792555730575,75017,90.59136937610164,1,9899.474939437398,1.0,2,999647.0
2.393369866519552,48.86713366197011,75019,108.27374327052748,6,9910.289427293848,1.0,0,1452679.0
2.411401871115447,48.83307058804208,7500,73.12189497667376,4,9981.88888607979,0.0,0,604462.0
2.233254155469397,48.83321075689148,75015,63.85538407956433,3,9813.040070612808,1.0,2,956321.0
2.262226292386936,48.82320509781424,75018,45.16607937447035,3,9846.536214329111,0.0,3,572516.0
2.2872093099736923,48.87531560690908,7505,45.97764780818333,3,9974.4015549417,2.0,2,380451.0
2.399665810542256,48.87493351222572,75011,54.514403481735656,2,10149.03143443424,0.0,1,662001.0
2.306540493573486,48.81583003241217,7507,87.3266073002925,1,10160.7203358053,1.0,0,851511.0
2.46058721855267,48.83718190216233,7507,103.92757007291392,2,10160.7203358053,4.0,3,1323841.0
2.4579461446163577,48.84544647088807,7503,60.71870513091237,6,9983.017238897526,3.0,1,536526.0
2.314838129999329,48.8125378515945,75011,96.14483975590248,1,10149.03143443424,0.0,0,1097898.0
2.3703758212907378,48.83811830065282,7501,121.50862735697156,1,10006.394372127985,0.0,2,1351917.0
2.298429605247818,48.82467837691316,75015,65.24943922254302,6,9813.040070612808,0.0,2,478786.0
2.329551087566525,48.85241313161252,75012,145.60337968545338,3,9935.066867676536,2.0,3,1338504.0
2.3007426600457683,48.82548730225326,75011,134.56435363903807,4,10149.03143443424,3.0,1,1442572.0
2.4391251917036647,48.83956311298123,7501,104.00501760229888,4,10006.394372127985,1.0,2,890129.0
2.3676725644176684,48.85524299764448,75015,113.18364708720684,5,9813.040070612808,1.0,0,940333.0
2.4116342732370204,48.82678708922899,75014,52.12507224667903,2,10062.666974334055,2.0,3,316804.0
2.34334898182074,48.88935750303278,75017,110.94604562750588,1,9899.474939437398,1.0,2,887716.0
2.4637554053146995,48.85784220986506,7507,124.41021881808643,6,10160.7203358053,1.0,0,1063391.0
2.459379795534232,48.829770663277706,7501,45.72823264438594,2,10006.394372127985,1.0,2,618395.0
2.3083854559784363,48.811261861863,75017,95.9410693630769,5,9899.474939437398,2.0,3,992761.0
2.231194959543975,48.895498533909446,7504,141.77987143986934,4,10257.726066885674,1.0,1,1296242.0
2.2266749225772338,48.851556631940014,7509,78.27207712380664,2,9775.064380528089,3.0,0,1044538.0
2.439440092763311,48.86961073054251,7503,141.2565284436948,6,9983.017238897526,1.0,0,1275607.0
2.2268755498314485,48.83696761786621,7509,98.49433251526438,4,9775.064380528089,1.0,2,591578.0
2.390086777585181,48.89433406590311,7509,55.86460293881174,5,9775.064380528089,2.0,3,628026.0
2.366260953290632,48.87726576056506,75018,105.44237453192213,3,9846.536214329111,2.0,0,1350858.0
2.448800238069089,48.859920791711815,7508,39.13732565518812,6,9848.31703220121,0.0,0,461699.0
2.313164074034714,48.8321404156908,7503,49.13051505182427,1,9983.017238897526,1.0,3,399168.0
2.3027650909887454,48.855581930664094,75012,48.79266583992524,6,9935.066867676536,1.0,3,505751.0
2.332081610944169,48.847421735212826,75015,69.55637105217913,6,9813.040070612808,0.0,3,771545.0
2.4276712796085005,48.862754030368286,75018,144.37402431273534,1,9846.536214329111,0.0,0,1199756.0
2.315583067961717,48.85674850684648,75014,94.21239634288943,6,10062.666974334055,2.0,2,1050687.0
2.322803112424488,48.8295521543564,7509,67.54984346923601,5,9775.064380528089,2.0,0,782328.0
2.320512368524661,48.83486080478701,7507,115.73262851339732,5,10160.7203358053,2.0,3,1440336.0
2.456084997321881,48.834901702098,75010,48.06435384541277,4,9903.611678623716,2.0,0,620942.0
2.2513193015820825,48.82440086294025,7509,94.46539170893836,3,9775.064380528089,2.0,0,596090.0
2.342126190454874,48.88548051081511,75014,75.32964363124569,4,10062.666974334055,2.0,0,1023969.0
2.464712653458534,48.89620272922885,7501,57.35024736217891,2,10006.394372127985,1.0,0,589464.0
2.236788133260053,48.86335453641521,75013,80.27620156189901,5,10190.767780889602,2.0,3,1086885.0
2.2705892169248183,48.86589344782323,75010,127.24362858803488,5,9903.611678623716,2.0,2,1191082.0
2.4153836758655096,48.85410624435388,75018,46.93042542451957,5,9846.536214329111,2.0,2,311462.0
2.38499334428588,48.89538818439061,75015,61.17104365838994,1,9813.040070612808,4.0,0,629319.0
2.299230399084933,48.88416816542043,75019,113.20805423651846,6,9910.289427293848,3.0,0,857653.0
2.3528144204453274,48.85571979021346,75017,42.46788226524375,5,9899.474939437398,0.0,3,330477.0
2.241436435379664,48.8501744902251,75016,107.29919428674545,2,9678.120674588112,1.0,3,837658.0
2.365535888949492,48.85131075134347,75019,50.74692098595325,3,9910.289427293848,0.0,1,768721.0
2.415743274898292,48.83006303686513,7503,101.04411753765812,1,9983.017238897526,2.0,3,1515336.0
2.407576458407991,48.86353878472183,7500,129.20005838587127,1,9981.88888607979,2.0,3,1376608.0
2.3615310941639684,48.881122604155365,7509,81.90880536962106,6,9775.064380528089,3.0,0,809267.0
2.377895867259851,48.86099833012702,7505,145.41413192274646,3,9974.4015549417,1.0,1,868371.0
2.33750354165875,48.87011038938378,7501,107.28767731109392,3,10006.394372127985,2.0,0,965479.0
2.458068389765633,48.8870509900585,75012,39.14595435358821,2,9935.066867676536,1.0,2,503078.0
2.425814798960967,48.82938541809345,7502,114.32079099904144,1,9569.91693818043,3.0,0,729136.0
2.222663723484155,48.83477262732795,75013,112.04145958583295,4,10190.767780889602,1.0,2,748901.0
2.2833451159167613,48.84520718623624,75016,77.50733621418178,5,9678.120674588112,3.0,0,901188.0
2.2762473565401726,48.84214360697859,75014,76.75830192628878,5,10062.666974334055,0.0,1,921955.0
2.2682530678128714,48.85880280003864,75017,144.67991899042858,1,9899.474939437398,2.0,1,1301175.0
2.329980168085064,48.8478052441059,75011,56.44787374454015,5,10149.03143443424,0.0,0,534142.0
2.370344769829117,48.85822085516365,7509,121.1919620772343,6,9775.064380528089,2.0,1,1359336.0
2.333599019512232,48.84215366557006,75013,43.3635899611362,1,10190.767780889602,2.0,3,338737.0
2.4110112339390275,48.81483020969776,75012,81.01148839008214,1,9935.066867676536,0.0,1,1195757.0
2.279746713272445,48.84296169136868,75014,135.7561671458683,2,10062.666974334055,1.0,3,1128952.0
2.334322579108928,48.87145100456899,75016,109.99290621908092,4,9678.120674588112,1.0,3,828681.0
2.350375896354948,48.88059155969793,75017,38.38167389666843,3,9899.474939437398,0.0,0,290388.0
2.3215131443767647,48.83259545172909,75019,45.85355394462973,6,9910.289427293848,1.0,1,252788.0
2.429204355041653,48.81014101631541,7509,80.55681416687898,6,9775.064380528089,3.0,2,719581.0
2.220355774860957,48.81587840934647,7505,144.26481250084151,6,9974.4015549417,1.0,0,1381771.0
2.2574039991757497,48.86807906134646,7508,56.57766955696699,4,9848.31703220121,0.0,1,424904.0
2.231359744066453,48.81313043770348,75019,83.39777510214473,3,9910.289427293848,2.0,1,1101616.0
2.3315233617137587,48.86902553867127,75017,64.93838149804924,5,9899.474939437398,3.0,1,549217.0
2.4533770124075343,48.81273210902854,7507,130.4493254506299,4,10160.7203358053,2.0,3,1560867.0
2.2915894471162,48.8762893015539,75012,137.9997559079706,5,9935.066867676536,2.0,0,1339498.0
2.271644744422635,48.83114457093756,75016,87.30573566245813,4,9678.120674588112,0.0,1,845193.0
2.360449632780595,48.8553322984673,75017,149.83376718126985,5,9899.474939437398,2.0,2,1456478.0
2.4736508230088208,48.88294091460912,75013,79.47650767983974,3,10190.767780889602,1.0,3,961938.0
2.2714614318269515,48.8121904467721,75013,78.20805293744795,6,10190.767780889602,2.0,0,833179.0
2.3395942174671487,48.81622359306538,7506,94.4276755207851,5,9841.359840436731,0.0,2,1173780.0
2.47892868736997,48.89903584930234,7505,46.29175718566067,3,9974.4015549417,0.0,0,356707.0
2.4105807793046177,48.85478762063598,7508,114.55469325206003,4,9848.31703220121,2.0,2,784945.0
2.4657642438826897,48.82193469148864,7506,66.60915263571178,3,9841.359840436731,3.0,3,461380.0
2.2895987948520617,48.89363281960818,75011,105.23964654496304,5,10149.03143443424,1.0,2,1356528.0
2.476319605013188,48.89137793913352,75014,101.97126825830148,2,10062.666974334055,4.0,1,1463954.0
2.39231071486068,48.83502092416528,7500,78.73107249026575,1,9981.88888607979,3.0,1,783830.0
2.466991595026558,48.877230559016176,75012,64.3656266231199,3,9935.066867676536,2.0,0,384722.0
2.4327808178951056,48.8184377605277,7501,105.87676255498825,1,10006.394372127985,0.0,3,888273.0
2.3727912774814843,48.82216685042879,75011,107.27465172451144,6,10149.03143443424,0.0,1,1493702.0
2.2469073096844405,48.86071757738266,7504,119.79408182754672,6,10257.726066885674,0.0,2,863376.0
2.2731281466083466,48.89855126564134,75015,117.07941472862905,2,9813.040070612808,3.0,1,1189966.0
2.390947222525144,48.83189955576479,7505,75.13630172585677,4,9974.4015549417,0.0,3,638500.0
2.475283795383952,48.87647741174548,7509,60.392590023122544,5,9775.064380528089,2.0,2,872742.0
2.256818531231588,48.83174224810159,75013,93.85734713152218,2,10190.767780889602,2.0,3,576433.0
2.4772105781490543,48.88732175810512,75010,135.74241448229444,6,9903.611678623716,1.0,3,1420598.0
2.273710978540904,48.83023716353316,7503,70.51198075501517,4,9983.017238897526,3.0,3,985821.0
2.3695021719697538,48.86136327625977,7503,36.24848048997527,3,9983.017238897526,1.0,0,308448.0
2.32744351264551,48.81264077852856,7503,54.39395101931525,4,9983.017238897526,0.0,3,597578.0
2.2249950697667336,48.85798127158563,75016,106.8867885144692,5,9678.120674588112,2.0,1,618847.0
2.473947652906298,48.8492822909766,7509,96.11360403914392,6,9775.064380528089,1.0,0,1022863.0
2.326570907175948,48.86355872225061,75018,125.15337954558544,6,9846.536214329111,3.0,2,1317545.0
2.251993274854346,48.81162648106195,7502,82.43279886501666,6,9569.91693818043,3.0,3,950116.0
2.2240942285285583,48.86218027829074,7505,112.2636781206065,2,9974.4015549417,0.0,0,1464728.0
2.4412536269085017,48.85094417055239,75019,54.93258547780626,3,9910.289427293848,1.0,0,625774.0
2.4378928630797643,48.86315013329887,75013,92.3133583732745,3,10190.767780889602,3.0,2,1204415.0
2.4206248765074525,48.880392202497845,7502,102.1044221167554,5,9569.91693818043,2.0,3,652214.0
2.468710582076847,48.87385195595981,75018,80.12008271888998,4,9846.536214329111,0.0,2,567766.0
2.3380327129589538,48.81956008762611,75010,52.086173782903,3,9903.611678623716,3.0,1,648359.0
2.392008629958005,48.88633974269512,75010,39.62711717934118,3,9903.611678623716,1.0,2,259718.0
2.2732884013047467,48.89417671921016,75018,89.17968023869003,3,9846.536214329111,2.0,1,1014760.0
2.2715446793873704,48.837789026266016,7507,130.296263031234,5,10160.7203358053,0.0,2,1041089.0
2.40523743393752,48.81775538408437,7506,39.89552580453213,4,9841.359840436731,1.0,0,317682.0
2.2477606713080727,48.87585772103997,75013,113.720130036817,3,10190.767780889602,2.0,1,1548300.0
2.297819343952326,48.856266673794025,7507,88.79084207873858,4,10160.7203358053,2.0,3,1107676.0
2.4172760944593152,48.8582720358497,7507,73.52440825264037,6,10160.7203358053,3.0,1,497045.0
2.264786980006636,48.86822852931279,7509,84.68140386461084,2,9775.064380528089,2.0,2,531993.0
2.297816894336171,48.84086638136613,75013,135.48799234227636,6,10190.767780889602,3.0,0,1201348.0
2.271442402975097,48.823300457800805,75011,71.33573740692027,1,10149.03143443424,1.0,2,604779.0
2.3711166528219496,48.823216028981065,7508,143.66276537996615,2,9848.31703220121,2.0,1,1131232.0
2.399008289882974,48.890137787555375,7505,106.79178324278016,4,9974.4015549417,0.0,2,900313.0
2.408765459289841,48.8826723122036,7503,77.02685154199804,6,9983.017238897526,1.0,0,619639.0
2.273020483804581,48.8755240200746,75012,84.07116741908906,6,9935.066867676536,2.0,1,576499.0
2.3484426250350268,48.81292019937344,7509,133.92963645899255,2,9775.064380528089,1.0,3,1238788.0
2.3614525224845635,48.879329886015256,75012,42.26484828845393,6,9935.066867676536,3.0,3,315127.0
2.3164325726680044,48.86548246040947,75016,146.95165552643903,3,9678.120674588112,1.0,1,996943.0
2.33028215177536,48.88096450607565,7502,49.40763299505521,5,9569.91693818043,1.0,3,565124.0
2.250235857366369,48.81699094393635,7509,50.79026172974356,4,9775.064380528089,0.0,2,696614.0
2.4199676698830226,48.83568306209216,75015,60.62416742589396,2,9813.040070612808,1.0,1,504751.0
2.4324503732110454,48.87978004641698,75015,106.54350059236047,3,9813.040070612808,1.0,2,1413914.0
2.234770988491244,48.83421867467307,7503,103.86052578810964,6,9983.017238897526,1.0,0,1240367.0
2.317721087376296,48.87004270986964,7505,101.00818103495963,5,9974.4015549417,1.0,2,899055.0
2.2400129473208192,48.88367265286584,7501,40.86774026963762,4,10006.394372127985,2.0,3,478401.0
2.225647632094588,48.87569782863915,75012,62.61956449209621,4,9935.066867676536,0.0,3,716814.0
2.259725672539594,48.89905500417602,7501,42.61720426771453,4,10006.394372127985,1.0,1,692554.0
2.271742009395292,48.82738601903629,75017,41.26817122925051,4,9899.474939437398,2.0,3,586802.0
2.4581658154852795,48.88714931861732,75016,99.50794457559036,3,9678.120674588112,2.0,2,1428219.0
2.280939476865576,48.86819339623214,7503,68.16872122326994,1,9983.017238897526,2.0,1,561175.0
2.2736335050276737,48.84484061215469,75011,103.93798266540531,5,10149.03143443424,2.0,3,806802.0
2.389533390590687,48.88019605963248,7507,103.23251981088032,1,10160.7203358053,3.0,0,1057221.0
2.263692969700928,48.87624414151269,75018,137.11549379871303,5,9846.536214329111,0.0,3,1402849.0
2.475272776228918,48.87517960390881,75019,98.253494284109,2,9910.289427293848,1.0,1,723646.0
2.4564564017323685,48.85145691501237,7506,78.51663790337065,3,9841.359840436731,1.0,3,1070266.0
2.3759156549044764,48.86013915082398,75015,60.78847043997749,1,9813.040070612808,1.0,0,704779.0
2.4713666683734967,48.87645682839835,75012,101.46648449475832,6,9935.066867676536,3.0,0,646340.0
2.377675135853954,48.82735701572453,7506,68.889180671854,6,9841.359840436731,1.0,3,416524.0
2.3943486154585143,48.85192727145814,75014,85.99043253530918,2,10062.666974334055,3.0,0,849211.0
2.292240208578101,48.88400506186456,75017,74.87875248775866,1,9899.474939437398,1.0,0,905062.0
2.3390358974805623,48.8588938521421,75017,107.42689602334752,4,9899.474939437398,0.0,2,1565273.0
2.3371591592940937,48.84069008282113,7504,38.38946106324745,6,10257.726066885674,3.0,3,379444.0
2.4248194134743213,48.86055694895767,7507,68.13865776831265,6,10160.7203358053,1.0,2,970596.0
2.3958257661569107,48.87694561147539,7503,119.16386142736016,4,9983.017238897526,2.0,1,1373617.0
2.468029454239994,48.82577006292861,75017,141.97289779650828,3,9899.474939437398,1.0,2,975253.0
2.40635329860804,48.84589866854203,75016,39.796015457312485,4,9678.120674588112,0.0,1,354180.0
2.4487605093509424,48.84151392885175,75016,136.09569503892843,2,9678.120674588112,2.0,0,1597303.0
2.455863094144659,48.83150460907751,75017,101.52183145426004,1,9899.474939437398,1.0,1,1345499.0
2.4130347336032205,48.82145067767752,75018,60.29826152636256,4,9846.536214329111,1.0,3,444103.0
2.331076445682452,48.82891061970083,7509,66.53408638391781,1,9775.064380528089,0.0,1,586840.0
2.2594114010081308,48.81961369724118,7503,50.75929652111796,3,9983.017238897526,1.0,3,813961.0
2.477486736488003,48.82566243371527,75011,93.14323685505305,3,10149.03143443424,2.0,1,1227024.0
2.3477642367620177,48.831182699293485,7504,44.795168382674085,2,10257.726066885674,1.0,3,410155.0
2.256939481543534,48.854242221545725,7508,80.54507188413305,1,9848.31703220121,2.0,1,923468.0
2.354614701377814,48.87513569694877,75013,99.2250384845772,2,10190.767780889602,3.0,3,1071999.0
2.4713728633657217,48.8744460398072,75014,43.07132121625283,5,10062.666974334055,1.0,2,542514.0
2.3149298650357326,48.83472985921466,75017,40.01671833277686,4,9899.474939437398,2.0,1,357893.0
2.4251608099489275,48.88458424052064,7502,92.1924877250528,2,9569.91693818043,1.0,0,1320246.0
2.428556879127324,48.88037069327648,75018,149.9324496320695,3,9846.536214329111,1.0,1,1031928.0
2.4302571146720475,48.85145823213024,7509,125.62613057455314,5,9775.064380528089,1.0,1,1283625.0
2.3134300830219168,48.85268864291877,75019,82.87285936657335,4,9910.289427293848,1.0,0,989189.0
2.372923427414163,48.82445763470127,7507,131.2772421903344,6,10160.7203358053,4.0,2,1456905.0
2.3037637136181623,48.85241524640893,7509,134.62902947832782,1,9775.064380528089,3.0,3,849305.0
2.4620537117917625,48.859709263961285,75017,89.9411069308984,4,9899.474939437398,1.0,1,541562.0
2.305303122473769,48.84609751256031,7508,40.340131297661216,6,9848.31703220121,2.0,0,323730.0
2.434211562944054,48.877635994637735,75018,146.48593368744525,2,9846.536214329111,0.0,2,890760.0
2.31294167379578,48.829193789862245,75018,71.12708795148025,1,9846.536214329111,1.0,2,598339.0
2.471827652373684,48.87593186308636,75011,143.1996579627746,5,10149.03143443424,0.0,2,1417509.0
2.4776432180432764,48.84784510408962,75018,117.5243089360161,6,9846.536214329111,2.0,3,1417476.0
2.4296599914042383,48.84758670082052,7506,64.33054570102667,2,9841.359840436731,0.0,3,830256.0
2.4443303870026805,48.86247650246414,7506,45.50439707967226,2,9841.359840436731,0.0,1,380485.0
2.4544648287261803,48.85611430604823,7506,109.2836012983498,6,9841.359840436731,2.0,1,912257.0
2.4735163168073644,48.87292982194091,7509,57.04275217378617,6,9775.064380528089,2.0,2,474694.0
2.327184806265704,48.839828213245816,7508,50.657678812822375,1,9848.31703220121,1.0,0,290985.0
2.3728931950630967,48.86669876138082,7508,149.89335865603283,1,9848.31703220121,1.0,3,1523076.0
2.3970550257626653,48.831630693919074,75011,74.73336628276853,6,10149.03143443424,2.0,0,486363.0
2.4595029926672693,48.818516512714616,7504,62.87290669448479,1,10257.726066885674,0.0,1,410078.0
2.2589023541562434,48.83335639977937,7503,76.03523703366454,5,9983.017238897526,1.0,3,949777.0
2.259497178620204,48.813341132817136,75015,106.68433017025244,4,9813.040070612808,2.0,0,800347.0
2.4674707755978726,48.866922478459486,75013,77.94984376160946,4,10190.767780889602,4.0,0,510113.0
2.2390604930445166,48.875661023992144,75016,51.955423100722136,6,9678.120674588112,1.0,2,456915.0
2.306910885844924,48.88389387956367,75018,72.75749254508719,2,9846.536214329111,1.0,3,1005994.0
2.4597251491589565,48.85570038737971,7508,127.57982482284568,1,9848.31703220121,2.0,3,839916.0
2.3829551576846724,48.87197972367461,7506,51.65285452418745,2,9841.359840436731,1.0,1,325129.0
2.47882255440034,48.84847534937708,7502,39.070196747993926,6,9569.91693818043,2.0,1,412387.0
2.227799856566833,48.820187776431816,7502,118.29720897400011,4,9569.91693818043,2.0,2,1074563.0
2.424356212370003,48.83920885036004,7509,133.05136514604396,1,9775.064380528089,1.0,0,1564446.0
2.4032462040819724,48.866162770200056,7503,138.6045908680199,5,9983.017238897526,1.0,1,902090.0
2.381801204758814,48.88331045799802,75010,37.80502563379785,3,9903.611678623716,2.0,2,564632.0
2.4367727108487824,48.85945318970293,75013,40.662342736472425,6,10190.767780889602,2.0,0,285394.0
2.368277713969047,48.86968407848144,7500,134.70115654056238,5,9981.88888607979,1.0,0,909600.0
2.389698422750342,48.86676800877524,75019,76.8516088898053,4,9910.289427293848,2.0,0,841935.0
2.3272901996742217,48.813791366002846,75019,63.838705279796166,5,9910.289427293848,1.0,2,457239.0
2.339577102640263,48.89821021219952,7506,79.36890358882121,4,9841.359840436731,1.0,2,649503.0
2.3523535319333497,48.81780087966391,75013,108.28886924984393,2,10190.767780889602,2.0,0,1104628.0
2.3352024339997035,48.86929661910856,75016,70.71794446268248,1,9678.120674588112,2.0,0,628582.0
2.416520142783815,48.862543717175214,75011,68.29135798134246,6,10149.03143443424,1.0,0,531204.0
2.389147905181956,48.81592336242617,7502,94.03670468226048,4,9569.91693818043,1.0,2,1169104.0
2.414055248148429,48.84866187188973,75019,100.70432635044467,1,9910.289427293848,3.0,3,1168895.0
2.3382664618001785,48.87559114915773,7505,39.4605079228686,6,9974.4015549417,3.0,0,528633.0
2.2596832317213846,48.8163138303219,7508,84.7802085928639,2,9848.31703220121,1.0,1,936207.0
2.373780403867239,48.8857858926043,7500,39.74224938227686,6,9981.88888607979,2.0,1,292022.0
2.285064572146007,48.81305431554722,75012,60.61240769888336,3,9935.066867676536,3.0,1,410412.0
2.242406916740541,48.88290741547536,75017,50.77523055089473,5,9899.474939437398,2.0,2,415750.0
2.288341114125244,48.83227892103816,7500,62.340290231158754,3,9981.88888607979,1.0,1,525932.0
2.312870693693156,48.81869054812812,7506,105.85937446773548,2,9841.359840436731,2.0,0,1329902.0
2.317792737270127,48.81272918825213,75011,114.74200539932508,6,10149.03143443424,1.0,1,1112310.0
2.326180364631426,48.88341897544806,75015,53.70815725012445,2,9813.040070612808,0.0,0,620424.0
2.4625577911485683,48.83403944704822,75019,88.2796526050719,1,9910.289427293848,1.0,3,756951.0
2.45057039337632,48.88703788637244,7502,76.27377980388243,5,9569.91693818043,2.0,1,861170.0
2.3898105438651283,48.89155474739038,75011,138.90562296181426,5,10149.03143443424,0.0,0,1121212.0
2.353916123374264,48.85147922897111,7501,43.75279382318307,3,10006.394372127985,1.0,0,505693.0
2.3559227392977595,48.81336554872234,7502,99.76704993679036,5,9569.91693818043,2.0,1,1023004.0
2.439031816094766,48.83228907232024,7504,127.13659813512386,6,10257.726066885674,1.0,3,1164628.0
2.3281683485464875,48.815395187155154,75019,47.6217225383342,1,9910.289427293848,2.0,2,314493.0
2.3023764386481296,48.83999789528499,7507,101.86551336700995,6,10160.7203358053,1.0,2,1060801.0
2.306291436795422,48.88196988620638,7506,43.52210508895092,3,9841.359840436731,1.0,0,315128.0
2.3644313822521803,48.89946321078792,7508,73.33163093041982,1,9848.31703220121,1.0,0,646147.0
2.221791524928031,48.84631400352834,75018,116.17829637603442,2,9846.536214329111,1.0,1,1204910.0
2.3062405195926257,48.85165318547735,75012,96.336683719774,4,9935.066867676536,0.0,2,1305586.0
2.2379805569208093,48.86625301090058,75016,146.46437285820252,1,9678.120674588112,1.0,0,1017387.0
2.329392877239791,48.87541109204671,75012,134.16246838277124,3,9935.066867676536,2.0,3,1212492.0
2.310927593412664,48.85928386106584,75017,72.60598498978482,2,9899.474939437398,1.0,3,557384.0
2.453090801495831,48.85886830496244,7504,111.3401043155989,1,10257.726066885674,2.0,3,648204.0
2.3306957392687777,48.89022653853055,75018,84.4004438879978,4,9846.536214329111,1.0,1,731929.0
2.3553305767861445,48.83073631643988,7507,115.82163695762208,6,10160.7203358053,2.0,0,1674018.0
2.455438271140214,48.81581186122936,75013,68.65838858352721,2,10190.767780889602,1.0,2,672986.0
2.3002942930920223,48.81285757242997,75018,122.40636607839171,6,9846.536214329111,1.0,3,814728.0
2.3698977455845887,48.85081936860598,7502,91.24175982098411,2,9569.91693818043,1.0,3,820120.0
2.3848726513615985,48.83495462920913,7508,37.41061987992111,1,9848.31703220121,1.0,1,240573.0
2.3681847879775737,48.84203408894428,7503,99.73751699644156,4,9983.017238897526,2.0,3,728714.0
2.221276981053352,48.8826290550394,7500,65.6117453974302,6,9981.88888607979,2.0,0,616072.0
2.235509228555073,48.87747442146679,7506,143.24290962016505,5,9841.359840436731,0.0,1,1139536.0
2.26271390417086,48.86488282028323,7503,95.89232536741328,1,9983.017238897526,1.0,3,1409340.0
2.2364265796748386,48.81121825783465,75016,64.02609617138185,4,9678.120674588112,0.0,1,425629.0
2.2248152760491817,48.89428232645253,75015,85.67771812359987,1,9813.040070612808,1.0,3,1116254.0
2.378522991574965,48.84143737365815,7500,135.82250594622792,3,9981.88888607979,3.0,0,1227416.0
2.37637413948274,48.82860230748319,7502,86.31301388915406,4,9569.91693818043,1.0,1,996867.0
2.428048270144005,48.82561707219633,7506,128.09824310221703,4,9841.359840436731,1.0,0,1031518.0
2.240346987091882,48.87536945891375,7504,66.48451157289637,3,10257.726066885674,1.0,3,1085915.0
2.3151540829845705,48.85193883017667,7504,61.11642797732615,5,10257.726066885674,2.0,1,485795.0
2.4393802645430367,48.81382839760939,75012,47.211920864399936,3,9935.066867676536,1.0,3,452857.0
2.4719411010824035,48.87715985721217,7501,64.3024363311151,2,10006.394372127985,1.0,3,595506.0
2.4223641254345307,48.8882204130067,7501,62.571178932388136,4,10006.394372127985,2.0,0,481135.0
2.2703778200491453,48.878139663673785,7503,53.55907920946942,5,9983.017238897526,1.0,1,656256.0
2.2913009671079987,48.869841570181045,7509,49.2843998014753,5,9775.064380528089,1.0,3,365137.0
2.295527597514239,48.82142145758497,75016,56.02786446727486,4,9678.120674588112,2.0,2,494076.0
2.250347783234625,48.84865672280564,75015,103.7845432644162,5,9813.040070612808,2.0,0,975173.0
2.23508634496295,48.889084509167,75015,106.88925453332511,3,9813.040070612808,1.0,2,1345008.0
2.4695514654484,48.87117624254766,7507,122.21035392635392,6,10160.7203358053,1.0,3,1287448.0
2.411844860746832,48.87050266928861,75018,70.49191289947314,2,9846.536214329111,4.0,0,932755.0
2.3684804565562763,48.81337901462479,7505,99.6456339248774,4,9974.4015549417,1.0,3,1190017.0
2.2424511573564256,48.88933140692618,7509,78.60784491061675,4,9775.064380528089,0.0,2,1146877.0
2.23349994189356,48.85189262266863,7506,78.48596219231499,1,9841.359840436731,2.0,2,715413.0
2.4070556637168288,48.889145894481096,75019,56.72425827244322,5,9910.289427293848,1.0,0,649121.0
2.242761490038692,48.861926611457285,75013,109.97567519934904,5,10190.767780889602,0.0,0,1559726.0
2.398461623012127,48.861511882666186,75010,106.40480288797065,3,9903.611678623716,1.0,0,682241.0
2.474703908962709,48.8232626437708,75011,134.23128239262786,2,10149.03143443424,1.0,2,1225539.0
2.420292188611272,48.888186323473874,75019,57.79061151169422,1,9910.289427293848,2.0,0,764320.0
2.3329028365864524,48.85379629790204,7503,39.93701679671656,4,9983.017238897526,2.0,2,353403.0
2.2806939053775954,48.818524379460165,7504,92.25111699621326,6,10257.726066885674,0.0,1,762590.0
2.279207548309892,48.83596348035351,7501,39.765541273266365,6,10006.394372127985,2.0,3,598910.0
2.405713027170599,48.8958548081632,7503,56.693117099631806,5,9983.017238897526,2.0,3,781756.0
2.2463181173213345,48.82461238527815,75010,106.58912475102902,1,9903.611678623716,2.0,3,1662446.0
2.343572077773948,48.85659053225013,75014,81.89085340592426,4,10062.666974334055,1.0,0,1063531.0
2.3733101461559,48.84452890834457,7504,70.34531412632336,2,10257.726066885674,1.0,0,785847.0
2.261383363399179,48.84510766913459,7505,94.78436157135891,6,9974.4015549417,1.0,2,703723.0
2.3191960444016915,48.87004105245448,75012,69.70160980570228,6,9935.066867676536,2.0,0,961546.0
2.4251351876399063,48.821517779668575,75012,132.807303227264,6,9935.066867676536,2.0,1,935581.0
2.227988570327768,48.81499603236778,75017,80.90545534162135,4,9899.474939437398,0.0,1,802829.0
2.473017547599498,48.85233226715399,7502,91.3417452046554,6,9569.91693818043,1.0,0,546983.0
2.39314415636756,48.87430378925903,7508,94.7650350381786,6,9848.31703220121,2.0,0,1242845.0
2.421885394334641,48.86501086699924,75011,114.93546042463788,1,10149.03143443424,1.0,1,1141777.0
2.224568738356991,48.81697697559095,75015,66.17118161268323,2,9813.040070612808,2.0,0,607867.0
2.3348332738088167,48.89695295510885,7504,119.64747142495196,3,10257.726066885674,1.0,2,1103696.0
2.2515804187556605,48.880591677581705,75010,81.67161875692585,2,9903.611678623716,1.0,3,1123538.0
2.2976910281377045,48.8188033222545,7505,146.74122964401414,6,9974.4015549417,2.0,0,1476644.0
2.372405499783872,48.83846118989823,75017,111.8568053904545,1,9899.474939437398,1.0,0,1177416.0
2.2731639752974933,48.89317869207775,7500,106.57274469670682,5,9981.88888607979,2.0,2,886118.0
2.3305236151176083,48.88062410854263,75015,68.45202032030608,4,9813.040070612808,2.0,2,645107.0
2.2455115136687507,48.875006986088025,7509,74.23648443059501,6,9775.064380528089,1.0,2,837600.0
2.319071096568192,48.88187406736618,75018,136.60192568983314,2,9846.536214329111,1.0,2,865578.0
2.402043828532796,48.88174246140261,7506,43.86828553062109,6,9841.359840436731,3.0,2,326012.0
2.381553625649764,48.84596341026008,7502,38.62611375319979,4,9569.91693818043,1.0,0,330790.0
2.3497337352846324,48.84893333565159,75014,140.15160955262462,2,10062.666974334055,0.0,3,1036037.0
2.369437732849565,48.86173595660507,75019,93.1033145902772,4,9910.289427293848,3.0,0,1128772.0
2.251039075666487,48.87078417459934,75017,115.85032332000324,1,9899.474939437398,2.0,3,902020.0
2.366710042582984,48.81026306269582,7509,145.4719361905532,4,9775.064380528089,2.0,1,1064484.0
2.4605897660107785,48.876148666100654,75016,86.73975330791902,3,9678.120674588112,2.0,3,759011.0
2.3772398445960103,48.83525337272946,7505,78.12917039940845,2,9974.4015549417,2.0,1,1031402.0
2.387673658162982,48.89459213873485,7503,58.9965589617527,3,9983.017238897526,3.0,2,580676.0
2.420246970839848,48.83897166832741,7503,80.42580833193112,2,9983.017238897526,1.0,2,993547.0
2.449417532480932,48.878171950662434,7506,40.5935300359882,6,9841.359840436731,0.0,3,324170.0
2.475607339811332,48.82011544058795,75013,111.1664778159081,2,10190.767780889602,2.0,2,1216278.0
2.470144702352831,48.84752313385712,75015,149.57301118406065,1,9813.040070612808,0.0,3,1012441.0
2.3541243169609247,48.82483364833007,75016,139.73408557278844,6,9678.120674588112,3.0,3,1519522.0
2.3523953092904204,48.84868529716599,75011,36.71182353918074,1,10149.03143443424,0.0,2,392613.0
2.2567758176967407,48.864014064853606,7507,124.38818694457196,2,10160.7203358053,1.0,2,1033092.0
2.405510370151517,48.844059642883295,7501,81.1967561632487,5,10006.394372127985,3.0,0,954144.0
2.451289509033196,48.86362199044486,75010,40.79789371047968,6,9903.611678623716,3.0,2,512972.0
2.2767310291320744,48.88699796255423,7503,61.811160617805584,4,9983.017238897526,1.0,0,432591.0
2.2790893750831973,48.82964272179522,7500,111.25005310722597,2,9981.88888607979,3.0,0,1003436.0
2.350697479798664,48.840726175187264,7505,45.24915174489136,6,9974.4015549417,2.0,1,422105.0
2.285439746709419,48.8974499789966,7500,85.94806363454438,5,9981.88888607979,0.0,3,1311603.0
2.3791052684301914,48.8136412768309,7505,110.97469143118758,6,9974.4015549417,1.0,3,1037888.0
2.336537658729793,48.85581151136724,7500,138.4461275012262,3,9981.88888607979,1.0,2,996737.0
2.356740585766028,48.84539238938534,75019,94.67525010797291,6,9910.289427293848,0.0,1,611606.0
2.3012876925408907,48.86115327293113,7503,116.20666197505568,4,9983.017238897526,1.0,2,1044328.0
2.2205063185632765,48.82864522316377,75019,78.12843413350521,3,9910.289427293848,3.0,3,581517.0
2.23586453463898,48.83414698374341,7507,82.7888999836496,1,10160.7203358053,2.0,0,846007.0
2.2724891797484075,48.8131427962857,75014,57.43596868838498,3,10062.666974334055,1.0,0,873330.0
2.28640313924954,48.81167875762694,7504,140.72289192181603,5,10257.726066885674,1.0,2,1278417.0
2.446711250803084,48.8375755065512,75017,100.69642518688444,6,9899.474939437398,2.0,3,838283.0
2.29228817788932,48.88433369180773,7504,125.39132609232897,4,10257.726066885674,4.0,1,1037822.0
2.366110010523876,48.816708912363154,7501,122.17999347219902,4,10006.394372127985,1.0,2,1073981.0
2.47715994559244,48.833546466991805,75010,88.12747017508784,4,9903.611678623716,2.0,0,1182179.0
2.2859332381631443,48.84260862472173,7502,148.99627513665774,6,9569.91693818043,1.0,3,1533931.0
2.402653383990664,48.84336666716421,7507,79.31941929309852,1,10160.7203358053,1.0,2,843369.0
2.421225053980761,48.85587391492469,75014,121.3629085218156,6,10062.666974334055,1.0,2,1080436.0
2.4636562630511976,48.83317442264006,75011,49.291653990590746,5,10149.03143443424,2.0,1,740299.0
2.430727709864444,48.83903275917822,75013,50.49735075341569,6,10190.767780889602,1.0,2,616523.0
2.305001254871936,48.88384490380792,7502,59.83553755916937,3,9569.91693818043,2.0,3,608204.0
2.2622759453893195,48.84221714287533,7508,99.28372303241386,2,9848.31703220121,3.0,3,1203619.0
2.3625240125285147,48.81637252321072,75010,101.898357458897,2,9903.611678623716,1.0,3,1350741.0
2.428808154705596,48.825903126492506,75013,105.82524058467202,3,10190.767780889602,2.0,1,1172602.0
2.4002609462080664,48.88646588129534,75011,66.45747722966311,2,10149.03143443424,1.0,2,558801.0
2.338783707039436,48.85746631094022,7509,124.97974150033164,6,9775.064380528089,2.0,1,1590791.0
2.4348745238955503,48.82847104866528,7502,146.8940469759711,3,9569.91693818043,1.0,1,1216147.0
2.231945024215856,48.86864371940591,7509,68.50958353205725,3,9775.064380528089,0.0,3,431492.0
2.269955929088604,48.84447802847764,7507,129.61786220382777,6,10160.7203358053,0.0,2,1325226.0
2.472790815960477,48.89119354346367,7501,54.31075836649735,5,10006.394372127985,1.0,1,463705.0
2.2620501055603293,48.87777319066189,7503,95.90875829455172,1,9983.017238897526,1.0,3,1253890.0
2.319695969537054,48.86427536559598,75014,64.8096638769813,6,10062.666974334055,2.0,2,516702.0
2.2444583201306934,48.8788868211782,7500,99.6240430254874,2,9981.88888607979,1.0,0,685611.0
2.221755164998459,48.869603913249406,75011,106.82801140127698,3,10149.03143443424,0.0,3,743386.0
2.308392661401206,48.8137231833138,7501,99.07403718652066,3,10006.394372127985,2.0,3,971932.0
2.4146359875758465,48.87411486404024,75014,74.24752195240917,6,10062.666974334055,3.0,3,772181.0
2.2581743085707835,48.83799335278667,75014,87.47897533440982,6,10062.666974334055,0.0,0,940669.0
2.3815080621141123,48.81659038129765,7506,111.65519218831416,1,9841.359840436731,2.0,1,1447385.0
2.450882716204501,48.83662951208552,7501,108.1683185724835,3,10006.394372127985,1.0,1,1463702.0
2.3715232038814387,48.82486284007026,7502,47.47980652043244,2,9569.91693818043,2.0,1,434781.0
2.3354174505885568,48.8609990297272,75018,69.97244740433507,3,9846.536214329111,1.0,0,777285.0
2.4670145203221296,48.86067427460777,7501,64.78401068460553,2,10006.394372127985,2.0,3,607837.0
2.3763035940317114,48.86188995554592,7502,76.46406928077658,4,9569.91693818043,0.0,3,892745.0
2.3843688838896995,48.83787288704846,75015,50.51830317028298,1,9813.040070612808,2.0,3,388389.0
2.436047587954694,48.85587808367495,7503,44.95356205473242,1,9983.017238897526,2.0,2,352285.0
2.3321344430725985,48.8209648914016,75013,56.01509092541832,5,10190.767780889602,1.0,1,817857.0
2.250533300118388,48.893793408724186,75014,36.61371594916687,4,10062.666974334055,3.0,3,445545.0
2.451606188614853,48.89176822514548,7500,133.51810842048485,6,9981.88888607979,0.0,3,799863.0
2.251905967274912,48.81279726444025,7509,44.14482740590931,3,9775.064380528089,0.0,1,388157.0
2.243856522774468,48.81015495631972,75012,141.07482530389677,4,9935.066867676536,3.0,3,1041765.0
2.290320776320569,48.8871376114053,75010,84.41784034058247,5,9903.611678623716,2.0,2,904075.0
2.361869281822571,48.888059882560526,75016,108.05602730412404,5,9678.120674588112,2.0,0,685105.0
2.430857998445611,48.89418282467848,75013,59.04897115380617,3,10190.767780889602,2.0,2,806174.0
2.2416513302750056,48.85947024573308,75015,84.95765432648022,1,9813.040070612808,2.0,3,1227978.0
2.230140565839307,48.88873075657456,75015,85.11863236715533,1,9813.040070612808,1.0,3,899106.0
2.388570391129482,48.81583137782884,75014,58.116679963667885,2,10062.666974334055,1.0,3,446021.0
2.253549612010897,48.88503125719216,7508,137.43199354683802,3,9848.31703220121,0.0,1,851886.0
2.3821846524095127,48.830157259532754,7506,90.48627460149692,4,9841.359840436731,0.0,0,749291.0
2.352903133904716,48.81887804037548,75010,86.8831802024929,3,9903.611678623716,1.0,1,1198419.0
2.371858970019023,48.86705460069068,75014,78.69781398385354,6,10062.666974334055,2.0,3,678427.0
2.229486070634174,48.840883402763005,75018,64.0286196564246,5,9846.536214329111,2.0,3,689346.0
2.388517424982499,48.8572186545995,75011,121.52004904790164,5,10149.03143443424,1.0,2,973983.0
2.3572420293005165,48.81922015157007,7501,126.39329805428817,1,10006.394372127985,1.0,2,902632.0
2.3340947400298337,48.85320683457364,7509,69.40499575378135,5,9775.064380528089,1.0,1,1033496.0
2.345478454729136,48.85152290625915,7502,70.05571004443567,6,9569.91693818043,2.0,1,746402.0
2.31256857345488,48.86249748785284,7507,70.28995296785459,2,10160.7203358053,3.0,0,918289.0
2.3903045461713788,48.897649569743066,75019,91.2951018371066,1,9910.289427293848,1.0,2,1076446.0
2.4096864652900143,48.84690250250833,7507,68.36645014787038,5,10160.7203358053,2.0,3,860869.0
2.400757869765304,48.819835712885535,75013,63.92524141242114,1,10190.767780889602,1.0,3,624545.0
2.2905729003572866,48.81630080773724,7500,46.45790440510793,2,9981.88888607979,1.0,2,615661.0
2.3424467565237976,48.8350226250908,75013,129.92936133585349,1,10190.767780889602,2.0,1,954093.0
2.2554793434524463,48.86691948377135,7508,48.80810990698889,4,9848.31703220121,3.0,1,643537.0
2.4509167903923634,48.88146890492175,7506,148.05356094769064,4,9841.359840436731,3.0,1,1241229.0
2.2575310733323315,48.883437232276336,7502,126.9464854019856,1,9569.91693818043,2.0,0,853749.0
2.238701958714392,48.86803561268151,7508,85.49224741107126,3,9848.31703220121,2.0,2,1274454.0
2.331944741578931,48.85485569426143,7507,117.3236432325956,1,10160.7203358053,0.0,1,720259.0
2.2864818293757034,48.86326615113848,75010,86.00477213998059,1,9903.611678623716,1.0,2,676526.0
2.408340690687371,48.841834046437256,7502,102.960844101293,3,9569.91693818043,2.0,2,910895.0
2.418661211028094,48.86211258851444,7509,129.02815510120143,5,9775.064380528089,2.0,1,1400453.0
2.3980736994504293,48.87939568696802,7509,133.9517845022932,5,9775.064380528089,1.0,1,911246.0
2.4042113614369374,48.893483865109445,75011,82.75070094868818,2,10149.03143443424,0.0,0,1054218.0
2.447935368727645,48.85291041400565,75011,106.41864395015055,6,10149.03143443424,1.0,0,714927.0
2.222176746360361,48.83592646232312,75019,53.3364137577488,1,9910.289427293848,3.0,0,558999.0
2.2548269313656104,48.88342309586636,7502,130.08018369032817,3,9569.91693818043,2.0,3,1057169.0
2.39291992515433,48.84530542406423,7509,130.7974887775573,1,9775.064380528089,1.0,2,1267487.0
2.3996388431565188,48.892708747171525,75019,100.49058977264548,6,9910.289427293848,0.0,2,959923.0
2.4236769941825465,48.87832832128531,7505,93.1569324829968,3,9974.4015549417,4.0,0,586170.0
2.386168169204301,48.896734565198805,75011,67.80230922649349,4,10149.03143443424,0.0,0,602355.0
2.2918283375770163,48.82369268340244,7506,60.3575573086696,5,9841.359840436731,4.0,0,366515.0
2.401476225968416,48.86608744836934,7501,115.76573175966188,3,10006.394372127985,5.0,1,800661.0
2.307592125005725,48.8720680975604,7507,60.70984619244669,3,10160.7203358053,2.0,0,473894.0
2.414708778019161,48.893227968189066,75011,84.55081708788563,1,10149.03143443424,3.0,0,922533.0
2.427758138172893,48.85422015566835,75019,82.02463768940322,5,9910.289427293848,1.0,0,863009.0
2.4005058799233026,48.838279308990536,75013,42.18031946654586,1,10190.767780889602,2.0,2,404694.0
2.3673347200386337,48.867613169866814,75013,128.5861609590716,4,10190.767780889602,3.0,2,1028598.0
2.406044765916976,48.89389860871391,75015,95.06449326820764,6,9813.040070612808,2.0,3,1166291.0
2.2908446244198464,48.84266863165182,7506,105.79127725296657,3,9841.359840436731,2.0,3,1154968.0
2.3447026905458244,48.84688556454106,7502,143.9781339901037,5,9569.91693818043,2.0,1,965839.0
2.399037640540547,48.81717772587323,75014,110.7837005809649,3,10062.666974334055,3.0,0,1134691.0
2.2572713050942164,48.84104584636325,75012,79.66886984607969,3,9935.066867676536,1.0,3,900746.0
2.4069201921748844,48.81516604292504,75012,137.28812026366066,4,9935.066867676536,4.0,1,1427938.0
2.3148951072722403,48.844857565711486,75010,148.33668852432095,4,9903.611678623716,1.0,2,1097956.0
2.4568335439595432,48.8418625474209,7501,72.36557820493826,2,10006.394372127985,0.0,2,428768.0
2.390188227256999,48.8942740874025,7505,119.04753922189784,5,9974.4015549417,1.0,3,1099367.0
2.447486074517006,48.881477412376,7504,149.94807865723544,1,10257.726066885674,1.0,2,1389217.0
2.4461878011582763,48.81178572701764,7502,142.07160837445292,4,9569.91693818043,1.0,3,1149605.0
2.237861625084133,48.8919170820355,7504,105.25330501383232,3,10257.726066885674,1.0,0,657150.0
2.340843234092844,48.81314125701362,75018,141.29650983286842,4,9846.536214329111,0.0,3,861704.0
2.385586020289498,48.85364044899099,7506,47.94116438485172,6,9841.359840436731,0.0,2,505482.0
2.2928497002761645,48.82178505278564,7501,92.17590044774512,4,10006.394372127985,1.0,3,752645.0
2.420719065590311,48.84659473727377,75014,82.70020523606284,2,10062.666974334055,3.0,1,1033444.0
2.435076318442053,48.831242054657416,75012,143.9348407312089,1,9935.066867676536,2.0,2,1149154.0
2.470499332592384,48.84143617567382,75018,62.67078728196382,4,9846.536214329111,0.0,2,896232.0
2.2429186698349866,48.85953730452059,75019,144.6791903211869,3,9910.289427293848,0.0,2,1539542.0
2.474610437950075,48.84676278409431,7504,118.97346935668276,1,10257.726066885674,1.0,1,1136910.0
2.308115322744904,48.883841615054166,75018,131.4980232704047,1,9846.536214329111,2.0,3,1408144.0
2.2465063181380134,48.85786723981649,7502,114.14078992156944,6,9569.91693818043,2.0,1,727985.0
2.343183446902964,48.81161432863192,75015,36.07073478972463,6,9813.040070612808,2.0,1,359617.0
2.4111583504534098,48.842593318159686,7505,88.53351411505648,2,9974.4015549417,2.0,2,743706.0
2.3157357742251725,48.83385414864884,75019,107.28832941993834,2,9910.289427293848,3.0,0,815449.0
2.4106284296906195,48.87465870731977,75015,35.99562425293528,5,9813.040070612808,2.0,2,315628.0
2.2544675077236427,48.896112144828535,7508,93.15657171901736,2,9848.31703220121,0.0,2,1027577.0
2.3038941767079857,48.87288612966154,75019,73.02856671200465,3,9910.289427293848,5.0,2,773842.0
2.366955877085251,48.895470485336965,75012,70.6722832406516,3,9935.066867676536,2.0,1,555822.0
2.453617291930211,48.86186790818149,7507,123.5272996005022,5,10160.7203358053,2.0,1,1512310.0
2.350810299127198,48.87684349941628,7503,77.5285322186975,4,9983.017238897526,1.0,2,776287.0
2.331469586613407,48.85183404245949,75018,54.17407554765882,1,9846.536214329111,1.0,2,644049.0
2.256883384317248,48.84691712984298,7502,102.8025143177223,5,9569.91693818043,1.0,1,1412096.0
2.246338131584664,48.83228525647485,75011,137.0122350080784,6,10149.03143443424,1.0,3,1486753.0
2.2279288918493414,48.83466205571887,7502,107.56616288802914,6,9569.91693818043,1.0,2,1566734.0
2.309326692963879,48.84644347915032,75011,55.39981564112197,4,10149.03143443424,1.0,3,628726.0
2.471087182536373,48.828827654362186,7506,94.327676541857,6,9841.359840436731,1.0,0,661508.0
2.261902787255228,48.86543567018885,7506,70.31241562626208,4,9841.359840436731,0.0,0,645841.0
2.2550479146589653,48.82487896342448,75019,75.20861077325814,5,9910.289427293848,1.0,0,873215.0
2.364250392074549,48.89979716847339,7508,70.74340495953126,3,9848.31703220121,1.0,3,874396.0
2.4566330029105985,48.85867127094931,7508,131.118146234262,3,9848.31703220121,2.0,2,1167683.0
2.252140767659217,48.83008328694999,75012,73.61933517366597,5,9935.066867676536,1.0,2,802448.0
2.4603208576558293,48.827863708247484,7503,84.049803673657,4,9983.017238897526,3.0,2,513987.0
2.3674716262546927,48.879856669864765,75012,90.97394949692304,6,9935.066867676536,1.0,2,948677.0
2.358394894876656,48.81854237706537,7505,66.61904978505346,4,9974.4015549417,1.0,2,645843.0
2.455416745434129,48.85888386630537,7505,46.14391392925514,1,9974.4015549417,0.0,3,648932.0
2.466432303050776,48.88379002707829,7504,74.44923658482014,6,10257.726066885674,3.0,0,820386.0
2.403858572201068,48.840253232355685,75010,50.547926409682745,4,9903.611678623716,4.0,1,542449.0
2.2625883994341875,48.88601710084104,7504,146.32744172972102,6,10257.726066885674,3.0,0,1602966.0
2.4303808794886965,48.86505887460432,75016,121.57129615027324,3,9678.120674588112,1.0,3,1362404.0
2.448678838458392,48.87454060502856,7508,132.2730990163804,6,9848.31703220121,1.0,3,1133318.0
2.425133040166323,48.81604276808045,75013,126.88930290443028,2,10190.767780889602,1.0,2,1131412.0
2.467061472470574,48.89944934947519,75017,99.63134261753493,5,9899.474939437398,1.0,3,1005562.0
2.44161583316733,48.84011592238877,75015,130.10229912382442,5,9813.040070612808,1.0,1,912238.0
2.220364109521278,48.843151728512574,75015,106.12239914427624,3,9813.040070612808,2.0,0,1017634.0
2.223309460182733,48.84407669437084,7504,74.69719626367646,2,10257.726066885674,0.0,0,679093.0
2.448649605324976,48.88288064486359,7509,96.55235945231568,5,9775.064380528089,0.0,3,549278.0
2.468436131568787,48.88910954456743,7506,94.88238687461904,4,9841.359840436731,2.0,1,1247758.0
2.259498023570766,48.81051275500745,7505,77.07722601207661,6,9974.4015549417,2.0,3,1057056.0
2.226041476953832,48.87866576233057,75010,84.89278113119265,3,9903.611678623716,0.0,2,601433.0
2.4229013103472474,48.84424063018342,75019,83.4883879549842,3,9910.289427293848,1.0,3,615545.0
2.399415187146148,48.81108627946134,7508,44.56288835994195,4,9848.31703220121,2.0,2,382330.0
2.3812456980587027,48.82058434980016,7507,107.53357705588472,5,10160.7203358053,2.0,0,1058757.0
2.271764877693208,48.81910041935242,75012,35.13117919865834,5,9935.066867676536,0.0,1,227595.0
2.246409360989403,48.89704858390169,75011,129.1462995518756,5,10149.03143443424,0.0,1,1004438.0
2.3789608616530886,48.83468039758044,75010,95.7418395224379,3,9903.611678623716,0.0,2,834656.0
2.2253686621841333,48.84866382206377,7503,87.71061789275062,2,9983.017238897526,2.0,1,1256544.0
2.2741528426628497,48.89813872825562,7509,83.40884886797251,3,9775.064380528089,1.0,2,791458.0
2.446522368701592,48.87459660299973,7501,89.02513595523982,4,10006.394372127985,3.0,0,1064143.0
2.293862964207261,48.88321134595216,7509,101.04913936586428,5,9775.064380528089,1.0,0,1458351.0
2.303687459969728,48.82587265893447,75016,61.97928681382302,3,9678.120674588112,2.0,1,841920.0
2.268095044084879,48.83206389860738,75019,63.2428264087656,6,9910.289427293848,0.0,3,646386.0
2.4676857749902594,48.868911921312645,7509,54.12344383705586,5,9775.064380528089,0.0,3,731287.0
2.2624413947835365,48.8631272169431,7500,122.31313629628848,4,9981.88888607979,0.0,0,1510229.0
2.2977114143046795,48.83019528725526,75016,122.52587899214144,6,9678.120674588112,0.0,0,1305571.0
2.372491855225753,48.88685250632384,75013,63.480744613073135,2,10190.767780889602,0.0,2,490656.0
2.418459315887086,48.8393305044112,75014,45.60214261364584,4,10062.666974334055,3.0,3,431660.0
2.441325607649456,48.820389279423104,75014,57.38013318904179,3,10062.666974334055,2.0,1,743567.0
2.267672688890724,48.820583063324975,7502,65.97269539241896,3,9569.91693818043,2.0,3,808911.0
2.405845320486168,48.84763550001188,7508,72.45451591042787,6,9848.31703220121,0.0,0,630777.0
2.2323662442912866,48.81514748248034,7509,91.63530065663096,5,9775.064380528089,0.0,1,906780.0
2.393480932316306,48.89010898269938,75017,66.09886569794762,1,9899.474939437398,2.0,3,639874.0
2.455013262976279,48.865315360707626,7504,98.98751648341006,1,10257.726066885674,2.0,0,999760.0
2.347977506517275,48.87385054235234,75013,86.65321813747869,4,10190.767780889602,1.0,2,659958.0
2.3699188342681943,48.8662840610917,7503,52.99645806150888,6,9983.017238897526,0.0,3,677305.0
2.2454397575669565,48.812835799282894,75010,36.270384251975536,3,9903.611678623716,3.0,0,413271.0
2.262539599414001,48.89640583767967,75017,87.68182611797806,6,9899.474939437398,0.0,1,1148833.0
2.2521453048499693,48.81815852401336,7505,115.59886623860042,6,9974.4015549417,2.0,0,937723.0
2.468725738719492,48.89648688211648,75014,120.4813541257996,6,10062.666974334055,2.0,2,1242500.0
2.467585688817222,48.86052576898073,7506,83.80699853815504,1,9841.359840436731,1.0,1,504646.0
2.2206122140992632,48.881314767579,75016,85.72890641752589,2,9678.120674588112,1.0,3,652063.0
2.306601601524973,48.8826087546393,75011,103.69348193652694,1,10149.03143443424,1.0,3,1158740.0
2.357887598837506,48.83791917985604,7502,58.229894864137485,1,9569.91693818043,0.0,2,722004.0
2.252572976784476,48.8546977384126,75018,72.81942807826672,3,9846.536214329111,2.0,1,468262.0
2.360163886980906,48.85189801808925,75013,68.63797130050281,6,10190.767780889602,0.0,2,751294.0
2.3524152713740394,48.882318500874696,75016,57.84511806592761,1,9678.120674588112,4.0,1,342966.0
2.270987227821786,48.88628663100719,7504,81.47808353083073,4,10257.726066885674,2.0,2,581421.0
2.2982552770400195,48.89258825961844,7506,42.60902362561138,1,9841.359840436731,1.0,0,278690.0
2.380314349148341,48.81159045330726,7502,81.70132153098305,6,9569.91693818043,1.0,0,1015540.0
2.444739991495964,48.86842831011278,7506,144.9107008585836,4,9841.359840436731,2.0,3,1405868.0
2.422654133823751,48.82270511161508,7500,41.602550416720746,2,9981.88888607979,1.0,2,276878.0
2.412127134313838,48.8383367885564,7500,52.82939317726148,3,9981.88888607979,2.0,2,396446.0
2.4505081667440374,48.869959475664,75010,67.32730217889048,6,9903.611678623716,3.0,1,895234.0
2.4668445913779697,48.81927845039251,75018,40.5967169179694,4,9846.536214329111,2.0,2,472329.0
2.4009480671272145,48.89149593243653,7509,88.89145454937386,2,9775.064380528089,3.0,1,718102.0
2.2424116126245424,48.868044702398734,7507,84.01292655004535,4,10160.7203358053,2.0,3,981793.0
2.395371794258948,48.88953090967048,7509,81.82980922636514,6,9775.064380528089,1.0,0,1030970.0
2.230558095670073,48.850797442703154,75014,60.14329054038433,5,10062.666974334055,1.0,1,429729.0
2.4479558434859694,48.85736302671243,7502,67.68565922230053,5,9569.91693818043,2.0,3,630662.0
2.453683957467592,48.82691275984596,75011,46.42284043727648,1,10149.03143443424,2.0,0,715301.0
2.436807192015612,48.86337997859571,7506,64.27175828747937,4,9841.359840436731,1.0,1,501510.0
2.3392189174612605,48.83407601690384,75011,102.33340559269256,4,10149.03143443424,1.0,3,1104543.0
2.271640857840389,48.88220462615533,7506,107.74354397565452,3,9841.359840436731,3.0,2,1444378.0
2.344635543229728,48.879927478121175,7509,104.49695830970327,4,9775.064380528089,2.0,2,1419245.0
2.304728786460196,48.85525029627338,7506,59.090343703604,3,9841.359840436731,2.0,1,794757.0
2.333992454749624,48.85964128448954,7504,60.06752380455099,5,10257.726066885674,2.0,1,890169.0
2.2289357516723087,48.84690846739365,75011,142.03589460378674,4,10149.03143443424,2.0,2,1430320.0
2.4097419590538784,48.86145798123357,7501,124.14370003937226,6,10006.394372127985,2.0,0,872941.0
2.259628605459059,48.89892323064291,75015,91.5788454890318,1,9813.040070612808,2.0,1,742951.0
2.3424871858307243,48.89367310046812,75014,82.3922309640397,5,10062.666974334055,1.0,2,1202077.0
2.2884387800253343,48.88305503517224,7504,92.54939044712783,2,10257.726066885674,1.0,0,946534.0
2.3570446376284906,48.89021881733546,7502,102.4940304714754,4,9569.91693818043,1.0,2,810967.0
2.4508954717323004,48.830263000144086,7500,111.322336336839,3,9981.88888607979,2.0,2,704086.0
2.2232494173632538,48.8673519786464,7503,60.34958272408531,6,9983.017238897526,1.0,3,570204.0
2.45790227679338,48.87554067837352,7502,82.37003637008576,4,9569.91693818043,2.0,1,697319.0
2.298761264165518,48.863863414939175,75016,99.94341440314062,1,9678.120674588112,0.0,3,955137.0
2.297747589488626,48.822908548709314,7502,58.73352118465262,1,9569.91693818043,0.0,3,507501.0
2.330111279757275,48.849888272534194,7507,76.74251953415288,2,10160.7203358053,1.0,1,649656.0
2.2869788895628047,48.89921925296783,7505,134.10487941476768,1,9974.4015549417,2.0,1,1422874.0
2.266541196898085,48.82940063758984,75015,67.79863945881178,6,9813.040070612808,3.0,0,901992.0
2.366903393390495,48.890157418228,75010,64.18006294357212,4,9903.611678623716,1.0,0,790244.0
2.420932456466978,48.82282624250325,75011,47.2592971208128,1,10149.03143443424,0.0,1,619525.0
2.440183578596506,48.817760201729016,7508,107.8269860897348,2,9848.31703220121,1.0,2,757895.0
2.2698361269077134,48.83489133319803,7501,96.05116832873436,6,10006.394372127985,2.0,0,1322158.0
2.2222537710625696,48.87032909721556,75013,140.11651582877386,3,10190.767780889602,1.0,1,1370816.0
2.381162135152712,48.84646020661048,7501,114.77793882124546,1,10006.394372127985,1.0,2,1634688.0
2.330963538853024,48.84458439930364,7508,111.34224714627578,6,9848.31703220121,1.0,3,884874.0
2.403089730262252,48.88479439106469,75019,44.81418408221696,3,9910.289427293848,0.0,3,297662.0
2.4732304812111345,48.86520285098831,7503,50.90639162697734,3,9983.017238897526,2.0,0,722203.0
2.3412174862590183,48.89506317711359,75010,85.03371303264043,5,9903.611678623716,2.0,1,1015544.0
2.295464275018145,48.85100443915713,7504,98.9554014353867,1,10257.726066885674,2.0,1,1158450.0
2.2204326866886053,48.89262746526519,75015,49.15059500651493,1,9813.040070612808,1.0,1,772189.0
2.342901297089853,48.89268622699409,75014,90.96529028856877,5,10062.666974334055,1.0,2,719329.0
2.3575963111509712,48.82366620694852,7503,88.6048955158082,4,9983.017238897526,3.0,3,1242465.0
2.23696729149905,48.83892066080213,7501,124.85791677879764,1,10006.394372127985,0.0,0,1321252.0
2.445035089025718,48.82050309054122,75015,48.40782517657621,6,9813.040070612808,2.0,1,399659.0
2.330556517608249,48.89645549182422,75016,82.7496845120858,4,9678.120674588112,3.0,2,950343.0
2.236065581398925,48.89543429760997,7500,125.63363513115506,3,9981.88888607979,2.0,3,1107470.0
2.2350383604200426,48.882236830250335,7509,92.77998795026598,4,9775.064380528089,1.0,0,1234678.0
2.4441155690340963,48.86537953344168,7506,116.71243447327828,1,9841.359840436731,2.0,3,931301.0
2.317585284103744,48.84424500900078,75014,141.19498561093468,5,10062.666974334055,2.0,3,1477894.0
2.381458106129564,48.88392360424047,75013,46.72742635095534,2,10190.767780889602,1.0,0,681920.0
2.444509192667893,48.86116639271019,75013,117.94922458696227,5,10190.767780889602,1.0,1,1038863.0
2.2689137330554185,48.81525718070724,75010,74.97039544349767,2,9903.611678623716,4.0,2,511746.0
2.362769662554405,48.83733629549733,75011,68.31554549958508,5,10149.03143443424,1.0,3,573386.0
2.334006121829083,48.844890841412365,7504,40.213930141402926,2,10257.726066885674,2.0,0,276901.0
2.384314048836175,48.84687733109213,7500,129.52488273069662,6,9981.88888607979,0.0,0,1335670.0
2.26904798828051,48.86563447163232,75014,80.15980216293846,1,10062.666974334055,3.0,0,591058.0
2.46846072303923,48.86655818890844,75012,104.78783982326,5,9935.066867676536,2.0,1,1167262.0
2.3349711462600973,48.88685794423126,7503,96.629847227973,2,9983.017238897526,2.0,3,1072439.0
2.300020555809187,48.85651677178436,7505,118.88615223157736,1,9974.4015549417,4.0,2,1485896.0
2.4693480306691176,48.83320384407666,7507,131.25212879056636,2,10160.7203358053,0.0,3,1447810.0
2.2273820993026283,48.83582004651174,7508,41.25258455197509,5,9848.31703220121,1.0,3,331721.0
2.456622428376894,48.887840410122216,7502,138.20773567223586,6,9569.91693818043,1.0,3,1467379.0
2.38685782419278,48.85844173430771,7509,149.93981372159328,3,9775.064380528089,1.0,2,1537220.0
2.4487369153420984,48.8290520675416,75014,88.61893869228956,1,10062.666974334055,2.0,0,798196.0
2.277892281860554,48.86035189297544,75013,84.20308874234141,3,10190.767780889602,2.0,0,946198.0
2.3932054830485305,48.87504410123318,7501,87.75238076106714,2,10006.394372127985,0.0,2,817918.0
2.335704315906573,48.891283611584285,7502,71.15882253724669,2,9569.91693818043,1.0,0,670724.0
2.42099532761805,48.85061168411341,7505,55.15073308904967,1,9974.4015549417,1.0,3,809270.0
2.3825044169610305,48.8241729186578,75016,75.13027126531497,2,9678.120674588112,2.0,0,422543.0
2.2636070002626885,48.83440188799574,75014,57.98235346023862,3,10062.666974334055,2.0,3,458107.0
2.385908063043375,48.85111623526608,7504,129.20175451304834,4,10257.726066885674,2.0,0,1156057.0
2.330172429311578,48.877017711183285,75015,147.80730563903816,2,9813.040070612808,3.0,2,1211617.0
2.2822191887782792,48.851428881260624,7500,96.5715006072098,4,9981.88888607979,2.0,1,1157624.0
2.4299312346358586,48.886761963628985,75013,120.61238453500374,1,10190.767780889602,0.0,1,1622620.0
2.306836681509121,48.84949281508048,75015,128.92189781297697,5,9813.040070612808,2.0,2,834945.0
2.462675179808117,48.83874837489613,7502,75.43223023225084,6,9569.91693818043,0.0,0,1015051.0
2.417752863611382,48.83709211763029,75019,38.000368795137774,5,9910.289427293848,0.0,2,287386.0
2.396135166570197,48.877404430296906,75012,96.38539115363707,2,9935.066867676536,1.0,2,1269780.0
2.366730653894228,48.83340352880386,75013,81.57922236784955,3,10190.767780889602,4.0,3,972456.0
2.2347012294815825,48.84931015995824,7508,148.33424613612056,6,9848.31703220121,1.0,2,1296968.0
2.4532985505384763,48.85317039176019,7500,54.27549927377455,2,9981.88888607979,2.0,0,610855.0
2.276648785695349,48.86236077406844,7504,57.27971773671261,1,10257.726066885674,4.0,0,774148.0
2.227627683208337,48.84132610586657,7504,89.26081227136109,4,10257.726066885674,1.0,2,738844.0
2.25503347374367,48.81137128862444,7509,102.70667093821478,5,9775.064380528089,5.0,2,1347873.0
2.2877617810658344,48.85961041594794,75012,49.22008115173959,2,9935.066867676536,2.0,1,509536.0
2.242309806016938,48.85910443028365,75011,86.74773888362787,5,10149.03143443424,4.0,3,1342895.0
2.32214645825643,48.82757635634337,7509,50.04887052986766,2,9775.064380528089,0.0,3,429329.0
2.32533817324284,48.84285142070696,75012,119.94491540873872,4,9935.066867676536,0.0,1,1329870.0
2.442466779135226,48.89795127238721,75014,72.99384082024082,3,10062.666974334055,1.0,3,501659.0
2.2458733757859712,48.834880037873006,7500,135.09658231270487,3,9981.88888607979,3.0,3,1244947.0
2.40802915671736,48.84056853372282,7502,131.64332580707372,5,9569.91693818043,0.0,2,1525085.0
2.4584174021658125,48.84502569654392,7509,37.8142816949926,5,9775.064380528089,1.0,0,296724.0
2.4087314048121007,48.81258376822801,75015,145.4005649195737,4,9813.040070612808,1.0,3,1483449.0
2.2882083429376485,48.859933030766506,7504,79.42013806139317,5,10257.726066885674,1.0,1,1081929.0
2.3898735362746337,48.82721118907784,75019,76.86891323429654,4,9910.289427293848,1.0,2,784124.0
2.235140750951693,48.88554134033452,75012,69.49938153196248,2,9935.066867676536,1.0,0,828845.0
2.4287805464531167,48.81631939245316,75014,105.1861569828796,6,10062.666974334055,1.0,1,786584.0
2.2840100710096727,48.870489766995206,7508,118.15699921155766,6,9848.31703220121,1.0,2,755595.0
2.331894874965389,48.864915843238265,7508,95.41670668023336,4,9848.31703220121,1.0,2,574637.0
2.4275349677259217,48.88255987917156,75015,97.88068389047004,4,9813.040070612808,2.0,0,1215351.0
2.4630841185953893,48.81563295278328,75014,73.39053002124545,2,10062.666974334055,2.0,0,1088297.0
2.397950510453534,48.86832951481136,7507,121.73021534213538,2,10160.7203358053,0.0,0,1088577.0
2.399620136575291,48.88262749434954,7509,71.28951581816443,4,9775.064380528089,2.0,3,654375.0
2.267401971071294,48.89582233351975,75016,95.76570997440297,2,9678.120674588112,2.0,0,683508.0
2.249255052452292,48.88516486793071,7501,95.79327781269428,6,10006.394372127985,1.0,1,1099215.0
2.3215892179316824,48.83453996124977,7503,90.83087989818634,6,9983.017238897526,0.0,3,1457748.0
2.27802238833791,48.85967033888704,75019,51.15464347642624,1,9910.289427293848,1.0,1,539735.0
2.4770314144063703,48.89897656963856,75018,120.18146561062088,3,9846.536214329111,0.0,3,1005361.0
2.414172438356914,48.89890453007256,75018,48.016442455415,6,9846.536214329111,1.0,2,634816.0
2.3174658086490623,48.81648777867793,75010,114.35189460667688,3,9903.611678623716,2.0,0,734960.0
2.3732044682300657,48.839381251002095,75014,57.62207280174876,1,10062.666974334055,1.0,3,444247.0
2.2765371896464965,48.89316310880464,7503,57.42253926705435,2,9983.017238897526,1.0,2,408001.0
2.442248103298326,48.831556307261806,75014,139.42312687353214,5,10062.666974334055,1.0,2,1368832.0
2.397833143930012,48.8595146358677,7500,101.57855058763758,2,9981.88888607979,3.0,3,972350.0
2.3437087654776185,48.87172166687756,75011,98.72111201768608,6,10149.03143443424,4.0,3,1187702.0
2.379293992240984,48.82923862694871,75018,142.59515014055762,4,9846.536214329111,1.0,3,1149078.0
2.4123901003483765,48.84724432417926,7508,62.33719178902732,5,9848.31703220121,1.0,1,817965.0
2.3658302584017656,48.83769750001057,75017,80.17744745262385,6,9899.474939437398,3.0,0,771868.0
2.449334585484172,48.85857874168209,7500,126.24789005489244,3,9981.88888607979,2.0,3,1649568.0
2.286643773196749,48.87568600160253,7503,71.92357048178891,4,9983.017238897526,0.0,0,452537.0
2.4488472911571937,48.87084620016663,75019,81.53670099556268,4,9910.289427293848,2.0,0,585090.0
2.3800143988887177,48.882326600344335,75014,38.5222328089103,1,10062.666974334055,0.0,0,313667.0
2.388929635484992,48.89331553565221,7506,139.5845324642289,6,9841.359840436731,3.0,0,1097222.0
2.4785532940934223,48.838378772926674,75018,95.70029374347774,4,9846.536214329111,1.0,1,712516.0
2.400760695923714,48.87509630285083,75013,110.12226705839228,5,10190.767780889602,2.0,1,1317837.0
2.283062481796001,48.823863009507015,7500,118.27813782191618,2,9981.88888607979,2.0,3,899652.0
2.349611504241498,48.8725461895861,75017,84.9054936298246,4,9899.474939437398,0.0,1,791490.0
2.4525279477053643,48.85319975060381,75013,64.7492069905712,4,10190.767780889602,1.0,1,942665.0
2.394910761199524,48.85984610381675,7504,100.29780353371537,6,10257.726066885674,2.0,1,1309010.0
2.341890652484934,48.85594202142182,75017,142.1172612621404,6,9899.474939437398,0.0,1,877004.0
2.3851836651138534,48.88987705244478,7505,54.21392075921208,6,9974.4015549417,2.0,3,469057.0
2.407238519066861,48.89858746669272,7504,130.3513202460851,1,10257.726066885674,1.0,3,1193989.0
2.427736157285141,48.82169690544897,75017,123.46868687131877,3,9899.474939437398,3.0,2,1041750.0
2.3233099215021102,48.8295445541524,75017,105.34423961113754,5,9899.474939437398,2.0,2,1081719.0
2.4496431339825926,48.85386052674338,75012,71.03471075953705,4,9935.066867676536,3.0,0,634163.0
2.310569991742452,48.83128941461573,75016,114.93770412671932,2,9678.120674588112,1.0,0,992134.0
2.330541285997522,48.81313988996139,7502,86.00003562250859,4,9569.91693818043,2.0,1,949967.0
2.263905217963117,48.82750599555681,75015,36.49231179955301,1,9813.040070612808,1.0,1,360122.0
2.3355304988843955,48.86686346929522,7505,95.52051940904232,4,9974.4015549417,1.0,1,1035654.0
2.40520003878686,48.83012978846183,7507,92.07388177526217,3,10160.7203358053,1.0,0,840549.0
2.312907131199695,48.85844806431452,7508,99.1164357774064,5,9848.31703220121,0.0,2,1078343.0
2.3376648922320538,48.887410260930125,7500,73.82611554474441,2,9981.88888607979,3.0,0,1094042.0
2.327813747349254,48.89202391984226,7501,133.54135776393375,2,10006.394372127985,1.0,3,1077411.0
2.26838800140233,48.831996136831286,75018,80.71028583802358,3,9846.536214329111,0.0,1,704391.0
2.4760953000660626,48.86695889002856,75018,91.27115874518093,1,9846.536214329111,3.0,3,876548.0
2.341769137435866,48.84454442373252,7503,139.14939309829091,1,9983.017238897526,2.0,3,1236916.0
2.44298787908489,48.8942558910487,75016,64.11028369932936,5,9678.120674588112,2.0,2,696965.0
2.240425279682164,48.8646045377106,75011,50.49137182690089,2,10149.03143443424,3.0,2,524954.0
2.3771946187045727,48.82590343191837,75016,111.14909262286795,5,9678.120674588112,0.0,2,843192.0
2.28418997411124,48.87819935497687,75018,120.45361454890326,5,9846.536214329111,0.0,3,776462.0
2.249365383801195,48.89248085956113,7508,99.57685084073448,4,9848.31703220121,3.0,2,1142866.0
2.2392113290597435,48.81028241877489,7507,110.90693439414464,6,10160.7203358053,2.0,0,1361546.0
2.4257819749209912,48.81617478764257,7509,66.48481165571624,3,9775.064380528089,3.0,0,846370.0
2.3622148481094616,48.8544874418245,75012,121.10581104713955,3,9935.066867676536,1.0,2,1251458.0
2.385378873883972,48.87394955879439,7509,82.64733935372702,6,9775.064380528089,1.0,1,1146429.0
2.389371651495816,48.8364186337391,75015,133.5198568775822,1,9813.040070612808,2.0,0,868321.0
2.304443700372673,48.87983264281716,75011,111.91391506304733,5,10149.03143443424,2.0,1,1256113.0
2.240667084630376,48.81952541230029,7501,143.53233202479367,4,10006.394372127985,1.0,2,1104600.0
2.362263087440684,48.84644991529648,75010,136.54780845911804,6,9903.611678623716,0.0,1,1292353.0
2.4135682409169936,48.81292393231639,75011,132.0827858455619,5,10149.03143443424,2.0,2,1245427.0
2.2562310462277644,48.863837887734284,75014,134.8940295524669,3,10062.666974334055,2.0,3,1370295.0
2.4637987507345827,48.873692598759135,7504,71.45023525239836,5,10257.726066885674,1.0,1,1143998.0
2.3545418388583026,48.828812366567234,75017,43.99895799454615,1,9899.474939437398,1.0,3,415631.0
2.3304769760774726,48.85965821132252,7502,82.53508966221337,5,9569.91693818043,2.0,2,1105539.0
2.3385029076134027,48.84412669187808,75016,37.156444462935546,3,9678.120674588112,1.0,2,437260.0
2.270289730242726,48.81296883661551,7501,48.84113162690705,2,10006.394372127985,0.0,1,625739.0
2.296235033015457,48.868128424875735,7504,49.48533703506965,1,10257.726066885674,1.0,0,757342.0
2.31118726938368,48.87380391723131,7506,60.37543975846634,4,9841.359840436731,0.0,1,549391.0
2.384501139375004,48.83068865085759,75010,147.51318811822938,6,9903.611678623716,3.0,2,1509054.0
2.4341510383423417,48.82017313977198,75010,51.7319027928938,6,9903.611678623716,3.0,1,574487.0
2.332914873048209,48.876555599128366,75010,145.33399252852715,3,9903.611678623716,1.0,2,957610.0
2.2998890805188994,48.86517272948954,7506,126.02097588365672,6,9841.359840436731,2.0,0,1573761.0
2.354822176702106,48.84990996353788,75017,97.63687643529056,6,9899.474939437398,3.0,1,1330660.0
2.4362006258409843,48.89786250018447,7509,42.08165481922033,6,9775.064380528089,2.0,3,295162.0
2.4472821631568387,48.88533230904234,75015,114.01127907306288,2,9813.040070612808,0.0,0,965442.0
2.347233527350212,48.83823090800707,7501,120.22811652152204,2,10006.394372127985,2.0,3,1633537.0
2.456796355656217,48.85446691298564,7505,97.36119486041424,6,9974.4015549417,5.0,1,991746.0
2.446827650099821,48.884675530626254,7509,109.85317386079107,4,9775.064380528089,2.0,0,962688.0
2.331549233643401,48.8369399161045,7509,68.41813476399382,2,9775.064380528089,2.0,1,942528.0
2.4279660581460525,48.87964689233696,7500,89.30205660458975,2,9981.88888607979,1.0,1,913379.0
2.232632378379067,48.88603720406628,75011,56.66459552456931,4,10149.03143443424,2.0,1,551407.0
2.221989370129508,48.83394150617382,7509,63.3302684788693,5,9775.064380528089,1.0,3,959892.0
2.220394196905236,48.899819187824704,7506,132.91362086340536,2,9841.359840436731,0.0,1,1191254.0
2.436272581319721,48.89366423617176,75017,69.39847803573986,4,9899.474939437398,2.0,3,618481.0
2.343629991558274,48.81484213952827,7502,109.60548019506965,5,9569.91693818043,1.0,2,1144935.0
2.351744773116232,48.88177272982067,75010,61.98670528958084,2,9903.611678623716,0.0,3,667124.0
2.409777233370668,48.850268598864176,7504,71.80959413430429,1,10257.726066885674,1.0,0,623347.0
2.338290568091596,48.89717789427041,75012,100.20831932252804,3,9935.066867676536,1.0,2,1222675.0
2.3848247341435176,48.82965349653932,75017,46.97951753344077,2,9899.474939437398,2.0,1,388124.0
2.429311041140249,48.82907774519843,75014,138.38006527564153,5,10062.666974334055,2.0,3,978277.0
2.402025783396601,48.838110805487,7504,44.331256983352574,6,10257.726066885674,2.0,2,669029.0
2.427350047221412,48.83192571797672,75011,139.33573219804032,2,10149.03143443424,2.0,3,1552433.0
2.39013108858605,48.8546464360232,7504,134.54633563721848,1,10257.726066885674,1.0,2,1014040.0
2.4317210031233287,48.86183532099909,75017,53.03979306383851,1,9899.474939437398,5.0,3,705806.0
2.407822651914124,48.82024287155235,7503,74.63241638189905,3,9983.017238897526,1.0,2,844434.0
2.2383768898553105,48.834554206356295,7500,84.67140767642879,1,9981.88888607979,1.0,2,621625.0
2.352631152949938,48.833147583188776,75016,89.89721512116614,3,9678.120674588112,1.0,2,610084.0
2.435508119384197,48.84845459903352,75010,60.95572154006088,4,9903.611678623716,1.0,1,397375.0
2.264382097762233,48.8861454974608,7505,97.91734781841777,4,9974.4015549417,3.0,3,1037338.0
2.4034340164695105,48.85513190296863,7504,88.82231237961781,1,10257.726066885674,2.0,2,897284.0
2.380558984182096,48.81956513356685,75015,86.46370379296008,6,9813.040070612808,1.0,0,1184057.0
2.271787180988083,48.89286869505976,75013,100.55644801767616,4,10190.767780889602,1.0,2,648664.0
2.3551342093421503,48.86152110310419,7501,39.869953332648,5,10006.394372127985,2.0,1,558211.0
2.4487371278370555,48.86319256298092,7502,106.18043278280616,6,9569.91693818043,1.0,1,632346.0
2.293628554986195,48.86790126645581,7502,57.160622411397455,5,9569.91693818043,0.0,3,330730.0
2.376364062331102,48.8773536111373,75014,139.33268432079257,6,10062.666974334055,2.0,3,911198.0
2.318431072714628,48.882154911636,7503,110.17989490464522,4,9983.017238897526,4.0,0,1305627.0
2.321312508190444,48.84802796352207,75014,108.687131442147,3,10062.666974334055,1.0,2,1012960.0
2.3898683610452425,48.89711495588124,75015,122.48999312574664,3,9813.040070612808,1.0,2,927179.0
2.267573212980739,48.88656210221353,7505,119.50696885484795,5,9974.4015549417,0.0,0,882320.0
2.305307904957977,48.84350087652735,7507,107.19216850190966,2,10160.7203358053,2.0,3,835615.0
2.2418630368839314,48.86822264346696,7509,72.51105477184146,6,9775.064380528089,1.0,0,1050510.0
2.337485883637777,48.83155088238984,7500,38.74438276572482,4,9981.88888607979,2.0,0,351046.0
2.2438168531777203,48.88305927553088,7503,128.01222926824568,3,9983.017238897526,2.0,3,834079.0
2.316201682411445,48.88535500389159,75015,119.2450989058431,1,9813.040070612808,0.0,2,1367588.0
2.4213403802319955,48.83220993907165,75015,78.52686135278978,1,9813.040070612808,2.0,2,610146.0
2.338607386931628,48.86223638103741,75017,114.19115253142348,1,9899.474939437398,2.0,2,801293.0
2.4309338144834243,48.8506475276531,75014,130.2330106187095,4,10062.666974334055,2.0,1,934866.0
2.477866749998653,48.84168914344155,7508,116.76238532364248,5,9848.31703220121,2.0,0,867603.0
2.358953713674024,48.83614027800223,75019,69.45928248987093,3,9910.289427293848,1.0,3,444206.0
2.4652241603473186,48.86164985746351,7507,52.871376578584055,1,10160.7203358053,2.0,2,380313.0
2.4062884593044087,48.84922499924849,75017,53.10443580011024,3,9899.474939437398,0.0,1,680451.0
2.4202902806395463,48.8293443558237,7501,145.26443750628528,5,10006.394372127985,3.0,3,1495036.0
2.284092321935751,48.82780224122326,7502,91.56582190501103,6,9569.91693818043,1.0,2,1241765.0
2.3056866605227904,48.82540774379222,75011,71.80713961278389,2,10149.03143443424,1.0,0,868432.0
2.417773776113908,48.87119977511272,7501,132.48030874662484,4,10006.394372127985,2.0,0,1449351.0
2.359861074962065,48.82880948565013,75010,73.09208376212607,1,9903.611678623716,1.0,2,1053243.0
2.306674072965373,48.88074501682633,75019,82.48373980494736,6,9910.289427293848,2.0,0,1061872.0
2.443970964875765,48.86930647411842,75011,54.264611804813256,5,10149.03143443424,1.0,3,536970.0
2.236334932816907,48.89357263712467,75014,65.79130304605154,4,10062.666974334055,1.0,2,565578.0
2.334417439246512,48.85042148846054,75011,65.79357886850877,5,10149.03143443424,2.0,0,933451.0
2.3279628420871856,48.87222897496891,7501,51.58442627659935,3,10006.394372127985,2.0,1,418542.0
2.291043450538444,48.84882160301555,7505,36.25918122785131,5,9974.4015549417,0.0,3,283591.0
2.3793189157671937,48.88579332116494,75014,74.03693951750176,6,10062.666974334055,4.0,2,565430.0
2.3129962128895145,48.82638218420666,7503,104.3411665799474,6,9983.017238897526,2.0,0,942246.0
2.475433687853734,48.86361063434366,7503,101.38238307477528,3,9983.017238897526,2.0,3,828427.0
2.471460498261929,48.88824203143964,7508,49.58040843654637,2,9848.31703220121,2.0,1,586612.0
2.330749972889324,48.86336952448156,7508,50.86997569080904,6,9848.31703220121,5.0,2,621115.0
2.401869689908225,48.84383279017887,75016,58.5827000377003,4,9678.120674588112,3.0,1,714347.0
2.474609317435082,48.89469094225544,75012,93.77731108140723,2,9935.066867676536,1.0,0,823688.0
2.3502704629158067,48.89253771843152,75010,78.17514956085606,1,9903.611678623716,2.0,2,654971.0
2.475083112517636,48.838059534035295,75014,137.9619163625631,6,10062.666974334055,2.0,2,1035834.0
2.3897984452164938,48.842418742752415,75019,47.94026871313312,4,9910.289427293848,2.0,2,464786.0
2.401136760269943,48.86859381122656,7504,105.46906526451008,4,10257.726066885674,2.0,2,659444.0
2.293620184320201,48.82195100705559,7506,46.96713994432268,1,9841.359840436731,1.0,2,532303.0
2.361320268954543,48.89762750715536,75016,45.03435435259027,5,9678.120674588112,3.0,3,508082.0
2.4047026869534283,48.8162531654306,7508,105.19047036337577,3,9848.31703220121,2.0,2,857411.0
2.2313647412835724,48.81076997039686,75014,118.47693090752664,6,10062.666974334055,2.0,2,1254322.0
2.429692125128665,48.892594017661295,7502,115.30968331950122,2,9569.91693818043,0.0,3,1194263.0
2.3751870492049574,48.8668712919428,7509,119.89504312182665,5,9775.064380528089,1.0,3,1049729.0
2.378899081880864,48.81138849554899,75019,87.22558543892424,2,9910.289427293848,1.0,3,563218.0
2.46750501830643,48.87137782647403,75012,67.0415175788585,3,9935.066867676536,1.0,3,529542.0
2.330751078012361,48.84304844709008,75014,117.91341256184516,5,10062.666974334055,1.0,0,1612630.0
2.3631672402380914,48.88137357667411,75012,100.75367974836487,2,9935.066867676536,0.0,1,1255435.0
2.389445425581381,48.82218272749122,75014,113.22465383305436,3,10062.666974334055,1.0,3,1482835.0
2.448176107525304,48.8619256260604,7504,137.80341035176463,3,10257.726066885674,2.0,1,1109527.0
2.2201135552034463,48.83373043597065,7500,51.96649802529305,6,9981.88888607979,0.0,0,452376.0
2.4338301126588453,48.86990984716532,75017,96.50952107220692,2,9899.474939437398,0.0,3,989092.0
2.308811953446553,48.88927418676581,75012,54.58261396968317,1,9935.066867676536,1.0,1,650707.0
2.3402223083355,48.82635992497188,7507,107.97717096202702,1,10160.7203358053,1.0,2,1172490.0
2.394753420054675,48.81848223590627,75014,97.28297184026977,1,10062.666974334055,1.0,1,1161300.0
2.333141281555516,48.83684110407053,75019,64.1586048755502,3,9910.289427293848,1.0,1,586421.0
2.27555495092801,48.86223572496369,75014,86.1402811311971,2,10062.666974334055,2.0,2,824161.0
2.254657566796947,48.87604116158436,7500,133.87914874190585,2,9981.88888607979,1.0,3,969083.0
2.3836879089064804,48.83262103562181,7502,112.69089000365378,1,9569.91693818043,1.0,3,716178.0
2.2359565217017856,48.85367261953458,7507,105.90859868888852,3,10160.7203358053,1.0,2,902689.0
2.431824584254316,48.82673335997149,7500,49.64225510962758,4,9981.88888607979,1.0,0,424989.0
2.231157367900337,48.83809740909202,7507,43.28676608183756,3,10160.7203358053,1.0,2,486103.0
2.2692593684634206,48.86632300419264,75014,50.82206312204735,3,10062.666974334055,1.0,0,589958.0
2.3943491710924105,48.87413298042897,75019,121.23155507527134,2,9910.289427293848,2.0,0,966630.0
2.27102084686484,48.87316385850307,7501,104.87421174822478,3,10006.394372127985,2.0,2,835509.0
2.457730273837101,48.882049582434185,7503,85.37956330676661,1,9983.017238897526,1.0,0,549003.0
2.412696001466713,48.82570473448599,7502,43.39566072607944,1,9569.91693818043,1.0,1,305408.0
2.2345461512533427,48.829935723545,75017,50.736095445416325,1,9899.474939437398,1.0,1,565931.0
2.3460021909753355,48.87429042181545,7502,60.93299621404404,5,9569.91693818043,0.0,2,727365.0
2.4302281439155946,48.83463533544884,7505,54.61314414708825,4,9974.4015549417,2.0,1,776086.0
2.356331798902473,48.88030213209015,75018,35.53381517358514,1,9846.536214329111,3.0,2,455882.0
2.322297506977141,48.85922743523102,7503,53.902593263306805,1,9983.017238897526,1.0,1,676011.0
2.457107059829437,48.8341716874359,75018,130.86327551988128,3,9846.536214329111,0.0,0,1139507.0
2.343706971548491,48.88031585173526,7506,129.30123128737011,1,9841.359840436731,2.0,2,1528493.0
2.362075092207441,48.87567489594575,75019,148.24019497534283,6,9910.289427293848,3.0,0,1571857.0
2.393831264710859,48.89050220913119,7502,78.09577446831564,3,9569.91693818043,2.0,1,731540.0
2.4021573893909243,48.866990155880735,75015,113.82160669348976,2,9813.040070612808,1.0,0,969963.0
2.354200704621568,48.85462308667032,7507,55.739712858932826,3,10160.7203358053,3.0,1,802916.0
2.418941574271506,48.8831453541714,7501,143.02282568594026,1,10006.394372127985,0.0,1,1575708.0
2.324612985926976,48.816923453942415,75016,75.15606562116147,2,9678.120674588112,2.0,0,1015394.0
2.3246234935134087,48.84125962255885,75018,115.5251889335622,3,9846.536214329111,0.0,0,823710.0
2.452382644472407,48.81757678679565,75015,128.00027940009034,3,9813.040070612808,3.0,0,1619645.0
2.2951193063751694,48.84003730825364,7507,120.99755916939512,2,10160.7203358053,1.0,2,1603733.0
2.31854178187876,48.87981710478478,75016,124.32454776637124,5,9678.120674588112,2.0,2,794823.0
2.25329930491842,48.85380999329644,7503,101.26918613683944,2,9983.017238897526,1.0,0,1590504.0
2.233676529814064,48.87176383920814,75018,144.6314548638265,5,9846.536214329111,2.0,3,1225097.0
2.2996694487377605,48.87527826114156,7501,115.60374569607735,3,10006.394372127985,1.0,3,1204762.0
2.2859213835348244,48.88567141502138,7504,103.35670455174568,4,10257.726066885674,2.0,0,1073658.0
2.4124201194459687,48.820400532685184,7507,132.15009423364268,1,10160.7203358053,1.0,2,1133468.0
2.385710736079905,48.84771423768822,7501,65.72694022463808,3,10006.394372127985,1.0,1,421306.0
2.333374721818817,48.82569559448192,7501,118.12035217990822,1,10006.394372127985,1.0,1,1465986.0
2.3063113154542965,48.87762242509312,7504,101.0784748836973,4,10257.726066885674,2.0,1,1524210.0
2.475568360508684,48.82622952914272,7500,113.9085354846858,6,9981.88888607979,0.0,3,1229513.0
2.4745650108529462,48.89521010017698,75013,146.21052882862324,2,10190.767780889602,3.0,1,962808.0
2.443835954614976,48.8670228965247,7504,75.34886839552215,1,10257.726066885674,0.0,0,659628.0
2.3047223304699083,48.88877907868808,7502,135.08332903829805,1,9569.91693818043,1.0,3,766595.0
2.4583120856558858,48.8671848076541,75011,129.69877042985513,6,10149.03143443424,2.0,1,883917.0
2.385764097594356,48.81060396863712,7502,78.51447044248323,6,9569.91693818043,0.0,1,670202.0
2.332330569532666,48.89784198198632,75016,73.4584831355676,5,9678.120674588112,3.0,1,522879.0
2.4536507578207893,48.88221029089225,7505,148.08296341719046,1,9974.4015549417,2.0,2,865057.0
2.4741705758137207,48.84216358177817,75017,108.4620868074945,4,9899.474939437398,2.0,0,810759.0
2.4435196842866835,48.8678974208765,75011,83.07633959498321,4,10149.03143443424,2.0,2,913641.0
2.3711364757636653,48.89261977833608,7509,52.97611945525343,1,9775.064380528089,1.0,2,706477.0
2.3216444994695955,48.85956609465296,75014,58.12142554319336,4,10062.666974334055,0.0,1,598163.0
2.3877713445376134,48.844250950718575,75013,132.35535157025546,6,10190.767780889602,1.0,1,1384823.0
2.259277588473307,48.83021722503873,7509,41.15870225866004,4,9775.064380528089,1.0,3,321587.0
2.223325205176748,48.87409920895028,75017,99.790849521554,3,9899.474939437398,1.0,3,1305165.0
2.2598023447226607,48.83655511314294,7501,73.64598897823706,4,10006.394372127985,1.0,3,949292.0
2.479247302306998,48.84069942950504,7500,115.40938971054058,1,9981.88888607979,2.0,0,1502301.0
2.415975641366184,48.85532705689887,75013,134.10722502779032,6,10190.767780889602,3.0,2,1281296.0
2.386137166365572,48.84032840391129,75018,71.69308073903565,4,9846.536214329111,0.0,3,935771.0
2.257592203238036,48.84758095986682,7503,71.41358093904725,5,9983.017238897526,1.0,2,747223.0
2.361053550255744,48.822909636366646,75011,47.03361433885995,4,10149.03143443424,1.0,1,588863.0
2.428428507775615,48.81963210979328,7504,51.519233867019,5,10257.726066885674,3.0,0,612459.0
2.456182909109266,48.89246565947284,7503,92.09430134061816,2,9983.017238897526,1.0,3,947715.0
2.375757743887044,48.84462117069007,75012,102.25001782857056,6,9935.066867676536,1.0,1,788350.0
2.3308319734655534,48.874382567838445,7501,106.81223761392008,5,10006.394372127985,2.0,2,1113425.0
2.241127056725927,48.83580330173455,75019,39.29463770082896,6,9910.289427293848,2.0,0,303825.0
2.2291784991290715,48.82602240365442,7502,92.60110969971856,1,9569.91693818043,0.0,0,567932.0
2.26611387010622,48.896788103046205,7503,61.159819706704205,6,9983.017238897526,1.0,0,535006.0
2.264395586625904,48.867748577680295,7507,89.11994856846235,4,10160.7203358053,0.0,2,717696.0
2.2574665844412976,48.86764135915653,7507,118.23624894224108,4,10160.7203358053,1.0,0,1370079.0
2.4612215708048213,48.84461522812648,75012,35.10029222436474,3,9935.066867676536,2.0,0,511995.0
2.3602147724033427,48.8405167714918,75013,123.71011037095838,5,10190.767780889602,1.0,0,1548011.0
2.399793287645618,48.8185041137756,75016,119.68009380511408,3,9678.120674588112,2.0,3,1108936.0
2.4430524324711027,48.8845640050445,75011,136.36427928427597,5,10149.03143443424,0.0,3,1490073.0
2.262173210582527,48.83427086860206,75012,36.15681540184457,6,9935.066867676536,0.0,3,419661.0
2.3961726734149766,48.83463336059728,7502,78.74157047716736,6,9569.91693818043,2.0,0,919586.0
2.351883725071806,48.86528230666384,75013,81.91879493113336,2,10190.767780889602,2.0,0,844904.0
2.428421416315718,48.87412646679731,7505,42.02902382313287,6,9974.4015549417,0.0,1,350360.0
2.3899550282534205,48.88380360439608,75012,90.83475414848785,5,9935.066867676536,0.0,2,566229.0
2.425962246269344,48.83381587844545,75017,75.39434399512861,2,9899.474939437398,3.0,3,853067.0
2.4318887228803794,48.89067690513436,7507,133.42737217606845,6,10160.7203358053,0.0,3,1416579.0
2.3532735588885547,48.87784650216032,75010,110.87760574638486,2,9903.611678623716,3.0,1,1622586.0
2.2580178425814497,48.821417846947554,75016,53.9707209432505,5,9678.120674588112,1.0,3,575954.0
2.378246345046054,48.83797113024284,7501,78.72559855682957,2,10006.394372127985,3.0,2,661083.0
2.2521151323788096,48.8558657062954,75014,85.80018190099977,3,10062.666974334055,0.0,2,1317463.0
2.4407598275257203,48.88398860700697,75010,118.5578731660816,1,9903.611678623716,2.0,3,1037421.0
2.229780321462657,48.8834069143968,75013,101.38755017893274,1,10190.767780889602,1.0,3,1209718.0
2.274085403552057,48.85692257846679,75011,35.63592153326291,2,10149.03143443424,1.0,0,220277.0
2.2524353438874303,48.86225688606772,75018,49.364663688085045,1,9846.536214329111,1.0,2,446482.0
2.3890596360948706,48.88582305520974,75016,110.09308158094537,5,9678.120674588112,2.0,2,794242.0
2.3830488116784183,48.831208051247984,7509,65.26686042628376,4,9775.064380528089,0.0,3,841487.0
2.385452758971597,48.89838617492982,75014,65.06744546076648,6,10062.666974334055,1.0,1,988413.0
2.3820976779481504,48.8918852704271,75011,119.86282776530742,6,10149.03143443424,2.0,3,1002982.0
2.3095178981137003,48.86696483053635,75013,55.19654742502738,4,10190.767780889602,1.0,2,832009.0
2.3122268752488893,48.87737159134714,7506,123.99004896591,4,9841.359840436731,2.0,0,1126204.0
2.232024121982901,48.84590290481186,75014,85.7298738717057,2,10062.666974334055,1.0,0,523084.0
2.4069497894636145,48.88104314063134,75018,95.04786814279112,3,9846.536214329111,2.0,1,639185.0
2.312670497733011,48.86469006100728,75012,134.51144532600875,3,9935.066867676536,2.0,0,1155689.0
2.4480893598122244,48.81389783665645,7500,80.82554265615121,5,9981.88888607979,0.0,3,967342.0
2.234255480308813,48.86913317077403,75013,60.68310486689353,3,10190.767780889602,0.0,2,757540.0
2.2273730035652965,48.87561836073983,7500,126.49578003477424,4,9981.88888607979,3.0,0,1570656.0
2.311564102407089,48.81814094734869,7500,102.63888977051091,4,9981.88888607979,2.0,1,1102429.0
2.31896218758863,48.86021889372071,75018,64.73814596438498,4,9846.536214329111,2.0,3,646369.0
2.271113771278201,48.821412079301794,7501,107.98534435684329,4,10006.394372127985,4.0,3,1230126.0
2.250043382175435,48.81937298958748,7506,111.21944126613616,5,9841.359840436731,1.0,1,1121985.0
2.2940206953510365,48.83357467915839,75014,134.9692512054569,6,10062.666974334055,2.0,1,1246059.0
2.236796640521697,48.86404124077182,7500,100.88366803338812,6,9981.88888607979,1.0,2,1009584.0
2.403717381252563,48.87890440497388,7506,41.35895877960053,4,9841.359840436731,2.0,2,362955.0
2.356787642351968,48.82052279081657,7509,38.63282938554498,5,9775.064380528089,1.0,3,485583.0
2.232477396376019,48.81721152814077,75014,70.05686188747532,6,10062.666974334055,1.0,0,1038778.0
2.315998923268673,48.84649793755664,75019,125.70034089500218,5,9910.289427293848,0.0,1,1186268.0
2.415004927425407,48.82630742442203,7506,132.5614592859223,2,9841.359840436731,2.0,3,1110345.0
2.287028624840866,48.82274981527035,75016,45.20409410752917,5,9678.120674588112,3.0,0,492679.0
2.372647939826885,48.81645519731939,75013,66.34158431556367,3,10190.767780889602,1.0,3,804064.0
2.237317139029708,48.86868112254136,75010,56.902808006791055,4,9903.611678623716,1.0,1,508364.0
2.356464709229469,48.84450910411456,7504,116.29956491222802,4,10257.726066885674,0.0,2,1204294.0
2.2881493701298363,48.89708483058728,7501,56.80762149642682,3,10006.394372127985,1.0,3,370515.0
2.4178418322788024,48.83613595511095,7505,73.78954986635303,4,9974.4015549417,4.0,2,515645.0
2.226182382206358,48.88563923787066,75012,71.82587831710511,4,9935.066867676536,1.0,0,1083582.0
2.4757983446529663,48.860258076066906,7505,132.8112491640861,3,9974.4015549417,2.0,3,1225826.0
2.4277687809714887,48.82730618678535,7509,37.18313718231376,3,9775.064380528089,2.0,3,490673.0
2.242152846296734,48.81307898826896,7503,38.422693945094565,5,9983.017238897526,2.0,2,242101.0
2.424475271877378,48.83479910778308,75019,84.06858510026935,6,9910.289427293848,2.0,2,921513.0
2.347067742504217,48.88834222405784,75011,100.00845610707542,4,10149.03143443424,1.0,1,685882.0
2.390729074762453,48.88902760715321,7509,45.07606888529054,3,9775.064380528089,1.0,1,666572.0
2.4394106247278167,48.89638791562576,75018,79.36099719888561,4,9846.536214329111,3.0,2,1079324.0
2.356058851675389,48.88178402164592,7502,54.23967435209612,1,9569.91693818043,2.0,0,706345.0
2.3899143329747723,48.87740017574799,7507,124.30623831944418,4,10160.7203358053,2.0,0,923545.0
2.2749345688718385,48.8738265411022,75011,78.07767247124525,5,10149.03143443424,1.0,3,548212.0
2.468260047040072,48.86282710083837,7503,110.12076228411446,3,9983.017238897526,2.0,2,788425.0
2.419105061134839,48.891038301416295,7501,78.43064780534317,3,10006.394372127985,2.0,0,467892.0
2.3072699503695127,48.88139392877376,75015,95.1749309637175,4,9813.040070612808,2.0,1,812965.0
2.3521572899871663,48.81693697993133,75011,38.69919579036352,1,10149.03143443424,1.0,3,586173.0
2.4221153685490924,48.855321939810224,75015,69.6198832171434,5,9813.040070612808,2.0,1,873088.0
2.3274739507600195,48.89321975489244,7502,125.33527986850832,4,9569.91693818043,1.0,0,1453385.0
2.454197638196665,48.85005374988446,7505,149.8957120174961,4,9974.4015549417,0.0,2,997699.0
2.2456154830861874,48.8970323304832,75013,49.60853812021546,2,10190.767780889602,1.0,3,497888.0
2.367742579653618,48.8720685832,7509,123.50435561367269,6,9775.064380528089,1.0,3,1323479.0
2.2999129312789703,48.8923689311244,7508,46.594991546826535,2,9848.31703220121,2.0,1,392668.0
2.2636658654086155,48.848406078934005,7505,137.87731572365448,4,9974.4015549417,1.0,0,902693.0
2.4610289106474443,48.86898262135993,7504,125.07182380108613,4,10257.726066885674,0.0,2,1647646.0
2.3871274803612708,48.859257467236255,7502,47.58485025315253,5,9569.91693818043,1.0,1,350841.0
2.3170710957328224,48.88270128739913,7505,129.39339831347087,6,9974.4015549417,1.0,3,995345.0
2.352757831727612,48.884368573628535,7506,88.32314618137883,4,9841.359840436731,2.0,1,626937.0
2.4377718757511726,48.83778652263681,7503,48.60504414209807,2,9983.017238897526,1.0,3,750289.0
2.224171910160132,48.88717806989855,75012,92.48422344169946,4,9935.066867676536,0.0,1,1237315.0
2.4483959297441067,48.84232676864662,75018,72.10330490178612,5,9846.536214329111,4.0,0,737837.0
2.2325327402905866,48.89141934559744,75011,93.6123073385842,6,10149.03143443424,1.0,1,1441115.0
2.4593619777829185,48.81609315169839,75017,99.49257517527064,5,9899.474939437398,2.0,3,790035.0
2.314455883317298,48.85492701306294,75012,66.20010084013806,1,9935.066867676536,3.0,0,906211.0
2.4525438916547206,48.85057299227395,7503,45.58235579101428,3,9983.017238897526,1.0,0,343606.0
2.473632936896018,48.87864102613469,7506,129.11692648416704,6,9841.359840436731,3.0,2,976959.0
2.403113291175394,48.84575193752832,75013,119.5180929182269,3,10190.767780889602,0.0,2,1196976.0
2.2446524619548383,48.85428811956227,75013,65.46131332607484,1,10190.767780889602,1.0,1,503917.0
2.419568763123113,48.87080044169834,7507,37.56162204114638,2,10160.7203358053,2.0,2,479662.0
2.3138660944290703,48.87667060765249,7503,58.74754450052269,2,9983.017238897526,0.0,0,482918.0
2.317991827515648,48.87881201345502,75019,78.99136200389208,1,9910.289427293848,1.0,0,491715.0
2.2340629195789057,48.853371095904514,7506,93.68410124512198,2,9841.359840436731,2.0,3,1277130.0
2.291704136138477,48.86661060800895,7504,56.1114189257508,2,10257.726066885674,3.0,3,633194.0
2.420456091655627,48.821493554244704,7508,83.00032598675975,1,9848.31703220121,1.0,2,830225.0
2.3140366798917484,48.8474006107836,7504,128.5147675033166,1,10257.726066885674,2.0,3,1338557.0
2.442788381974529,48.89842702736178,75012,80.95730874948165,5,9935.066867676536,1.0,1,732385.0
2.2908824433591715,48.89113927054027,7504,101.9705292940519,1,10257.726066885674,0.0,2,1003954.0
2.3960133185114527,48.81431348449659,75010,104.67842945452338,2,9903.611678623716,2.0,3,991381.0
2.3408621231736024,48.84523626494117,7504,73.90737769483871,3,10257.726066885674,3.0,2,683331.0
2.383849255852447,48.89480773621101,75014,83.69758234431464,6,10062.666974334055,2.0,2,922011.0
2.3260930698715283,48.85033838763389,7500,65.77193983927457,4,9981.88888607979,1.0,0,1031878.0
2.234413108144578,48.835052373414,75016,38.60778470489994,6,9678.120674588112,2.0,3,548359.0
2.408665644390024,48.81885704036264,75016,49.344059050778775,5,9678.120674588112,1.0,3,309765.0
2.285342182257032,48.86127668596728,75014,132.67088699724627,3,10062.666974334055,2.0,1,1720163.0
2.2825848042801726,48.89629661534562,75017,113.82652468455936,3,9899.474939437398,1.0,3,786743.0
2.254283243003733,48.82875217687887,7500,114.69164888737876,3,9981.88888607979,1.0,1,1077135.0
2.2671111297267923,48.82369381346285,7509,41.41573760091774,2,9775.064380528089,2.0,1,401241.0
2.325352054925152,48.8363159583585,7505,98.58453873481294,2,9974.4015549417,2.0,0,1403792.0
2.355120070868386,48.852344868515495,7505,71.61018293582944,1,9974.4015549417,2.0,1,1084949.0
2.432416661288068,48.82871599725237,75018,99.93781018666438,4,9846.536214329111,3.0,2,1277661.0
2.437119177861349,48.86897246514801,75017,37.50647970966937,1,9899.474939437398,0.0,1,601705.0
2.2955062756869777,48.89876545303843,75017,86.97972826631387,4,9899.474939437398,2.0,1,925958.0
2.4228798879735947,48.86705810882302,7507,147.4405994835292,6,10160.7203358053,2.0,1,1175216.0
2.226569860691419,48.85202873274647,75010,113.07159442950852,1,9903.611678623716,2.0,0,937813.0
2.375875415540393,48.81715731158403,75015,90.959371501625,2,9813.040070612808,0.0,0,1160759.0
2.2300586201962203,48.84503764476868,75016,101.95301176308072,3,9678.120674588112,2.0,3,1074659.0
2.298601373089196,48.856387427941335,7502,94.28734302402556,2,9569.91693818043,3.0,1,1101310.0
2.2680229599335453,48.83829495837595,7508,147.95551012376282,3,9848.31703220121,2.0,1,1556324.0
2.290260957618156,48.8782544898457,75019,89.58785962095376,4,9910.289427293848,0.0,0,717599.0
2.450472456295694,48.89056535207696,7505,84.03718285066701,5,9974.4015549417,2.0,0,1276302.0
2.2323619616640378,48.84633908866434,75019,55.92513921539093,5,9910.289427293848,3.0,0,325976.0
2.311371593636532,48.86759688276487,7505,110.75687680696436,1,9974.4015549417,2.0,1,673375.0
