longitude,latitude,code_postal,surface_reelle_bati,nombre_pieces_principales,prix_m2_ref,number_of_lots,season,valeur_fonciere_actualisee
2.092986791236237,48.91861993707631,7700,166.60626303467052,3,2500.6482553342094,2.0,3,564246.0
2.322305050130681,48.89426366435461,7709,157.68621521380183,4,2516.219162131406,1.0,0,376390.0
2.971972080028104,48.12315036097071,77016,163.02878249944422,6,2489.955719107417,0.0,2,521804.0
2.554968570114763,48.61449773574254,7700,135.89280014536354,3,2500.6482553342094,1.0,2,244036.0
2.496189487141484,48.75494020015833,77012,159.41911745834489,2,2528.438700180489,1.0,3,545487.0
2.84140695730308,48.87665360265834,77011,215.11328969048185,1,2522.5267076694745,0.0,1,497601.0
2.9881801408800968,48.19958828051732,77016,101.85492973300448,2,2489.955719107417,2.0,2,358464.0
2.766150681404293,48.94489373793265,77015,216.95059259280893,5,2509.041371711664,2.0,1,573932.0
2.386925646716903,48.42323840088936,7702,81.19179220985961,5,2521.514844161584,1.0,2,221293.0
2.471860494037005,48.42657442154587,7707,151.17992849111783,5,2468.2970993678014,2.0,0,547853.0
2.091171886171648,48.309477013275085,7702,177.71361462309602,5,2521.514844161584,3.0,3,616074.0
2.7115110465040653,48.18369714464892,77016,135.3124837856999,3,2489.955719107417,2.0,0,370909.0
2.0590729342385248,48.63530256797394,7705,78.8102830117446,1,2469.326368602736,1.0,1,178666.0
3.2736408026478907,48.58089754410833,77018,140.0487703077968,3,2529.770777288311,2.0,1,343917.0
2.8437130031747784,48.14900230483109,7708,171.90533260468882,3,2479.8146622631675,2.0,2,540314.0
2.380141942987095,48.10400848905892,77014,237.88444122740205,6,2531.1992319512387,2.0,0,541269.0
2.8763993209679506,48.096285621106695,7703,82.79263650272233,6,2494.7034077219337,1.0,3,265335.0
3.474561455625543,48.49338186396455,77010,168.08413275308897,4,2535.7676266455924,2.0,0,624918.0
3.451360316980204,48.44430192104757,77012,196.1972382631621,6,2528.438700180489,1.0,1,658378.0
2.9121216493079167,48.22501964808779,7702,237.44434750024587,6,2521.514844161584,2.0,3,522172.0
2.093117726048054,48.30397027597101,77015,224.297858208418,5,2509.041371711664,3.0,3,548424.0
2.357663842580143,48.31599307469688,7702,108.64236458976116,6,2521.514844161584,0.0,0,190829.0
2.9119847867504536,48.84516952315344,7702,226.4943885318875,6,2521.514844161584,1.0,2,765926.0
2.4274401161095995,48.7898270159334,77010,226.01678887604425,5,2535.7676266455924,3.0,1,643783.0
2.296333858517717,48.805174397360375,7703,153.05931491776573,4,2494.7034077219337,2.0,3,289073.0
3.371856246432878,48.61447551223738,7708,96.27296079581772,3,2479.8146622631675,0.0,0,183105.0
2.193237191559375,48.7239296460154,77014,169.172156456494,5,2531.1992319512387,3.0,1,542765.0
2.62569453375932,48.916600075782334,77017,238.62580581042505,1,2535.249063009944,0.0,0,739211.0
2.416767744809848,48.771512061998486,77010,150.91330332036594,3,2535.7676266455924,1.0,2,275760.0
2.743146985289894,48.21824666440979,7704,177.85848426822946,1,2507.681546343389,0.0,0,369384.0
3.2310660994929044,48.331246038998906,7705,167.83632752019994,2,2469.326368602736,1.0,3,558790.0
3.074800820187728,48.060570613618495,7704,233.0331818186925,6,2507.681546343389,4.0,2,537533.0
2.067768238097888,48.28272075001844,77012,63.05193557208179,1,2528.438700180489,3.0,3,222789.0
2.711147996553321,48.5470526809056,77019,235.05522164551869,3,2509.836958318999,1.0,1,890801.0
2.6781978832637234,48.09717186449421,7703,168.20939797521453,4,2494.7034077219337,3.0,1,388109.0
2.6429270223519525,48.8718255850084,7704,120.47844309502584,2,2507.681546343389,0.0,0,274525.0
2.680046380507457,48.59049199401983,7704,211.09976093056773,6,2507.681546343389,1.0,1,832297.0
3.151210198452235,48.93320344032881,77016,61.76452279406397,5,2489.955719107417,1.0,1,209775.0
2.948356795564876,48.53355341095402,7705,112.80849741767938,5,2469.326368602736,2.0,2,332849.0
3.423201244516453,48.57457824653057,7704,140.67625354947353,4,2507.681546343389,3.0,1,468190.0
3.3231155719443697,48.494556835410265,7703,144.10887447409942,4,2494.7034077219337,1.0,3,298359.0
2.928890320681582,48.84705819087169,77016,73.0683249625552,5,2489.955719107417,3.0,0,253182.0
3.013486449096559,48.06000997172648,7707,169.89165415633704,6,2468.2970993678014,1.0,3,446631.0
2.6298833972974345,48.44198144817954,77014,172.22264249203647,5,2531.1992319512387,1.0,1,470161.0
3.1122837970799986,48.337307629900295,7705,135.3609578835679,2,2469.326368602736,0.0,3,381937.0
3.462191029610912,48.3761297006,7701,140.08941998799816,5,2534.5676313664776,3.0,0,366621.0
2.809536780376695,48.52941450657679,7704,151.12294461854398,6,2507.681546343389,1.0,2,239140.0
2.802768739599508,48.241201525303126,77011,98.33010618468003,6,2522.5267076694745,3.0,2,182654.0
2.105783080682911,48.064952434082194,7703,170.999736827854,4,2494.7034077219337,2.0,2,318410.0
3.3866736434662625,48.794251200941616,7703,168.162953618455,5,2494.7034077219337,2.0,3,522966.0
2.7536532052760068,48.42337607541404,7704,210.8858820239037,4,2507.681546343389,0.0,1,632625.0
2.4676447864641493,48.41441277298411,77014,194.34322686803765,3,2531.1992319512387,1.0,1,556482.0
2.095505732112333,48.64817959764245,7706,90.3083680781636,1,2515.5912267881854,1.0,1,196056.0
2.055383984091517,48.87700626500567,77010,166.9563514540253,6,2535.7676266455924,3.0,3,389657.0
2.1537550875407354,48.23294892906927,7703,177.9515241456548,1,2494.7034077219337,3.0,3,673429.0
2.739437150734464,48.65203244367404,77017,214.5276558772804,3,2535.249063009944,1.0,0,812342.0
2.059221942160077,48.27504026431252,77012,177.6279440167844,3,2528.438700180489,1.0,0,546129.0
2.57570113841733,48.76937806293582,77014,181.45308398943365,1,2531.1992319512387,4.0,2,540213.0
2.492533051659434,48.477083366716606,77015,225.27260677903635,1,2509.041371711664,2.0,2,886530.0
2.4380312412323883,48.310672643374446,7706,90.76121866339288,6,2515.5912267881854,1.0,2,224817.0
3.302477138988441,48.64476989768138,77014,178.30755155311329,2,2531.1992319512387,1.0,3,528736.0
2.136890946001522,48.506590727975535,77014,97.83312872320217,2,2531.1992319512387,1.0,2,196711.0
2.1227964945279445,48.02066026744652,7705,151.3355656216454,2,2469.326368602736,1.0,3,508477.0
2.4033060982011096,48.63293007888794,7709,218.50286460154248,1,2516.219162131406,2.0,1,390288.0
2.6623741344221785,48.15784785811034,7704,157.6021386881254,4,2507.681546343389,2.0,1,352272.0
2.1438458508193707,48.93866679066053,7704,210.9489351401312,1,2507.681546343389,2.0,1,437172.0
2.835757254171397,48.42408472597923,77010,148.382131714756,3,2535.7676266455924,1.0,2,384578.0
2.074929456896807,48.96307187034043,7705,152.89287065853347,4,2469.326368602736,0.0,3,298933.0
2.938493750577164,48.216676036334114,77013,97.45583526474589,3,2550.4876935530483,2.0,2,277301.0
2.3101142582239085,48.26141915340568,77010,178.187437119665,4,2535.7676266455924,2.0,1,481146.0
2.3773183296994174,48.34342061613067,77015,142.4735055450363,3,2509.041371711664,3.0,0,449694.0
2.315656803082914,48.09199767607643,7708,68.20376558432234,5,2479.8146622631675,1.0,3,192239.0
2.566731339187168,48.41018720917393,7705,228.4510661285323,3,2469.326368602736,2.0,1,753737.0
2.595834375301348,48.33322961400404,77012,93.16312512517662,3,2528.438700180489,3.0,1,247025.0
3.377855260960005,48.04743622517585,7702,136.7065393408336,1,2521.514844161584,0.0,1,263048.0
2.954158451965428,48.16473089608106,7703,81.43970345820804,3,2494.7034077219337,2.0,3,166119.0
2.609216759861434,48.97998719098938,77018,157.20724332305917,1,2529.770777288311,1.0,2,520061.0
2.882157797362997,48.91751796854957,7705,236.0744258244272,1,2469.326368602736,1.0,3,445195.0
2.4473515571753546,48.87547795422569,7706,164.34713270932468,1,2515.5912267881854,0.0,0,409769.0
2.1268879465503625,48.52368821636958,77017,217.2848135161332,5,2535.249063009944,0.0,2,573157.0
2.298579355347048,48.60133423117798,7704,93.30267916643592,5,2507.681546343389,1.0,3,279168.0
3.041293015153609,48.03537918470101,77015,226.9157468398712,4,2509.041371711664,1.0,3,631044.0
3.4329897558629296,48.82769963209692,7701,97.08682813953082,2,2534.5676313664776,2.0,1,275468.0
2.2769567726202267,48.78682371684428,7703,222.0657768564577,3,2494.7034077219337,3.0,1,739940.0
2.9385988699925507,48.891849614479966,7709,137.44547840622653,6,2516.219162131406,0.0,3,296154.0
3.0143027384434244,48.26662391461881,7702,218.0285501471216,5,2521.514844161584,1.0,2,698680.0
2.1085182859075857,48.94972384682467,77016,239.54775824334325,1,2489.955719107417,1.0,3,629740.0
3.249180490567358,48.87613265075488,7703,136.29762054544798,5,2494.7034077219337,3.0,3,357852.0
2.103896499445685,48.24431112873977,7709,199.37017026127384,6,2516.219162131406,2.0,1,422634.0
2.806595548459729,48.8078633036119,77018,220.94838815963445,2,2529.770777288311,0.0,1,557680.0
3.4661425536237047,48.82644351427477,77010,166.7247548868554,3,2535.7676266455924,1.0,2,277604.0
2.790411837554049,48.68684653737173,77010,69.94465705521289,6,2535.7676266455924,2.0,0,192066.0
2.726902380528297,48.75425354434386,7701,133.42755982023797,1,2534.5676313664776,2.0,3,240466.0
2.6261577892167325,48.81595049806523,77010,197.2221040648716,1,2535.7676266455924,2.0,2,606020.0
2.7316360167133262,48.73229853926678,77018,83.35757449225669,5,2529.770777288311,4.0,2,202346.0
2.558961748429075,48.05624070946821,77019,226.14178357877591,6,2509.836958318999,1.0,0,435018.0
3.0074990858142057,48.19618060693798,77010,215.6734129367836,2,2535.7676266455924,1.0,2,499012.0
2.489226254685497,48.80963165156433,77016,109.35907738207688,1,2489.955719107417,1.0,1,387988.0
2.983817551326714,48.1095152017344,7706,102.62844699463982,1,2515.5912267881854,1.0,2,331865.0
2.133788592419545,48.95955072789668,7704,86.89355001957531,4,2507.681546343389,0.0,0,214288.0
2.922689873825468,48.04739857793116,7706,227.146901281441,4,2515.5912267881854,0.0,3,358497.0
2.275138192076505,48.68479248530794,77010,217.98321249654245,2,2535.7676266455924,1.0,1,439184.0
2.2440151863095075,48.6254053570139,7701,117.36891101811626,3,2534.5676313664776,2.0,0,276939.0
3.17011232070913,48.49127437927282,77014,174.49546194492956,3,2531.1992319512387,1.0,3,548216.0
2.9341825136730497,48.32472562250644,77013,89.45447923028536,4,2550.4876935530483,1.0,2,160363.0
3.3726963004604222,48.79626514999098,77012,70.69389850083816,5,2528.438700180489,1.0,2,189595.0
2.11792915004889,48.40314784796139,77012,79.38850353296382,6,2528.438700180489,0.0,3,221210.0
3.33364436407436,48.993360855054746,77013,119.27459306215994,2,2550.4876935530483,2.0,2,269717.0
3.0569803334448227,48.05419838582208,7702,191.6123824986668,5,2521.514844161584,1.0,3,434555.0
2.762913421454999,48.226483649483896,77016,236.50223836722515,4,2489.955719107417,1.0,2,573520.0
2.6733058051135057,48.88715883368377,77013,230.1902272367688,4,2550.4876935530483,0.0,1,653640.0
2.025059137867349,48.17847209421412,7701,189.4108047424093,1,2534.5676313664776,2.0,1,559852.0
3.066278436262573,48.20457695407798,7709,218.5449583082287,4,2516.219162131406,1.0,0,436555.0
2.4831891338796743,48.35499279560391,7708,201.78159219652488,3,2479.8146622631675,2.0,1,709300.0
3.38307015463574,48.74123277486551,7703,183.79050218472764,5,2494.7034077219337,1.0,2,396950.0
2.847864978631624,48.32268369465039,7702,145.23633963189366,6,2521.514844161584,2.0,2,380577.0
3.413387574061969,48.039690825414056,7709,167.30341889197544,6,2516.219162131406,3.0,0,422602.0
3.4644627628341027,48.56472942538519,77013,173.28897652755643,4,2550.4876935530483,3.0,3,338413.0
2.951361779343199,48.6291051353463,77017,197.72833063036785,2,2535.249063009944,4.0,1,428961.0
2.7080044560653684,48.23338076437332,77016,124.14024924315558,6,2489.955719107417,3.0,1,440638.0
2.416016108409207,48.74804992743188,77018,160.85567014774023,2,2529.770777288311,2.0,3,630565.0
2.6350351798376845,48.63028766452571,77014,92.7606925533276,6,2531.1992319512387,1.0,3,266610.0
3.1893195765165685,48.02333677165809,7704,144.59047874039186,3,2507.681546343389,1.0,1,452566.0
2.205329757231328,48.40174190450708,77014,162.82414202944202,6,2531.1992319512387,0.0,0,611909.0
3.204766063660028,48.48571939656284,7709,148.68078950520476,4,2516.219162131406,1.0,3,375145.0
2.6274979968337115,48.568686041982126,77018,123.47592855923996,2,2529.770777288311,1.0,2,342294.0
2.9516952202911377,48.06285101101636,77013,210.61685489370296,6,2550.4876935530483,2.0,0,526149.0
2.605489573829556,48.94957229563532,7702,184.94279624186063,4,2521.514844161584,1.0,2,393376.0
2.4194571405895067,48.35504596719375,7703,66.99817338780309,4,2494.7034077219337,1.0,3,245095.0
2.8091397718643547,48.86070203254215,77013,222.98217808369225,4,2550.4876935530483,2.0,1,451970.0
2.990472811663094,48.458107894271926,7703,129.00896120710556,5,2494.7034077219337,1.0,3,490965.0
2.884172435001756,48.472875456298354,77018,222.0610126300696,2,2529.770777288311,1.0,1,491588.0
2.627556257328527,48.67917007926329,7705,90.5695086728238,5,2469.326368602736,2.0,0,275153.0
3.4198002771950016,48.297195065835005,77015,93.14419965173988,3,2509.041371711664,2.0,2,284595.0
3.164406538724821,48.78847371053507,77011,100.64913529573712,5,2522.5267076694745,0.0,1,299562.0
2.4712002753881075,48.79701159993533,77019,166.45381667016082,2,2509.836958318999,1.0,2,566303.0
3.282551550217897,48.03304591410156,77018,93.97341005660044,4,2529.770777288311,1.0,0,321107.0
3.4803853640785074,48.463864029261615,7700,192.9935422998773,4,2500.6482553342094,1.0,2,532393.0
2.515380185401752,48.84532291063984,7702,81.50568622215268,2,2521.514844161584,2.0,2,217041.0
3.162714146068008,48.193038741293776,7705,98.80578149715072,2,2469.326368602736,4.0,2,271937.0
2.273215961712736,48.84938154815629,77012,74.03156463379428,3,2528.438700180489,3.0,3,210407.0
2.9791824643384057,48.82983326084831,7700,240.01397592630312,5,2500.6482553342094,1.0,0,713794.0
2.84285681064289,48.4645614109816,7708,221.36601044030664,6,2479.8146622631675,1.0,1,435216.0
3.396316292167874,48.11988117283076,77015,199.9615530301392,3,2509.041371711664,0.0,2,569504.0
2.363578122059752,48.44871405293579,7701,149.0128929588453,4,2534.5676313664776,4.0,1,244430.0
2.4499504823536253,48.7713511164529,77019,72.59826381198728,5,2509.836958318999,0.0,0,192190.0
2.636346414676105,48.22329678302916,77016,75.55798637801894,6,2489.955719107417,2.0,0,228596.0
3.446049544304804,48.321727366851015,77011,100.10455411704312,4,2522.5267076694745,1.0,0,337322.0
2.279198231552149,48.29201410044073,77010,183.0651536249514,1,2535.7676266455924,3.0,0,428285.0
2.937102803184444,48.872717841295696,7704,224.41057354428384,2,2507.681546343389,0.0,0,708658.0
3.4521466917903645,48.6306535272343,7703,78.44875087885185,6,2494.7034077219337,1.0,2,232011.0
2.5368987460704844,48.468433118525226,77012,163.0046625015259,4,2528.438700180489,1.0,0,485821.0
3.2339051479709404,48.58845319217025,7700,143.7780457559009,5,2500.6482553342094,1.0,2,327161.0
3.136713738834968,48.459680494487166,77013,112.37492080817243,1,2550.4876935530483,1.0,1,247246.0
2.794987284389628,48.82901773254549,7701,82.90609911670114,6,2534.5676313664776,3.0,0,275853.0
2.9376859777169577,48.8850337303772,7709,186.17152898973148,5,2516.219162131406,2.0,1,519208.0
3.286588756607073,48.51489683110053,77019,114.25677801022212,4,2509.836958318999,5.0,3,278416.0
2.2314668279864858,48.40485256131381,77017,175.4251992435357,1,2535.249063009944,3.0,2,519429.0
3.3179554873176818,48.61082886614837,77018,177.74967507368842,2,2529.770777288311,0.0,1,627743.0
3.055145439629208,48.77318157849325,77014,71.14491601670052,2,2531.1992319512387,1.0,3,212487.0
2.2052523982682306,48.78109566693266,7707,143.88469951459192,5,2468.2970993678014,1.0,1,279975.0
2.8633933501730344,48.962944771384656,7707,216.18140229913752,1,2468.2970993678014,2.0,0,395484.0
3.081447220620467,48.393866023844495,77013,125.79637881339718,3,2550.4876935530483,2.0,1,324168.0
2.7106811235093016,48.45889208397258,77019,231.54802575712893,6,2509.836958318999,2.0,0,516172.0
2.283692593055511,48.10850824109827,77015,110.2119253459384,6,2509.041371711664,4.0,3,246553.0
2.385455116578717,48.36162031401344,77014,155.97136000324107,6,2531.1992319512387,2.0,3,549635.0
2.1096780927706096,48.74099541323093,77013,101.29628711845444,3,2550.4876935530483,1.0,0,262342.0
3.434958841710525,48.77882496350291,77013,61.84499792041857,1,2550.4876935530483,1.0,0,192727.0
2.571330722442044,48.35466275176496,77019,217.52304278105728,3,2509.836958318999,3.0,2,336710.0
2.76567952643656,48.27964137902915,77019,82.70063203287317,5,2509.836958318999,2.0,0,176396.0
2.726412865732556,48.42102811879468,77011,156.15215032931803,4,2522.5267076694745,2.0,2,566840.0
2.1360825533523964,48.03261794834157,77019,68.53314680916701,3,2509.836958318999,1.0,3,217823.0
3.293081746002393,48.64095676264001,7701,184.21553927730085,1,2534.5676313664776,1.0,3,489264.0
2.9982801012104283,48.9563544113989,77014,184.83322915433456,2,2531.1992319512387,0.0,0,438753.0
3.360532008990056,48.76737561868339,7701,70.63826018685506,3,2534.5676313664776,1.0,3,240519.0
3.0105537570153333,48.32342878719746,77011,123.65816993632949,4,2522.5267076694745,1.0,3,342860.0
3.10210771364763,48.04642138544676,7709,235.1788163062916,5,2516.219162131406,2.0,3,779527.0
3.300411321447396,48.04274755017602,77015,224.6976427133792,5,2509.041371711664,0.0,3,647734.0
2.63301020479459,48.80197120027608,77017,216.33061406711863,1,2535.249063009944,1.0,1,449639.0
2.9564964268841853,48.654514466742114,77015,111.16253186704282,4,2509.041371711664,1.0,0,361765.0
2.232354006330806,48.37943662975188,77010,77.89564853238073,2,2535.7676266455924,1.0,0,192662.0
2.214132391781468,48.35911825751068,77019,214.24882415980417,2,2509.836958318999,1.0,2,411233.0
2.8562209338318176,48.61394220799838,77010,165.22034797415026,1,2535.7676266455924,1.0,1,313250.0
3.2819722788608314,48.80709278941173,77015,138.86781626846374,3,2509.041371711664,1.0,3,398724.0
2.025447450650381,48.70100144280453,7701,178.37839462867692,6,2534.5676313664776,2.0,1,410109.0
3.4296679527468124,48.30703036322885,77010,125.2016638299356,5,2535.7676266455924,0.0,3,317349.0
2.5949451125730647,48.74009110377035,77016,143.80409147683628,2,2489.955719107417,2.0,3,503447.0
3.085947775430334,48.36349876912845,7709,125.36889769822211,5,2516.219162131406,1.0,2,328379.0
3.1777670153887736,48.15325189728982,77014,97.58976147348692,2,2531.1992319512387,2.0,3,359962.0
2.3837704022514687,48.49125048320101,7704,133.94021853508383,2,2507.681546343389,1.0,1,373499.0
3.0742072665714604,48.431782494165496,7709,87.10934848142564,1,2516.219162131406,2.0,0,259008.0
2.7417793444554266,48.41166110516998,77018,211.54808779006143,5,2529.770777288311,2.0,0,370344.0
3.205151183928264,48.16716928771567,7700,186.2527788362664,3,2500.6482553342094,2.0,2,527933.0
2.996271232703541,48.05666730887772,77018,197.35101908461064,5,2529.770777288311,3.0,2,600956.0
3.3662615024811364,48.03904037686439,7707,200.9695353777645,2,2468.2970993678014,3.0,0,523286.0
2.0517345795191804,48.10993457005684,77018,233.45704228459115,6,2529.770777288311,1.0,2,851356.0
3.437936566823591,48.87017329171076,7705,64.02110191846627,2,2469.326368602736,1.0,3,214620.0
3.275175246625569,48.845580163255526,7703,125.54692007239154,2,2494.7034077219337,2.0,1,213358.0
3.3440295694987894,48.2220375417124,77016,165.65529094549706,1,2489.955719107417,1.0,2,301286.0
3.0242339466749013,48.81361348451875,77018,162.5643813968323,4,2529.770777288311,2.0,0,347869.0
3.075520819909489,48.47067264463743,7707,196.93094925243352,5,2468.2970993678014,3.0,0,549537.0
2.305302076880641,48.83337477425439,77019,104.47425403607356,2,2509.836958318999,4.0,3,332642.0
3.090163514377812,48.77684228636163,7706,154.29275522090643,4,2515.5912267881854,3.0,3,344991.0
2.073544511327195,48.50181097242695,77018,230.05746864054075,1,2529.770777288311,1.0,2,607647.0
2.5101088371232354,48.61948823773874,77017,142.66846641018464,1,2535.249063009944,1.0,2,397605.0
2.6580633522387886,48.98218990341556,7707,115.06873785213166,5,2468.2970993678014,0.0,2,163033.0
2.861937553207495,48.48089712570764,77019,192.4030261957894,1,2509.836958318999,2.0,2,298595.0
3.029864387358845,48.05245534556912,7706,188.5563581723448,5,2515.5912267881854,1.0,3,579493.0
2.7760227795239976,48.28631013705431,77015,213.7247835874649,5,2509.041371711664,2.0,0,556874.0
3.091056055528542,48.16924435559515,7708,107.17292835800252,3,2479.8146622631675,2.0,2,206075.0
3.099169388038182,48.53217258282895,7709,156.21157446269632,4,2516.219162131406,3.0,2,424155.0
3.3172891757715783,48.53116695203476,7708,205.256159569934,6,2479.8146622631675,2.0,3,537584.0
2.407425198617003,48.619129684472206,77019,215.93037068727585,1,2509.836958318999,0.0,3,364508.0
2.692588564405128,48.23230840688649,77012,149.16015739870738,5,2528.438700180489,2.0,2,323472.0
3.31673310647388,48.11862026690539,7706,80.7631655071495,1,2515.5912267881854,1.0,2,159569.0
2.7741670856299896,48.94885796918812,77016,157.94721068425324,6,2489.955719107417,2.0,2,509365.0
3.3807616842298733,48.07778520020047,77019,134.7154920277869,1,2509.836958318999,0.0,2,192475.0
2.712725156019137,48.579527962642814,7703,121.1365456245508,4,2494.7034077219337,1.0,2,385899.0
3.486689647731956,48.74721958774204,7705,180.87369929456423,1,2469.326368602736,2.0,1,401476.0
3.4442601300159987,48.03322268328551,7702,233.77061178623785,5,2521.514844161584,2.0,0,567196.0
2.880347127153315,48.01453034595939,77010,209.6373911598025,6,2535.7676266455924,2.0,0,413760.0
3.219497357911348,48.935069136425845,7709,211.4899079175963,3,2516.219162131406,2.0,1,367912.0
3.1989005660385854,48.59916587532299,7704,197.0417697945892,1,2507.681546343389,1.0,1,349868.0
2.1460753705311344,48.56758674838267,77014,136.64512945894353,3,2531.1992319512387,1.0,1,244233.0
3.4276065566165963,48.57050071246232,77012,184.4577379949592,5,2528.438700180489,0.0,2,499319.0
2.554473756185368,48.64252592357422,7701,158.1146967940103,1,2534.5676313664776,2.0,0,502968.0
3.235574033960523,48.059547675051256,77016,69.60710906663898,1,2489.955719107417,1.0,0,258951.0
2.785011788562749,48.681260578644256,77014,190.58858745608845,1,2531.1992319512387,0.0,3,500628.0
2.713598074500787,48.9620219986522,7700,155.74280990886734,5,2500.6482553342094,1.0,1,253771.0
2.126374778932549,48.83248583159609,77019,161.14869800483328,3,2509.836958318999,2.0,0,458926.0
2.8666413638240904,48.88778301096492,7709,160.50592947222924,4,2516.219162131406,1.0,3,435407.0
3.0928740705903666,48.06797350482341,7705,127.61445839836078,5,2469.326368602736,3.0,2,211961.0
2.747248341867277,48.68345974626335,77010,214.80560612940985,3,2535.7676266455924,2.0,0,815782.0
2.200228769106408,48.16367389161966,7702,181.58324439337173,6,2521.514844161584,0.0,3,283950.0
3.089373269933655,48.37806354923395,7709,137.61982219548077,5,2516.219162131406,1.0,2,397517.0
2.081439616616649,48.14881863857412,77010,220.7650319762187,4,2535.7676266455924,1.0,3,469407.0
2.8807072722126845,48.23958591780748,7702,160.12528699086198,2,2521.514844161584,1.0,3,295613.0
3.133432944218651,48.64443962485322,77016,162.43483729325646,1,2489.955719107417,4.0,1,430563.0
2.736235305812004,48.403594639325874,77011,222.8639406854457,5,2522.5267076694745,3.0,2,760237.0
2.897581024986457,48.72074788660629,77019,161.09853779327412,4,2509.836958318999,1.0,2,441627.0
2.507602408958002,48.40843439440161,7700,186.6254333003647,3,2500.6482553342094,2.0,3,617934.0
2.9564597430163726,48.51685876188348,77016,209.91372673704703,5,2489.955719107417,2.0,1,584442.0
2.3564318263406308,48.50327044810059,7706,171.98237822174303,6,2515.5912267881854,3.0,1,325019.0
3.3650197604844587,48.47699676941684,7701,149.16667802114637,1,2534.5676313664776,1.0,3,273959.0
2.546869766013473,48.16258622426933,77019,163.77276341427623,5,2509.836958318999,1.0,1,566876.0
3.0679910069907974,48.850835647020965,7708,218.820049578194,1,2479.8146622631675,1.0,2,716654.0
2.706834767847305,48.59846963316279,77016,204.57514608744145,4,2489.955719107417,1.0,0,312470.0
2.187960125501211,48.03803907869271,77012,180.17138356024745,2,2528.438700180489,1.0,0,360449.0
2.327331025615117,48.58766654416246,77015,150.12311458256283,1,2509.041371711664,0.0,0,490510.0
2.30700018062423,48.34580199233782,7709,188.47777868585007,3,2516.219162131406,3.0,3,440068.0
2.049700193289816,48.26837836527715,7708,121.8595982983724,5,2479.8146622631675,2.0,0,219494.0
3.020688275003188,48.86361711700221,77010,164.88750146157213,5,2535.7676266455924,3.0,3,369546.0
2.4318361611428188,48.05556247271762,7701,221.80144279287032,5,2534.5676313664776,4.0,1,369806.0
2.4140041586212937,48.184048127795535,7701,122.15447393206526,5,2534.5676313664776,1.0,1,353831.0
3.2301629207176235,48.16921054096658,77016,76.72706240214144,3,2489.955719107417,2.0,3,234181.0
3.224162663914168,48.18239811958147,77016,118.69054443612676,2,2489.955719107417,1.0,2,238781.0
3.2934126095421554,48.22558212642569,77018,217.71677805499604,5,2529.770777288311,3.0,2,592748.0
2.1044201853949764,48.97704511461413,7704,102.20881511481636,5,2507.681546343389,2.0,3,191879.0
3.158401092093176,48.60710214305095,7707,180.2021247746563,1,2468.2970993678014,0.0,1,365936.0
2.048279539821434,48.615344696892464,77012,79.80795882785162,6,2528.438700180489,1.0,2,210523.0
3.0782450831444845,48.47329285873037,77019,181.50211450663448,2,2509.836958318999,2.0,2,660874.0
3.430404308069049,48.07421273391661,7704,103.79117664932298,4,2507.681546343389,2.0,0,263824.0
2.3120044622872453,48.73847520357619,77015,156.20425140519438,6,2509.041371711664,1.0,2,411115.0
2.362430410785412,48.1224190339474,77013,64.67303076275567,5,2550.4876935530483,1.0,3,210112.0
3.450502447719943,48.370987653043336,7708,238.5499345964581,3,2479.8146622631675,1.0,1,890717.0
2.0696924934163183,48.70397886486798,77011,240.8390327006788,1,2522.5267076694745,0.0,0,448967.0
2.840778840542073,48.96959352915916,77018,150.49110425434532,5,2529.770777288311,2.0,1,527549.0
2.326623057251033,48.078301670479554,7706,145.1858293996804,5,2515.5912267881854,1.0,2,268341.0
2.645592990311473,48.63104694899618,77014,116.12752254579831,3,2531.1992319512387,2.0,1,205765.0
3.2681743182348884,48.35957833576936,7702,237.96237856472072,4,2521.514844161584,0.0,3,748066.0
3.1591440580867447,48.58835132835834,77016,148.6375699254117,6,2489.955719107417,1.0,2,268028.0
3.3329836435707025,48.00767480955888,7707,184.13580834875123,2,2468.2970993678014,3.0,2,383552.0
3.023531558400188,48.09070882934048,77017,84.31378334807917,4,2535.249063009944,2.0,0,199808.0
2.27805847899554,48.261550180761,77013,120.54315221305274,6,2550.4876935530483,2.0,1,361622.0
3.342510097495537,48.40680458305221,7706,175.36421037192508,4,2515.5912267881854,2.0,2,295434.0
3.3220410798860724,48.49936626804083,77019,131.3510084939616,3,2509.836958318999,2.0,1,381696.0
2.714774760301168,48.21227053597331,77012,125.12024230325471,3,2528.438700180489,1.0,3,452586.0
3.3885290056551307,48.95836257219314,7709,81.26853491112365,1,2516.219162131406,2.0,2,310345.0
2.7357037377657014,48.18710041786467,7704,169.68101376354156,2,2507.681546343389,3.0,3,269124.0
2.93850399488736,48.14841012338264,77014,191.91265224513143,2,2531.1992319512387,0.0,1,452100.0
2.5252988961795406,48.17174611146371,7701,155.00452615894142,1,2534.5676313664776,1.0,2,336635.0
2.595706164392673,48.76692768068283,7701,122.78929710749404,5,2534.5676313664776,2.0,3,223068.0
2.806517738780008,48.6478620949437,77019,161.05088748865535,6,2509.836958318999,0.0,1,366505.0
2.589513628980656,48.250353919093584,7700,228.91216002036523,1,2500.6482553342094,2.0,3,636678.0
2.1677791653266687,48.48040193576743,7703,121.10532878062874,2,2494.7034077219337,0.0,2,385595.0
2.640242611421481,48.36497854046875,77013,236.02952886633503,1,2550.4876935530483,1.0,3,627851.0
3.4667894507179526,48.507560249110526,7704,136.98459972218262,6,2507.681546343389,1.0,1,245897.0
3.267008278435185,48.72935852827722,7702,130.02436334787282,3,2521.514844161584,1.0,3,530395.0
2.109684618136404,48.67386637268211,77019,172.06515536066945,2,2509.836958318999,3.0,2,587009.0
2.465212097021953,48.830415240854926,7702,192.49048448361216,4,2521.514844161584,1.0,2,368431.0
2.5752341624973187,48.16890391153343,7705,71.6795305519754,4,2469.326368602736,2.0,3,226250.0
2.416418754442,48.570376200348825,77018,141.11139659133906,2,2529.770777288311,2.0,0,306679.0
2.326145780308131,48.08888784476315,77011,170.9179196500617,5,2522.5267076694745,3.0,0,312727.0
2.399351099844993,48.404655341698415,77011,185.30513714428372,5,2522.5267076694745,2.0,2,469902.0
3.003855165708011,48.36705868835097,77013,70.33653098874382,3,2550.4876935530483,0.0,2,212193.0
2.88847651397786,48.5673284266567,77014,81.43018884198501,1,2531.1992319512387,1.0,0,156010.0
2.420956271702858,48.91961153614047,77015,221.6203146899717,5,2509.041371711664,4.0,0,661354.0
3.2229497884523024,48.15693727278819,77011,171.56717649926304,3,2522.5267076694745,2.0,2,602532.0
3.03906010573865,48.66241966116354,77019,179.76669446886254,4,2509.836958318999,2.0,0,339084.0
3.4849803667356047,48.80537326113504,77012,75.71321015443897,5,2528.438700180489,3.0,2,241317.0
2.6472727485980188,48.973536660662965,7706,136.67453094821968,3,2515.5912267881854,1.0,1,291431.0
2.895277815331639,48.92818209811395,77015,169.97963192676258,6,2509.041371711664,0.0,2,352472.0
2.130681558384397,48.012726749314645,7703,95.76323426414024,6,2494.7034077219337,3.0,1,325453.0
2.7823927663178423,48.519099934649546,77010,186.8968300224762,4,2535.7676266455924,1.0,0,494143.0
3.060626151822265,48.32745877459916,7707,172.03403652619585,6,2468.2970993678014,2.0,0,432201.0
3.003122602993689,48.7557754918872,77011,192.0518790534715,5,2522.5267076694745,3.0,1,334282.0
2.105737698742718,48.65482248985919,77013,80.90827482420174,4,2550.4876935530483,1.0,1,201302.0
2.805229059744456,48.46825651410536,7708,207.26699138803528,5,2479.8146622631675,1.0,2,494390.0
2.4403634757826,48.02818662892464,7701,240.1241315056664,5,2534.5676313664776,3.0,2,776427.0
3.268139160691471,48.642875241260434,77013,88.56698183477647,4,2550.4876935530483,0.0,0,319540.0
2.7494426668499754,48.984720847028186,77019,216.7735036710135,3,2509.836958318999,1.0,3,732355.0
2.2375595307938,48.05203783769456,7707,201.81965424037995,5,2468.2970993678014,2.0,3,592636.0
3.263944355523717,48.3412731566696,77014,88.49488900911116,5,2531.1992319512387,1.0,1,245358.0
2.5959390921164225,48.53757698063647,77011,140.7042539539985,6,2522.5267076694745,3.0,0,233990.0
3.2376745563651324,48.07940824429777,77015,104.2255332157371,4,2509.041371711664,3.0,1,380044.0
2.939145250500265,48.2529066034428,7707,79.60611569199475,2,2468.2970993678014,2.0,2,256443.0
2.816656274434288,48.57992436626874,7702,233.69649470654772,2,2521.514844161584,2.0,2,368459.0
2.881007596361405,48.72520044102591,77019,228.19030863149936,6,2509.836958318999,3.0,2,806991.0
2.4776802238369515,48.484151229397085,7700,145.36476077077742,2,2500.6482553342094,1.0,0,300372.0
2.8041503338763287,48.0197427478979,77011,165.58771173385935,4,2522.5267076694745,2.0,1,627934.0
3.0595638886964367,48.1400120561535,77010,108.80061783255414,6,2535.7676266455924,3.0,3,401376.0
3.3229533996715213,48.65021653772559,7701,98.40031649483332,1,2534.5676313664776,1.0,1,351148.0
2.525311050083045,48.913007188169246,77012,77.77935145016103,4,2528.438700180489,1.0,1,206142.0
3.452858972342219,48.65798735464799,7707,136.1189893817929,2,2468.2970993678014,4.0,0,337793.0
3.382074014002199,48.54256625663242,77010,142.13410478986498,4,2535.7676266455924,2.0,1,483666.0
2.915403345852746,48.21509782235301,7706,142.88480461486853,5,2515.5912267881854,4.0,2,251242.0
3.23578168031552,48.44013419708582,77010,236.2777284517988,6,2535.7676266455924,1.0,2,421822.0
2.1062550065050534,48.075735274268204,77019,184.15204547171925,3,2509.836958318999,2.0,2,581645.0
2.432945829860384,48.58123822142261,77013,199.88696490271275,3,2550.4876935530483,0.0,1,484751.0
2.792751936677754,48.87047833731062,7700,166.04711840372448,2,2500.6482553342094,2.0,0,601454.0
3.4497125291790147,48.30465384829637,77014,177.97117783579063,2,2531.1992319512387,2.0,1,453808.0
2.329125671679509,48.64559312688027,77010,207.59229978408865,2,2535.7676266455924,2.0,3,599725.0
2.9467431272637823,48.83230555590114,77016,88.13391583370189,6,2489.955719107417,2.0,2,225713.0
2.234076440837051,48.10005726704159,7706,122.33471672118831,4,2515.5912267881854,1.0,0,389913.0
3.016411211139222,48.59261806896119,7700,98.91419597093956,4,2500.6482553342094,2.0,0,180805.0
2.281758488923016,48.35357848279775,77010,161.41175259059338,1,2535.7676266455924,1.0,3,303538.0
2.9411306323361446,48.57626121531591,7705,161.86123896190662,4,2469.326368602736,1.0,1,445994.0
3.166997504856837,48.35026961261929,77010,233.40233349515947,4,2535.7676266455924,2.0,1,582436.0
3.010202107580269,48.50725755080803,7704,199.06216389648324,1,2507.681546343389,0.0,3,698328.0
2.248705103726285,48.06641506938503,77011,207.98153269906012,3,2522.5267076694745,2.0,3,566182.0
2.116762123465706,48.395417831457294,77011,99.32887966643578,3,2522.5267076694745,2.0,3,163385.0
2.149464704076222,48.36479840748703,77017,98.68957067834836,6,2535.249063009944,1.0,0,243081.0
3.1849803696557686,48.13483509175831,7704,212.3144344260494,1,2507.681546343389,0.0,3,541543.0
2.464804410972694,48.7556173827287,7705,178.88853709488492,6,2469.326368602736,1.0,3,295522.0
2.571962735940647,48.282767513071576,7702,209.556836736107,2,2521.514844161584,1.0,2,523937.0
2.3870658410550734,48.07295986391296,7704,171.51467775211637,5,2507.681546343389,1.0,3,441977.0
2.571095567437645,48.2227501329882,77015,144.8003406797004,2,2509.041371711664,1.0,1,488515.0
2.829103285241976,48.241568545293,77013,146.97047323493803,1,2550.4876935530483,3.0,1,281264.0
2.491979114675676,48.71928355393042,7709,204.3424909381941,2,2516.219162131406,4.0,1,341468.0
2.8045127917757124,48.109547115657264,77012,94.59398466478044,5,2528.438700180489,3.0,0,249134.0
2.333243074308441,48.59025379846093,7703,234.33970223214936,5,2494.7034077219337,3.0,2,802575.0
2.482441222434027,48.56634653383402,77013,173.7274111772491,4,2550.4876935530483,3.0,2,540051.0
3.083786749682204,48.36972548838855,7704,230.0245440932014,1,2507.681546343389,2.0,1,528944.0
2.498285392207248,48.88295175793381,7703,160.42997605970658,5,2494.7034077219337,2.0,0,515720.0
2.728059342753792,48.20108348840605,7703,129.70499491438358,1,2494.7034077219337,0.0,1,316325.0
2.9777376600374046,48.69252566124229,77011,69.09794492447874,6,2522.5267076694745,1.0,3,166258.0
2.9910031936998016,48.32536990080887,7709,148.57058032771164,6,2516.219162131406,1.0,1,333936.0
2.7666571645093683,48.68063639244673,7708,79.21508088918961,3,2479.8146622631675,1.0,3,299761.0
2.7558309911319188,48.12300694230911,77015,94.35930715550704,2,2509.041371711664,1.0,3,200380.0
2.095193487281896,48.05356391766647,77012,93.93050998146116,6,2528.438700180489,1.0,3,195583.0
3.078077169893304,48.11060359887316,7700,106.0131835660194,4,2500.6482553342094,3.0,1,228551.0
2.952113774905613,48.247218369256,7700,188.1683288893127,5,2500.6482553342094,1.0,3,419743.0
2.89047629689765,48.34602176081206,7706,74.27707411316113,6,2515.5912267881854,1.0,2,233965.0
2.959652678103463,48.86807438642565,7701,190.52286309238136,1,2534.5676313664776,1.0,2,548081.0
3.280692396485715,48.727821724198485,7706,147.54944222146852,1,2515.5912267881854,2.0,1,389810.0
2.565442333395424,48.0930315850594,77018,195.05864810907107,5,2529.770777288311,2.0,2,616853.0
2.317217901328441,48.13409629125255,7704,165.6362475856419,1,2507.681546343389,2.0,3,355581.0
3.249247852803613,48.36243132261583,77010,195.86903064390305,6,2535.7676266455924,1.0,0,554818.0
3.290700191837585,48.95830020004151,7704,226.22257943873245,4,2507.681546343389,1.0,2,467867.0
3.144029463726895,48.50838835190061,7702,73.98949712224582,2,2521.514844161584,2.0,1,274623.0
2.292397378103172,48.77561053284195,7707,172.86407039538773,5,2468.2970993678014,1.0,2,486764.0
2.91496508260274,48.69564160791559,7708,131.37598235106913,2,2479.8146622631675,2.0,0,190702.0
2.285988573570191,48.63633542396322,7705,101.92961575114688,5,2469.326368602736,4.0,3,162721.0
2.457354686577596,48.1926763964867,77018,136.32240962435753,6,2529.770777288311,1.0,2,346835.0
2.5749554173206173,48.60062259416436,77016,187.527802070324,1,2489.955719107417,2.0,3,499429.0
2.0022493899272744,48.53903144677718,7702,134.4967909831229,4,2521.514844161584,2.0,0,242196.0
2.241750537969491,48.305981991408906,77016,217.2900611920527,2,2489.955719107417,2.0,3,758614.0
3.056061481157981,48.65473420896571,77015,214.20347511843772,4,2509.041371711664,0.0,0,454614.0
3.0202904376512363,48.44991350532282,7707,193.7913758531032,6,2468.2970993678014,2.0,0,426370.0
3.4121303161408765,48.67691306302858,7700,92.21001006441784,1,2500.6482553342094,1.0,2,264730.0
2.172978549856816,48.2277095504112,77015,118.09430255726583,2,2509.041371711664,2.0,2,277672.0
2.149249121384924,48.65616180644488,77013,91.43391160358676,2,2550.4876935530483,3.0,1,250683.0
2.226896426694014,48.28467473884646,77018,156.84795430475413,5,2529.770777288311,3.0,3,472361.0
2.280741494930149,48.09085632978575,7703,221.14204204385032,2,2494.7034077219337,2.0,1,475685.0
2.6419290590360376,48.194519359248645,77016,204.99906512483244,6,2489.955719107417,3.0,3,379612.0
3.381155204880618,48.429807267282186,77014,141.73853955975972,1,2531.1992319512387,2.0,1,261316.0
2.908254718856224,48.327981558525615,77010,160.39580684628243,2,2535.7676266455924,0.0,1,335911.0
2.505185173762041,48.63780571597568,7701,173.6919992079043,5,2534.5676313664776,1.0,1,331260.0
3.3586942009995653,48.80231324071326,77010,88.08284626208695,4,2535.7676266455924,2.0,3,203866.0
3.1947714264228417,48.58425113964274,77018,88.6882278955149,6,2529.770777288311,0.0,0,215301.0
3.2847296977362554,48.77239117001617,77012,91.24340076948242,5,2528.438700180489,1.0,2,294711.0
3.4885170354634853,48.77095065980973,7709,110.7565233876672,2,2516.219162131406,1.0,2,255406.0
3.436629176572916,48.19649566920466,7704,239.8316124719509,3,2507.681546343389,1.0,1,426819.0
2.624335047994246,48.8324750912896,7704,139.47269936281944,1,2507.681546343389,2.0,0,310447.0
3.117673300907709,48.40399196547598,77019,185.90776642155456,1,2509.836958318999,1.0,0,594580.0
2.5589652311391835,48.28705412601722,77019,84.83831906064023,2,2509.836958318999,2.0,1,268445.0
2.516543279122309,48.74564844655684,7704,220.74829430777308,1,2507.681546343389,1.0,3,645976.0
2.40669906053835,48.52718065062222,7702,167.27619164711626,4,2521.514844161584,1.0,3,281568.0
3.45651355260848,48.80932661747476,77010,190.41391153145128,5,2535.7676266455924,1.0,0,610816.0
2.302271188136163,48.8075555509993,77017,178.862020859253,4,2535.249063009944,1.0,3,333024.0
2.856542586875679,48.63363243726612,7708,99.59552124107228,6,2479.8146622631675,1.0,3,172278.0
3.4784734695995123,48.50177763228472,77010,208.59595704569452,6,2535.7676266455924,1.0,3,550868.0
2.4783653794499045,48.98250735825668,7700,226.69747324731333,6,2500.6482553342094,1.0,2,431301.0
2.975928956603294,48.7728577137081,77012,128.25840244686606,5,2528.438700180489,2.0,1,406873.0
2.217193339528809,48.79153181943363,7701,113.9222460265892,2,2534.5676313664776,2.0,1,238912.0
2.566103497812482,48.494978767947615,77019,209.52456486020927,2,2509.836958318999,3.0,3,635333.0
2.619472062326568,48.18651099590856,7709,76.1064951784691,6,2516.219162131406,2.0,3,275259.0
3.068666278688529,48.134098006018334,77013,193.7749253179086,1,2550.4876935530483,1.0,2,321502.0
2.911640180014468,48.76929795065213,7700,96.39907682124756,6,2500.6482553342094,2.0,3,176438.0
3.2599882852239714,48.18481182936955,77013,182.22184079536683,3,2550.4876935530483,1.0,1,353710.0
2.8247363646997976,48.8012060060521,77017,111.5663849230174,6,2535.249063009944,2.0,3,214075.0
2.928752066364588,48.82480694797983,7706,123.60991795922904,6,2515.5912267881854,1.0,3,236290.0
2.54295144765622,48.019310685553386,77011,182.49900282632973,5,2522.5267076694745,1.0,0,538891.0
2.70988749004848,48.17447206928804,77012,124.74469615407136,1,2528.438700180489,1.0,2,347504.0
2.4708190602256472,48.68420967058837,77013,140.34532198872614,5,2550.4876935530483,1.0,0,311270.0
2.932448309766859,48.43071017307025,77017,139.21907621761272,4,2535.249063009944,1.0,2,299073.0
2.26552217241749,48.28450828580967,7708,87.42218539567959,1,2479.8146622631675,2.0,0,232973.0
2.829718964965728,48.30713289805245,77019,192.73062616276,4,2509.836958318999,0.0,1,599288.0
3.2390913172808125,48.94605165338018,7702,112.32549265930588,5,2521.514844161584,3.0,0,207407.0
2.468755249925384,48.750617503878765,7703,212.5132372458091,2,2494.7034077219337,1.0,0,570368.0
3.160327592635073,48.20958633914152,7703,202.3102235524929,3,2494.7034077219337,2.0,1,359395.0
2.6400111965776043,48.57087251430655,7709,153.03116673782898,4,2516.219162131406,0.0,2,430988.0
2.0559030841453096,48.80622732412756,7703,88.98935892881097,4,2494.7034077219337,3.0,2,190182.0
2.863810409217783,48.65096552445282,77011,159.58154617686154,1,2522.5267076694745,2.0,1,614206.0
2.6204982853748104,48.7501608329546,7707,201.1008380395212,6,2468.2970993678014,1.0,3,570792.0
3.075326263395916,48.58118534273211,7701,225.2618391825211,3,2534.5676313664776,3.0,3,432810.0
2.991094651562716,48.08384385916452,77011,70.79021325836678,4,2522.5267076694745,2.0,2,267025.0
3.0394631401854912,48.36960023006891,77019,148.0244500392986,4,2509.836958318999,1.0,2,480673.0
3.047951490677096,48.88706469866515,77015,221.3296910323225,5,2509.041371711664,2.0,1,493373.0
2.523417652711085,48.06207065093957,77017,101.93580105537823,2,2535.249063009944,3.0,1,246740.0
3.351093835334104,48.67894948837657,7701,221.1570533156057,4,2534.5676313664776,1.0,3,735912.0
2.195397825515867,48.99296767188165,7701,154.305327275784,4,2534.5676313664776,3.0,0,481815.0
3.1186730995931944,48.34860947554375,7702,120.93592652367929,4,2521.514844161584,0.0,0,282143.0
2.934200207715965,48.11541423909132,7709,226.7405093083331,1,2516.219162131406,1.0,1,452077.0
2.2660636541767007,48.700630117889055,77016,70.80598518502038,3,2489.955719107417,1.0,2,226349.0
2.4830626824062585,48.14135538156096,7702,226.85149114540687,3,2521.514844161584,1.0,0,425762.0
2.2058324221038754,48.341367234355445,7701,174.57594398915012,2,2534.5676313664776,1.0,0,342229.0
3.133288991975169,48.90338997618354,7707,138.8914337648356,2,2468.2970993678014,0.0,3,344465.0
2.166064763815279,48.55205036021101,7708,205.3800893141634,5,2479.8146622631675,3.0,2,510468.0
3.2986610605560864,48.19158764306513,77013,75.6106185600814,5,2550.4876935530483,4.0,3,212955.0
2.585977201850969,48.97982801176976,7702,98.7809370780101,2,2521.514844161584,3.0,1,341206.0
2.3044682274837696,48.85745296737275,7701,208.58712857909583,1,2534.5676313664776,4.0,1,579520.0
2.267977447631248,48.85569652049397,77015,142.91038103772362,4,2509.041371711664,2.0,2,455718.0
2.3026387151413386,48.339506924600265,7703,222.9498172713478,1,2494.7034077219337,1.0,2,338198.0
3.04159599121987,48.76808654130772,77011,195.9785312232896,2,2522.5267076694745,0.0,0,617491.0
2.0087844468476286,48.45766158832932,7700,189.38571031171185,1,2500.6482553342094,2.0,1,566434.0
3.0952761989831803,48.42478935606805,7703,155.99424140928596,2,2494.7034077219337,2.0,1,294915.0
2.340715634504182,48.69678526294131,77016,154.88523206353412,4,2489.955719107417,2.0,0,455793.0
3.3338398904951325,48.6654729651373,77019,108.49393121452744,6,2509.836958318999,1.0,2,401228.0
2.856425358455728,48.23281710979,7704,109.18529032842946,3,2507.681546343389,2.0,2,335385.0
2.5389520246771164,48.8793942744343,7706,76.56626286963785,5,2515.5912267881854,4.0,0,283183.0
3.406725447848843,48.0042817578361,7703,184.2219067733872,3,2494.7034077219337,1.0,1,435982.0
3.392341803739156,48.01736106640704,77010,79.49099436392154,4,2535.7676266455924,0.0,2,164839.0
2.2242589914508564,48.8019808178222,77018,122.31288190083838,5,2529.770777288311,2.0,0,402771.0
3.328689944881884,48.19811513659225,7700,69.52737549396139,4,2500.6482553342094,4.0,1,255821.0
3.149544734876868,48.65511530502916,7708,80.279898752257,6,2479.8146622631675,1.0,1,264380.0
3.023597644812781,48.409429523422354,7702,183.2861998395416,2,2521.514844161584,1.0,2,526920.0
2.9672489060334706,48.3951309076115,7705,200.04834458208973,6,2469.326368602736,4.0,2,283486.0
2.47970391387082,48.89044452671735,77017,169.0221298531717,4,2535.249063009944,0.0,3,418569.0
2.038214639404185,48.68040436673887,7709,103.87702680216518,3,2516.219162131406,3.0,1,207085.0
2.628003829765772,48.341731214576114,77016,135.0230461388517,2,2489.955719107417,1.0,0,289673.0
2.497445106857266,48.31343978703536,77017,224.5715933907353,5,2535.249063009944,2.0,3,456157.0
2.4314008586574234,48.46525501040544,7709,115.74719969684544,4,2516.219162131406,0.0,2,369324.0
2.0561171717833298,48.85531815524504,77011,125.16536479181282,3,2522.5267076694745,2.0,0,326659.0
2.968946393748742,48.43480153376983,7705,182.269590471096,2,2469.326368602736,3.0,0,538239.0
2.3503563470701057,48.46842994049525,7703,185.1330844258096,3,2494.7034077219337,4.0,0,317468.0
2.019658155332277,48.24465056083509,77010,142.8113783404208,5,2535.7676266455924,2.0,0,278835.0
2.613441106067075,48.99800995066401,77017,238.54335339370004,1,2535.249063009944,3.0,1,641375.0
2.252145376884474,48.797654259975616,7705,164.1357237797827,2,2469.326368602736,1.0,0,320867.0
3.2036612026197915,48.046071008562414,77015,179.67845555984246,4,2509.041371711664,1.0,3,425270.0
2.1032936287888906,48.193103761469736,7702,103.84061469092016,5,2521.514844161584,1.0,0,289729.0
3.4090378505456367,48.80929251435655,77010,92.38322306713142,6,2535.7676266455924,3.0,0,180792.0
2.3417543308398687,48.0432437606656,7700,119.45570024866645,5,2500.6482553342094,4.0,2,416650.0
3.2233804707736526,48.62744560981695,77010,136.5501660958911,3,2535.7676266455924,1.0,1,210177.0
2.720627600617488,48.23708104501371,7702,134.6790056748015,2,2521.514844161584,0.0,0,343716.0
2.073449375249432,48.14030758705808,77012,236.442581715896,2,2528.438700180489,1.0,3,637563.0
2.813753056982049,48.805146967085534,7702,138.31543757647154,3,2521.514844161584,2.0,2,345306.0
2.225744911605052,48.21748329313773,77010,181.7669891106688,3,2535.7676266455924,1.0,3,540254.0
2.6477435831682565,48.756633897584095,77017,177.15241597782767,2,2535.249063009944,2.0,3,627849.0
3.1333828964955126,48.30314873373162,7700,121.70214892914342,6,2500.6482553342094,3.0,1,367526.0
2.622438188131655,48.11795414782016,7705,89.1308339399311,6,2469.326368602736,1.0,3,233230.0
2.910702921325365,48.38872634787655,7701,165.0912745010906,1,2534.5676313664776,1.0,3,513247.0
2.6449428445262217,48.42669214932389,77015,124.24637350821452,6,2509.041371711664,1.0,1,223530.0
2.311337253173733,48.66548074672635,7703,223.4690509266593,6,2494.7034077219337,1.0,0,552670.0
2.8994962419366286,48.16855856272031,77012,60.302257037997,4,2528.438700180489,1.0,3,160854.0
2.3803485015123025,48.06996050748035,7705,237.98901572176243,3,2469.326368602736,2.0,3,503812.0
2.8501997657070666,48.23686070944036,7704,221.11723738636675,3,2507.681546343389,2.0,1,365485.0
2.485212469882824,48.748435883169165,7704,225.9045633944696,3,2507.681546343389,0.0,1,650879.0
3.0463629336042537,48.56610612367359,77012,149.55244619487402,6,2528.438700180489,1.0,3,370015.0
2.366051620528677,48.37834964882669,77011,167.5731629335408,3,2522.5267076694745,3.0,0,427497.0
2.978584412595598,48.574054695490815,7702,123.96108818432168,2,2521.514844161584,0.0,2,291780.0
2.082734885902678,48.82064156035448,7707,196.91709522610583,6,2468.2970993678014,3.0,1,389797.0
3.354882766042426,48.97607236272392,7702,179.38325639396035,6,2521.514844161584,1.0,0,406879.0
2.065399119449713,48.04676336977884,7700,184.8814914905501,3,2500.6482553342094,2.0,1,632326.0
2.11423856479938,48.87994012627264,77018,166.73069474799587,3,2529.770777288311,1.0,2,400942.0
3.223184456353396,48.67904642411679,7700,152.02533117258798,2,2500.6482553342094,2.0,3,300225.0
3.2909989686381795,48.6372912984383,77011,225.94133424758692,3,2522.5267076694745,2.0,2,792373.0
2.8372795139488813,48.35180521214715,77019,146.96054194364757,6,2509.836958318999,1.0,3,220295.0
2.359163633630152,48.28734147040373,7707,232.44184760183973,1,2468.2970993678014,1.0,3,461850.0
2.2738375911221183,48.15381053573431,77017,199.3672730656667,2,2535.249063009944,2.0,1,785116.0
3.227197040051878,48.7160028329361,7706,98.08677881937707,1,2515.5912267881854,2.0,3,325874.0
2.7105960337306123,48.822147874881175,77010,74.90973932780697,2,2535.7676266455924,3.0,3,202065.0
2.6836240458322824,48.45280194138876,77017,177.68059166952725,5,2535.249063009944,2.0,2,583271.0
3.1204426789472084,48.06211790085997,7702,237.4473556624451,5,2521.514844161584,1.0,3,570316.0
2.979193933712913,48.474091908910566,77017,175.78671589174633,2,2535.249063009944,1.0,1,330345.0
2.4517633804960384,48.24897689916136,77019,85.85068454201216,5,2509.836958318999,2.0,3,237162.0
3.031348870691104,48.64960703843228,7706,137.48836360046866,2,2515.5912267881854,1.0,0,338869.0
3.360262254006697,48.7106732859054,77014,143.32594715024769,4,2531.1992319512387,2.0,3,403331.0
2.998042008051888,48.28663491326047,7709,195.444024129584,1,2516.219162131406,1.0,0,382954.0
2.392289316137732,48.45723858126871,77016,173.479823729746,6,2489.955719107417,3.0,0,504180.0
2.7789790333413804,48.297335211842096,7709,165.8846795389401,1,2516.219162131406,0.0,1,370331.0
2.556708345789912,48.693983170065366,77015,182.94134075306664,4,2509.041371711664,2.0,3,405311.0
2.2763469925089974,48.1951518829602,7708,89.01933379109306,1,2479.8146622631675,1.0,0,162725.0
3.1235658335949195,48.67492118508603,7702,75.03928814896986,3,2521.514844161584,1.0,1,189226.0
2.1561628729768607,48.79991608537319,7707,65.14823857566186,3,2468.2970993678014,0.0,3,165820.0
3.044154433448155,48.261663414480566,77018,102.68597375343047,4,2529.770777288311,1.0,3,356287.0
2.5045905851043644,48.51902169357856,7704,175.32489209211042,1,2507.681546343389,2.0,0,461810.0
3.001954050761646,48.87707458166062,77010,133.13417384270804,5,2535.7676266455924,1.0,1,404803.0
3.15931739340718,48.33491231335166,77013,211.09305674212573,6,2550.4876935530483,2.0,1,844825.0
2.6780806138638766,48.33310936399627,7702,179.7092125146954,3,2521.514844161584,1.0,2,511430.0
2.7765206079023868,48.11344189309889,77018,181.5417836651606,5,2529.770777288311,3.0,1,558282.0
2.0319885737907737,48.55290227708811,7701,209.5593840893428,2,2534.5676313664776,0.0,3,531141.0
2.9143744655942423,48.64489058999851,77011,176.62174344115266,3,2522.5267076694745,0.0,2,623673.0
2.363458525499632,48.890757967008994,7701,119.808925004434,6,2534.5676313664776,2.0,1,430282.0
2.0795764348401486,48.46044130346327,77010,240.13340614333453,2,2535.7676266455924,0.0,1,432305.0
3.425821038723985,48.73529667880279,77011,132.7643005761365,5,2522.5267076694745,3.0,2,280699.0
2.301052313261559,48.40570952888236,77010,124.33349729926782,6,2535.7676266455924,0.0,3,363847.0
2.073419422878632,48.931883582696415,77014,174.24914025954143,5,2531.1992319512387,2.0,1,295635.0
2.946617546674271,48.58761190322239,77017,164.982527111695,3,2535.249063009944,2.0,2,567637.0
2.3998251806814306,48.34487378369321,7700,129.42716487129582,1,2500.6482553342094,1.0,0,439319.0
2.8321533502245595,48.76095811973307,77014,223.39883768312816,3,2531.1992319512387,0.0,1,807575.0
2.3604670266788497,48.61380640117543,7708,174.64800193994478,5,2479.8146622631675,2.0,3,451247.0
2.8990988330626504,48.198926985709846,77015,116.90870725999122,3,2509.041371711664,2.0,3,426260.0
2.251431020584507,48.43394114429701,7701,130.54893461859865,3,2534.5676313664776,2.0,1,224618.0
3.4568281849411733,48.72724231956998,7707,181.24946244249784,2,2468.2970993678014,2.0,2,591894.0
2.453701740477269,48.63498966159645,77014,85.54683774574224,5,2531.1992319512387,1.0,2,244763.0
2.314396824692282,48.66789254913864,77019,239.99422862567943,1,2509.836958318999,1.0,1,500078.0
2.60911443855055,48.8731593591894,7704,197.6799540108848,4,2507.681546343389,1.0,3,289728.0
2.4462682440811165,48.36150295729779,77017,221.924279586596,1,2535.249063009944,2.0,3,742347.0
2.627610055792954,48.1984689953893,77014,101.45085738138334,3,2531.1992319512387,2.0,0,292787.0
2.302866758290113,48.86970509439863,7706,189.9145472039357,5,2515.5912267881854,3.0,3,283322.0
2.557677090687941,48.70590261083042,7705,189.9862579082152,1,2469.326368602736,0.0,3,640349.0
2.046524154836301,48.56901219184385,7708,152.52414979260618,5,2479.8146622631675,0.0,3,322906.0
3.377353623884872,48.89923529925558,7709,167.3823843757611,2,2516.219162131406,1.0,2,555152.0
2.235235922936373,48.20559275085997,7705,61.62252805784184,1,2469.326368602736,1.0,1,201076.0
2.40489403931222,48.90216942913701,7701,214.230253031605,4,2534.5676313664776,2.0,0,446053.0
2.811946900413063,48.12237876617561,7707,228.57022731905212,2,2468.2970993678014,1.0,3,436404.0
3.2090764515466543,48.68631759574748,7704,206.7158847295365,5,2507.681546343389,2.0,1,534455.0
3.411159949534252,48.77591153280731,7707,230.49951450027703,6,2468.2970993678014,1.0,1,375160.0
2.208002263761251,48.75416849998864,7702,105.0257367222658,4,2521.514844161584,3.0,2,370839.0
2.169907455445503,48.906626565755374,77019,152.98359142786774,5,2509.836958318999,1.0,2,550095.0
3.055704974542383,48.931287881494775,77010,80.70708227423677,6,2535.7676266455924,3.0,1,274876.0
2.462815621919389,48.33775376763454,7704,74.45146288138163,1,2507.681546343389,1.0,1,243335.0
3.470048862928216,48.49261809399287,7704,109.06643377680209,5,2507.681546343389,2.0,1,199467.0
2.767616018851797,48.8724987823969,77011,110.21252633768938,4,2522.5267076694745,1.0,3,392898.0
2.972435792261124,48.27646123521436,7709,144.68416745886225,2,2516.219162131406,2.0,1,422587.0
2.792956549488449,48.905087495679794,7704,228.42152892173988,4,2507.681546343389,0.0,0,771084.0
2.628887147638421,48.887069762915736,7705,124.0870945896042,1,2469.326368602736,1.0,3,274335.0
2.259843638801301,48.66080841527155,7705,175.4197667016163,5,2469.326368602736,0.0,2,373196.0
2.6202752815678982,48.44285830957942,7707,84.93982010764549,3,2468.2970993678014,2.0,0,275618.0
2.26276536738685,48.10698859447316,7704,232.962368641103,4,2507.681546343389,4.0,3,492843.0
3.0679938129752697,48.71871093919231,7703,173.68199194844846,4,2494.7034077219337,0.0,3,472292.0
3.48022070606774,48.320279549835696,77017,163.81635986107602,4,2535.249063009944,2.0,1,384409.0
2.0241608867425827,48.40817748991488,77013,215.638399462474,1,2550.4876935530483,0.0,0,473495.0
3.0937929944458427,48.668364145721455,7709,87.78449691688468,3,2516.219162131406,2.0,0,234979.0
2.584337853921628,48.96703753604175,77019,128.20138437680532,3,2509.836958318999,2.0,3,448694.0
3.197798733149118,48.73323717630858,7709,231.5135415105992,5,2516.219162131406,3.0,2,683698.0
2.375832681446428,48.13456337528021,77013,205.3380138993481,4,2550.4876935530483,2.0,1,461036.0
3.148738320443665,48.196941173244895,7706,238.9209496039704,3,2515.5912267881854,1.0,2,381414.0
2.757147480064313,48.98052546938647,77011,219.34147326141263,5,2522.5267076694745,1.0,1,397055.0
2.833499079336373,48.69344259160081,77012,105.1093905117383,6,2528.438700180489,2.0,2,212971.0
3.2111656346322635,48.83788851065236,77011,145.26098431857298,6,2522.5267076694745,1.0,3,499247.0
2.417519292134433,48.86555660692784,77017,239.7360333974558,2,2535.249063009944,2.0,1,456109.0
2.3430114104950523,48.12992975186497,77018,210.7494127101097,4,2529.770777288311,3.0,2,400263.0
2.528756550601706,48.303713880871065,77013,61.42201037150298,1,2550.4876935530483,2.0,1,207234.0
2.419396964654194,48.259173897553865,77011,216.1017779051476,1,2522.5267076694745,2.0,3,728979.0
2.8767510671804457,48.16591890236876,77015,199.8324226379918,6,2509.041371711664,1.0,3,575629.0
2.2458758044153773,48.6688005990334,77019,119.83112024433684,4,2509.836958318999,2.0,3,284544.0
2.540260432356412,48.81407495929512,7705,156.3616506428531,6,2469.326368602736,1.0,1,390316.0
2.893033583765468,48.87220452899889,77018,166.9017894771389,3,2529.770777288311,1.0,2,444376.0
2.777975586838953,48.99526469726364,7705,176.10752536503975,2,2469.326368602736,2.0,2,313554.0
2.8003444502367003,48.23058710013538,7706,74.25538793289803,1,2515.5912267881854,2.0,3,159079.0
2.2228603516257808,48.82814951138069,77012,142.2352782398607,1,2528.438700180489,1.0,3,427865.0
3.210369465576169,48.3463043210894,77015,150.09302752659178,6,2509.041371711664,1.0,1,496446.0
3.399092909315004,48.003448064440335,7708,167.91451925257837,3,2479.8146622631675,3.0,1,400081.0
3.1841575982231825,48.17935335926455,77012,161.5072003553368,5,2528.438700180489,0.0,3,293278.0
2.433162912549833,48.34707713835144,77015,83.78792118753955,1,2509.041371711664,2.0,0,289530.0
3.02560231673214,48.79781432255306,77010,204.9237959541999,5,2535.7676266455924,3.0,3,446541.0
3.138206773246204,48.675837980616365,77017,68.69673367131819,4,2535.249063009944,2.0,0,189137.0
2.0333277230383704,48.988539987045705,7700,184.06485516250848,3,2500.6482553342094,2.0,2,436069.0
2.9392353495170163,48.43911885589858,77013,66.0044416243486,2,2550.4876935530483,3.0,2,231595.0
2.2182759505811376,48.877978382499656,7708,159.77923988120938,1,2479.8146622631675,2.0,0,414835.0
3.1234447262905976,48.356982429468665,7707,63.804413649115645,4,2468.2970993678014,3.0,2,150470.0
2.985769993933128,48.28850110667394,77015,194.3910574006684,3,2509.041371711664,1.0,1,591433.0
2.242488821180549,48.34783673151711,7704,104.64921772875807,1,2507.681546343389,1.0,0,227018.0
3.0778893914969805,48.93727154630309,7705,228.30089139419155,5,2469.326368602736,0.0,1,337293.0
3.1093159167334834,48.40129732077934,77010,222.01577205807712,6,2535.7676266455924,1.0,0,540917.0
2.739995625197232,48.19615922722327,7706,97.722819705158,2,2515.5912267881854,1.0,3,377233.0
3.005155912945335,48.83376686751206,77019,175.14915632361078,2,2509.836958318999,3.0,2,679166.0
3.4301043190731426,48.0602269449003,7700,162.0378498009751,2,2500.6482553342094,2.0,2,449088.0
2.954573227825699,48.36477053563223,7705,72.00684281777693,5,2469.326368602736,1.0,1,254045.0
2.103237424804307,48.93977812084494,7709,168.70320839393693,3,2516.219162131406,1.0,0,274746.0
2.9633495220124404,48.34460211307756,77019,115.43872205055888,4,2509.836958318999,3.0,1,457128.0
2.5959600228238853,48.53408148658641,7709,110.8539958079662,1,2516.219162131406,2.0,2,393636.0
3.499778170057718,48.53019985532701,7709,121.91983377683196,2,2516.219162131406,1.0,3,360747.0
2.176990642999146,48.345437425217305,77014,233.7006394049733,3,2531.1992319512387,1.0,3,644473.0
3.4942237218630217,48.40911727239509,77011,240.79662029238412,2,2522.5267076694745,2.0,1,967972.0
3.379410292580955,48.35691736959316,77019,107.51521199199216,5,2509.836958318999,0.0,2,220146.0
3.4287569774144515,48.267585419899646,77013,166.55711800227152,5,2550.4876935530483,1.0,1,516263.0
2.6937818856022187,48.47845774279313,77010,66.91056937304012,4,2535.7676266455924,1.0,0,178804.0
3.348480755426087,48.15282769925742,7701,125.45231437738514,6,2534.5676313664776,1.0,1,284257.0
2.508390790035301,48.08963267810993,77012,122.03315604191906,2,2528.438700180489,1.0,1,288340.0
3.1625071459783616,48.74861945715755,77012,149.32191258818972,3,2528.438700180489,1.0,3,558252.0
2.2798711609850533,48.65960216221424,7705,197.2067278448037,4,2469.326368602736,1.0,2,684727.0
3.257955573382594,48.39686321083073,7709,197.3839409640136,6,2516.219162131406,4.0,0,403513.0
2.5401264447404106,48.099271841417774,77014,78.93194648364546,4,2531.1992319512387,1.0,0,256189.0
2.8653887208118927,48.98105293020725,7709,64.4462775824616,6,2516.219162131406,1.0,0,185251.0
2.886363812649362,48.78330781058458,7702,170.31388792045524,2,2521.514844161584,1.0,0,433448.0
2.471347280219745,48.40135380929023,7700,229.91832250353067,4,2500.6482553342094,1.0,2,615168.0
2.202178677376157,48.49607547850053,7701,95.2172553871514,5,2534.5676313664776,1.0,1,286820.0
3.164663083526402,48.23940665129055,77018,192.6509769926945,6,2529.770777288311,1.0,2,482090.0
2.872837775644037,48.55829986810373,7706,65.1704541470374,2,2515.5912267881854,2.0,1,173353.0
3.4075336225514263,48.87507631160057,7709,174.0054719918835,1,2516.219162131406,1.0,3,410857.0
3.4187562222050856,48.939699409852885,7701,158.33366918827966,5,2534.5676313664776,0.0,1,252486.0
2.368504663591672,48.9239583782388,77018,80.25271911580167,3,2529.770777288311,0.0,2,164929.0
2.7735380552485625,48.63341270567946,77010,224.37742295096103,4,2535.7676266455924,1.0,1,590154.0
2.5272186452619736,48.37599443130579,7708,165.87676240306132,1,2479.8146622631675,3.0,2,600648.0
2.6310915447339296,48.86673790503397,7705,225.2356106745237,3,2469.326368602736,2.0,1,657682.0
3.051001517817804,48.2711257923917,77019,63.15756973448458,1,2509.836958318999,3.0,3,176389.0
2.8721127238122057,48.80964558457213,77013,212.36723716543227,1,2550.4876935530483,2.0,2,728057.0
3.239421136135128,48.45198208895437,77018,88.761909512921,1,2529.770777288311,1.0,0,256058.0
3.0585358957073363,48.30049660877423,7706,85.1772583891615,6,2515.5912267881854,3.0,0,234766.0
3.388168289277755,48.40723071840028,77015,131.59584855905166,1,2509.041371711664,1.0,3,305034.0
2.554387278147632,48.99572744578878,77013,228.4147818158425,1,2550.4876935530483,1.0,1,815710.0
2.5945693407330106,48.95912954478554,7703,159.98327211364898,5,2494.7034077219337,2.0,3,441259.0
2.646623069725236,48.40133594309943,77010,120.94523866412304,1,2535.7676266455924,2.0,0,251687.0
2.371010473728625,48.64061518354889,7703,159.0773313570797,1,2494.7034077219337,1.0,1,537159.0
2.818194351437933,48.68093838022463,77013,192.3774219119157,2,2550.4876935530483,0.0,2,554025.0
3.143024409067292,48.83206858788452,77014,142.13454993939865,5,2531.1992319512387,2.0,1,265421.0
3.254202303168111,48.49908330106452,7700,202.7192036926599,2,2500.6482553342094,1.0,2,645349.0
2.0834995892064923,48.98576760582481,77013,202.1326924278837,4,2550.4876935530483,1.0,1,367402.0
2.4855589212550564,48.75603478823382,7709,107.7870621899134,4,2516.219162131406,3.0,1,300455.0
2.262356440438117,48.54162576342256,7703,212.6423875469136,5,2494.7034077219337,2.0,0,549447.0
2.550467551670065,48.4061430432672,77018,171.06055582576624,5,2529.770777288311,2.0,1,540302.0
3.048858491653334,48.9854817505716,77013,112.97256285334572,2,2550.4876935530483,1.0,3,352981.0
3.078867074293514,48.22840556319305,7705,145.48947923575426,6,2469.326368602736,4.0,2,559207.0
2.1824159469478666,48.5356843634029,77019,149.42267800066094,5,2509.836958318999,0.0,2,453951.0
2.9716389386195527,48.28013015292375,77019,72.97859820128281,4,2509.836958318999,2.0,2,178914.0
2.575778310885472,48.46200471917141,7702,222.3833277457425,5,2521.514844161584,2.0,0,444346.0
2.645095670914487,48.0110141012051,77018,114.85937050997389,1,2529.770777288311,4.0,2,346509.0
2.795287001919556,48.393861317286905,77017,113.45259460255886,5,2535.249063009944,0.0,2,343907.0
3.4266193278819053,48.71507738937834,7705,85.6966539163821,5,2469.326368602736,3.0,3,174870.0
2.084226806832442,48.62613845101571,77019,157.7192082446251,4,2509.836958318999,0.0,2,351004.0
2.8483362248395805,48.64908060201888,7707,216.5941999288181,2,2468.2970993678014,2.0,3,749679.0
3.2471341199478387,48.74771152525352,7706,87.74501175330954,4,2515.5912267881854,2.0,0,203316.0
2.302042549129795,48.70042047433751,7705,165.50103281974685,1,2469.326368602736,1.0,3,530941.0
3.320054552387393,48.08085203303962,77019,63.55080644613993,3,2509.836958318999,1.0,3,236259.0
2.387781681851627,48.64422589635056,7701,160.0977188710379,2,2534.5676313664776,2.0,2,557971.0
3.4686136221718384,48.77799758626991,77018,120.20825504689329,2,2529.770777288311,2.0,1,360973.0
2.596796195297293,48.44970514488368,7700,138.06691098399,3,2500.6482553342094,1.0,0,320668.0
3.309653848413395,48.28894341796485,7701,83.94999570095732,5,2534.5676313664776,2.0,2,200953.0
2.8928912705552032,48.36564179977509,77013,100.93102034822428,2,2550.4876935530483,2.0,0,223559.0
2.5823715913350176,48.649145600160594,7702,104.03335170666816,6,2521.514844161584,1.0,1,386527.0
3.1005024108701624,48.441422613230976,7707,178.08907776060138,6,2468.2970993678014,2.0,1,403507.0
2.9994416502042367,48.20154469596567,77017,86.64228927788756,1,2535.249063009944,1.0,0,184004.0
3.465980457669465,48.58776846260609,7705,218.20378542800168,2,2469.326368602736,4.0,1,477325.0
2.2409047196444734,48.3406854235748,7702,149.07560202289585,5,2521.514844161584,1.0,3,327577.0
2.473692617048865,48.90632016183488,77010,185.9817875297061,6,2535.7676266455924,2.0,1,405563.0
2.9735349627212657,48.465462234080505,77011,214.8215092350229,1,2522.5267076694745,1.0,1,494156.0
2.374250009355917,48.00167380408368,7702,78.31430377394236,6,2521.514844161584,2.0,2,204817.0
2.045953538309215,48.75174187950594,77012,125.54098393058294,4,2528.438700180489,2.0,0,220720.0
2.72071144168968,48.47418501243856,77019,173.1295289238248,4,2509.836958318999,3.0,1,316567.0
2.4569115931498744,48.30239785171239,7703,133.2104778858294,2,2494.7034077219337,0.0,0,255330.0
2.9842214073022806,48.86949293275936,7709,91.10159993673706,4,2516.219162131406,0.0,2,305181.0
3.312257156694383,48.24030345021913,7706,99.21968746963968,3,2515.5912267881854,4.0,0,291533.0
2.326125251382885,48.223675212054935,7708,79.7248334932734,5,2479.8146622631675,2.0,1,210861.0
2.472457898611079,48.46361971766803,7706,228.42946092814893,3,2515.5912267881854,1.0,3,712944.0
3.010129302143555,48.27060869589341,7703,202.9377483230557,2,2494.7034077219337,1.0,0,465063.0
3.412363040485992,48.11828027265982,7705,196.5985990081172,5,2469.326368602736,0.0,1,460731.0
3.393891462796838,48.3034532164496,77013,81.76360692143163,3,2550.4876935530483,2.0,0,281127.0
3.149204444021229,48.31582125628356,77013,194.4350379166418,1,2550.4876935530483,0.0,1,476062.0
3.206952993639985,48.26715077404026,7705,149.76389304079976,6,2469.326368602736,1.0,3,340544.0
3.3696074768948527,48.94915421843888,77016,203.69576351581847,1,2489.955719107417,2.0,1,782502.0
2.6044292898801378,48.48249121496444,7705,230.44396436662944,1,2469.326368602736,2.0,0,548772.0
3.016628690409924,48.3486747715076,77010,193.2378921790583,6,2535.7676266455924,2.0,1,317176.0
2.777746670270554,48.814803729061495,7706,106.72552586954752,1,2515.5912267881854,2.0,2,216334.0
2.566309828117938,48.84683199173547,7709,193.77525130517617,5,2516.219162131406,2.0,2,635391.0
2.361561496633521,48.20245326398991,7701,133.1058547788789,3,2534.5676313664776,4.0,2,320623.0
3.300951197788395,48.39530955354752,77019,68.80263441593482,4,2509.836958318999,2.0,0,178079.0
2.949470294421542,48.288201178794594,77015,189.884724953002,3,2509.041371711664,0.0,1,636416.0
2.876599298551173,48.66671875962516,77016,82.73729712399717,2,2489.955719107417,3.0,1,173303.0
2.3800293412620555,48.6894759936328,7706,201.91423493851104,4,2515.5912267881854,2.0,2,742998.0
2.385941919931976,48.17530421446181,7707,82.66503393906302,2,2468.2970993678014,2.0,2,198136.0
3.4246790164081413,48.50864383827881,7703,69.14949070756384,1,2494.7034077219337,1.0,2,225415.0
2.2912013598978813,48.35694797788979,7704,173.87677225655938,1,2507.681546343389,2.0,1,576971.0
2.162702411735025,48.039271667152526,7704,142.02307533206232,2,2507.681546343389,4.0,2,527865.0
2.305154712704137,48.12738641600034,77015,108.12175286931586,6,2509.041371711664,2.0,0,369168.0
3.443582714211064,48.75068037838098,77015,107.72406793721537,6,2509.041371711664,3.0,2,308063.0
2.8908481023928023,48.75209416885223,7701,216.44571421362025,3,2534.5676313664776,2.0,1,668138.0
2.800191637964482,48.89389258305096,7700,123.63206678484636,4,2500.6482553342094,1.0,2,361534.0
2.860905048128747,48.520165498183104,77016,131.91726513159605,1,2489.955719107417,2.0,0,462495.0
2.77467890351761,48.11476028452173,77015,221.64706458183616,5,2509.041371711664,1.0,0,696396.0
2.5017295614164583,48.04099398758504,77016,145.3380740847348,3,2489.955719107417,1.0,1,339116.0
3.206807868350215,48.57072713719295,7700,116.13985459847848,1,2500.6482553342094,0.0,3,281523.0
2.0751113306458246,48.81979833889976,77015,189.60517587510884,3,2509.041371711664,3.0,1,372807.0
2.958025340281446,48.10804291092107,7704,125.10848070276715,3,2507.681546343389,4.0,1,352549.0
2.3896662196858705,48.740269366472646,7705,218.98613872294592,5,2469.326368602736,1.0,0,537837.0
2.9866653787478503,48.257969779436735,7701,141.8865768452614,2,2534.5676313664776,2.0,3,306650.0
2.3203732767501384,48.34761837043279,77013,100.97681995066375,6,2550.4876935530483,3.0,2,262563.0
2.0094505936000027,48.37063667575164,77019,141.29615648916763,1,2509.836958318999,0.0,2,328531.0
2.7314143248386005,48.9236729919893,7708,120.38711311798887,3,2479.8146622631675,2.0,0,366123.0
2.580337083930288,48.983905744019694,7708,166.17135564843892,2,2479.8146622631675,1.0,2,382286.0
2.9256463716166947,48.51423234342935,7705,229.68879126614,5,2469.326368602736,5.0,2,742181.0
2.7079303165995667,48.752495484531686,7703,111.09315672763135,5,2494.7034077219337,0.0,3,346450.0
2.594612754949136,48.9097697571435,77010,200.6699898814261,2,2535.7676266455924,2.0,1,465155.0
2.9905037457711914,48.5227094540676,77016,225.9386123898732,6,2489.955719107417,1.0,1,321497.0
2.172763456371388,48.95800681852928,7707,231.6450028711889,2,2468.2970993678014,1.0,1,436099.0
3.4633958833968697,48.898130956384506,7704,220.43051283744825,2,2507.681546343389,2.0,2,552862.0
2.9229283983186694,48.9213815885614,77017,108.71010238026945,6,2535.249063009944,2.0,1,197449.0
2.0224636673493044,48.08126966535838,7705,111.71415964240708,1,2469.326368602736,3.0,0,180861.0
2.920449578005602,48.06466885949767,77018,76.40617928580056,2,2529.770777288311,1.0,2,207293.0
2.802602297635752,48.95174284660042,7704,172.4696382635105,2,2507.681546343389,3.0,1,383441.0
2.5728987540855304,48.33989210307717,7701,211.88789457147487,4,2534.5676313664776,1.0,3,604955.0
2.655700816896048,48.899482767838286,77017,170.9705150807408,5,2535.249063009944,2.0,2,319071.0
2.048533576330609,48.30924518183374,77019,106.70740269757022,6,2509.836958318999,1.0,2,372926.0
3.4042299079618594,48.479195072499714,77010,88.55704739365152,5,2535.7676266455924,1.0,0,205724.0
2.025030143207036,48.67102976613244,7708,222.8612923550189,4,2479.8146622631675,1.0,0,469228.0
2.927871014943247,48.223411874600615,77012,238.22983008960657,1,2528.438700180489,0.0,1,595947.0
3.007555138518806,48.32669723169821,7708,113.53262791570444,6,2479.8146622631675,1.0,2,272676.0
2.144217834539453,48.96842970848992,7703,233.2615259698072,4,2494.7034077219337,1.0,2,623053.0
2.3133365513651074,48.06706562854138,7701,149.75599407947922,2,2534.5676313664776,0.0,1,412092.0
3.3792291861743733,48.74881494346104,77010,80.59035045976654,1,2535.7676266455924,3.0,3,223218.0
2.416779164134568,48.276319108465856,77019,208.3892197868484,2,2509.836958318999,2.0,2,412351.0
2.966891478840044,48.34463647541206,7706,188.03297433629905,1,2515.5912267881854,3.0,1,586802.0
2.2962376997521914,48.21608958042098,77013,226.26165604305663,2,2550.4876935530483,0.0,2,698175.0
2.367037331945212,48.64394623870065,7702,90.06579812180988,6,2521.514844161584,1.0,2,208768.0
2.089440065670952,48.32008009883184,7704,83.75882481880453,4,2507.681546343389,2.0,3,183718.0
3.016465488934477,48.91155860925787,77011,184.8359836920893,1,2522.5267076694745,2.0,3,297904.0
2.605536260696323,48.54827012718805,7706,211.10857896909675,4,2515.5912267881854,3.0,0,516162.0
2.9543776684653045,48.57869109683876,7708,96.39143693707138,5,2479.8146622631675,2.0,0,267229.0
2.614971979034424,48.09976712262214,77013,171.1331850516454,4,2550.4876935530483,4.0,0,386430.0
3.357952497773857,48.54369406746636,7704,141.07754567425917,6,2507.681546343389,1.0,3,515335.0
2.3097464028225057,48.880795633147855,7708,97.48535308366309,2,2479.8146622631675,0.0,1,349243.0
2.478729339838949,48.94081305621334,77014,178.0234006038796,1,2531.1992319512387,2.0,1,370786.0
3.4365726862592365,48.0435127764319,7708,209.61379873102425,4,2479.8146622631675,0.0,0,617107.0
2.539567988220062,48.176106169757794,7703,71.31764932138911,5,2494.7034077219337,0.0,2,223483.0
2.86162852836278,48.01020676748535,7701,193.77622708051047,3,2534.5676313664776,0.0,3,352160.0
2.396460038276616,48.059604341138446,77014,168.38296447353076,4,2531.1992319512387,2.0,3,486257.0
2.8345380679713195,48.444485761121854,7701,142.91902090263733,4,2534.5676313664776,4.0,3,357464.0
3.3351951418049843,48.39165602050293,77010,232.23158542487124,6,2535.7676266455924,2.0,1,429116.0
3.157324902931726,48.06466554385057,7705,87.24991448264244,2,2469.326368602736,1.0,3,225132.0
2.687986939238556,48.64231965097574,77016,193.3699680227633,5,2489.955719107417,2.0,0,467119.0
3.1312405135887484,48.444920101326375,7700,73.69438286930362,5,2500.6482553342094,1.0,1,244430.0
2.9079839057556667,48.59854529290812,7705,208.30285855594812,3,2469.326368602736,1.0,1,520446.0
2.713203068174263,48.68932933152943,7704,122.39447158424328,4,2507.681546343389,0.0,3,297443.0
3.338668495470833,48.81194277840086,7709,138.87465920328583,1,2516.219162131406,1.0,0,502881.0
2.305522647526061,48.45200093805376,77019,234.9335702286841,2,2509.836958318999,3.0,3,468657.0
3.463685684195772,48.58359445881817,77017,126.08822065351252,1,2535.249063009944,0.0,1,264045.0
2.53511779778347,48.24020152585395,77017,219.52035800041884,1,2535.249063009944,2.0,3,633522.0
3.2007374047706216,48.63093042446405,7706,162.1393948940542,2,2515.5912267881854,2.0,2,548911.0
3.21184867325774,48.24584764800036,77013,123.71420864167324,6,2550.4876935530483,0.0,0,325843.0
2.154419217050429,48.7190228204336,77018,178.69312718725553,6,2529.770777288311,2.0,3,427860.0
2.065786968009585,48.30985723494622,77018,231.10575612048729,5,2529.770777288311,1.0,1,844727.0
2.134783433781432,48.29469360856705,7707,221.6172045337285,4,2468.2970993678014,2.0,2,833955.0
2.566190079008745,48.72131468569079,7703,206.0381822555604,1,2494.7034077219337,1.0,1,748143.0
2.164666842586088,48.64751898729904,77013,87.41332363086235,2,2550.4876935530483,3.0,2,256221.0
2.2691136262874347,48.046724972243766,7703,135.46176273817784,3,2494.7034077219337,3.0,1,193555.0
3.485503622550856,48.583804921001104,77010,225.65395470782704,2,2535.7676266455924,2.0,0,884568.0
3.3433747849867723,48.23647371736631,7706,237.15704426785743,2,2515.5912267881854,0.0,3,713103.0
2.678922874442934,48.00499211789798,77016,89.60701282768011,4,2489.955719107417,1.0,3,334600.0
2.7284204627752646,48.49799164994348,7703,224.58223747322216,6,2494.7034077219337,0.0,1,440107.0
2.9150050297458394,48.74521940826584,77019,136.05688500931964,2,2509.836958318999,1.0,2,282878.0
2.594050446979282,48.45664573103015,77011,157.41643028397718,5,2522.5267076694745,3.0,1,465834.0
2.6124400906838243,48.353618029202494,77014,103.16031861141362,1,2531.1992319512387,2.0,0,282771.0
3.272033899357454,48.188761638870446,7702,166.05192734332587,5,2521.514844161584,2.0,2,560562.0
3.1253888092080127,48.907263655530855,7708,92.6493012540106,5,2479.8146622631675,1.0,2,188260.0
2.699489087367006,48.7188476319213,77015,148.11817376904264,1,2509.041371711664,0.0,3,257168.0
2.327904017845152,48.60025639323609,7705,220.4822506544532,5,2469.326368602736,1.0,1,548094.0
2.6631961134055704,48.75684926550165,7708,64.99794878461734,5,2479.8146622631675,1.0,0,192095.0
2.7318230482855936,48.08699974645013,77017,179.87312205637647,2,2535.249063009944,2.0,3,484107.0
2.3948717092726883,48.5177810561041,7705,176.44725082988674,2,2469.326368602736,1.0,2,346040.0
3.1110992386022103,48.76601311140556,77019,211.6760457813118,4,2509.836958318999,1.0,3,395460.0
2.453956455936717,48.8298089893784,77018,219.23025018243368,5,2529.770777288311,1.0,1,361352.0
3.2324434858784934,48.18474413490598,77018,114.24334993056996,6,2529.770777288311,1.0,0,319475.0
2.18853577034681,48.70495142868692,77015,152.0935241486158,4,2509.041371711664,1.0,3,535460.0
2.330367473084568,48.86091549421943,7709,78.91438285313656,2,2516.219162131406,3.0,0,171641.0
2.581396318201782,48.53693329546104,7708,196.7353384324444,4,2479.8146622631675,2.0,3,313094.0
2.303123694110306,48.68907433414985,77014,146.11404223750006,6,2531.1992319512387,2.0,3,435852.0
2.9061389306201906,48.608657323939696,7708,234.4867894090987,1,2479.8146622631675,1.0,3,622201.0
2.7932110975616378,48.36632319068614,7708,199.80575611882097,5,2479.8146622631675,3.0,3,512869.0
3.417814040391641,48.88739837755652,77010,97.63860861611042,4,2535.7676266455924,1.0,3,196453.0
3.0350645231182485,48.335448875345904,7706,214.1901150403956,3,2515.5912267881854,1.0,3,723206.0
2.6011069266057416,48.120559966036886,77014,148.16493789984702,2,2531.1992319512387,0.0,0,417670.0
2.186195568380441,48.19526378105024,77019,148.55101946285362,6,2509.836958318999,2.0,1,267001.0
3.2864361411980005,48.8543598154109,77011,236.6922363588928,3,2522.5267076694745,1.0,2,770452.0
2.6583960832623594,48.621056323044826,77013,159.5905706854643,5,2550.4876935530483,1.0,2,339440.0
2.456020973269932,48.569341361475495,7706,142.55094178291677,4,2515.5912267881854,3.0,2,532313.0
2.2231147878323747,48.11484527686461,7704,209.00691152021955,5,2507.681546343389,0.0,1,830194.0
2.1340370066158894,48.30423473281676,77014,213.12164274744865,1,2531.1992319512387,1.0,2,458336.0
2.163179913326841,48.472914044534136,7705,172.6267368722311,5,2469.326368602736,2.0,1,287976.0
3.230924794641693,48.37686948839532,77017,197.3249342047364,5,2535.249063009944,2.0,2,342883.0
2.9088002712678325,48.38310416684424,7702,179.628886470192,4,2521.514844161584,0.0,0,331686.0
2.9959933756170862,48.42238264691488,7707,190.9322866800652,6,2468.2970993678014,3.0,1,280207.0
2.7576115291018746,48.90475468216932,77012,85.27561373870664,6,2528.438700180489,1.0,1,301918.0
3.255547636674531,48.035214203542665,77017,210.9127340881733,5,2535.249063009944,2.0,1,607390.0
2.8368268739855247,48.208752592667125,77016,179.8482192194459,4,2489.955719107417,2.0,2,608056.0
3.11942533775475,48.86566583095421,7704,190.59767309181512,5,2507.681546343389,1.0,1,515945.0
3.289620356330594,48.83379507464829,7705,138.63215563720405,1,2469.326368602736,2.0,3,320430.0
2.214009508965084,48.55143840824512,77012,115.42937869959678,4,2528.438700180489,0.0,2,235362.0
2.6749398690997497,48.042795499550586,7707,200.0516448821986,4,2468.2970993678014,3.0,2,611049.0
2.940542389122484,48.74777486889063,7707,208.510168118306,1,2468.2970993678014,1.0,1,387964.0
3.44580843713134,48.46784678258612,77011,203.6516115844216,2,2522.5267076694745,2.0,2,395115.0
2.4858079250308496,48.31002601646495,77013,200.95470341645253,6,2550.4876935530483,0.0,1,422819.0
3.309307217184383,48.04243972579174,7703,157.9211492923141,4,2494.7034077219337,2.0,2,352835.0
2.769434782547929,48.24457660048572,7704,153.2845465496107,6,2507.681546343389,0.0,1,339774.0
2.66367400742761,48.804367229117744,7707,157.15491347445197,5,2468.2970993678014,2.0,1,391189.0
3.441920886238944,48.56945604610603,7708,73.73928240817926,2,2479.8146622631675,1.0,1,190258.0
3.174521486070154,48.14506530214009,77010,96.96659883911076,5,2535.7676266455924,0.0,2,326655.0
2.6532433314152364,48.87079167300794,7705,79.61298237313291,3,2469.326368602736,2.0,2,166022.0
2.240950418927826,48.17302386975116,77011,121.368039803605,4,2522.5267076694745,1.0,2,400789.0
2.8653558269395387,48.49251769381886,7700,232.15876966652527,5,2500.6482553342094,3.0,0,407449.0
2.069143687360481,48.36170150525582,77019,225.1500766244145,1,2509.836958318999,0.0,2,420964.0
3.333840337377481,48.98956328182914,7709,227.63120814820525,6,2516.219162131406,1.0,0,550328.0
2.06664907349159,48.930216496747725,7700,147.452328697012,6,2500.6482553342094,0.0,1,296038.0
2.1347591318081345,48.34518517157118,7706,173.18514172908783,3,2515.5912267881854,1.0,0,596970.0
3.1557276729003902,48.72090896101182,7701,138.2797475546953,3,2534.5676313664776,2.0,1,392236.0
2.167150001667516,48.943389473298986,77019,219.47255642901408,4,2509.836958318999,2.0,3,444209.0
2.185586550906523,48.328637268077735,77010,128.68204434497133,1,2535.7676266455924,1.0,2,410292.0
2.085419566623862,48.15684291972757,7706,138.87169525145703,5,2515.5912267881854,3.0,1,375485.0
2.631852322850892,48.58606669266113,7706,107.29360593878054,3,2515.5912267881854,3.0,0,151864.0
2.637470858544174,48.84007589487811,7701,145.6330081601878,4,2534.5676313664776,3.0,1,328711.0
2.583218335387237,48.3547894505172,77016,113.736921976272,5,2489.955719107417,2.0,2,261935.0
2.5058466242515496,48.72582192027728,7701,198.6184770016067,1,2534.5676313664776,1.0,2,549793.0
2.34763437793605,48.462490239610055,77010,237.5040486554212,3,2535.7676266455924,2.0,0,951187.0
2.050061312163095,48.49286009519493,7707,236.9825340758997,6,2468.2970993678014,0.0,1,372143.0
3.1137672997092296,48.58152273016493,7709,78.13573753519324,5,2516.219162131406,2.0,1,174639.0
2.440703043223261,48.8281251918569,77011,131.636908055008,2,2522.5267076694745,1.0,0,380028.0
2.525619875015296,48.91293100477469,7703,228.1224723622408,4,2494.7034077219337,1.0,0,651514.0
2.101457164510105,48.4146218990202,77011,160.81870908259273,3,2522.5267076694745,1.0,1,556360.0
2.8561467192344816,48.9025299324468,77016,120.1755087415036,6,2489.955719107417,1.0,2,327867.0
2.0329498676713715,48.03387414988319,7706,162.3634014990032,4,2515.5912267881854,2.0,0,424086.0
2.750669104282512,48.56764714382121,77018,146.5382958929788,1,2529.770777288311,2.0,2,256895.0
3.4004067802976663,48.87179749159132,7705,138.1932780901842,4,2469.326368602736,2.0,0,392113.0
2.309556516635349,48.979180545896725,77012,141.81241203513787,6,2528.438700180489,3.0,0,553103.0
2.7881703233353257,48.25024923099122,7707,141.02234878845317,4,2468.2970993678014,2.0,2,323346.0
3.2872166658475224,48.26902257036041,7701,226.81209622655248,5,2534.5676313664776,2.0,3,834338.0
2.397965546647401,48.50189408076674,77010,85.68921427988529,5,2535.7676266455924,0.0,1,190013.0
3.097950363906873,48.2298529337308,77018,110.19201878008175,3,2529.770777288311,1.0,0,263141.0
3.1688902573187803,48.00603998835682,77011,86.24793132307411,4,2522.5267076694745,1.0,1,286778.0
2.5328927197077924,48.38644865848362,77017,209.02526825690327,1,2535.249063009944,1.0,1,439785.0
2.5143655874803144,48.52079468909974,77016,186.64998755630256,1,2489.955719107417,4.0,1,513730.0
2.7484715077906423,48.65363644491005,77014,94.3474314197381,5,2531.1992319512387,1.0,2,312983.0
2.1691410389092955,48.345753591664185,77011,68.55797262942436,4,2522.5267076694745,3.0,2,170214.0
2.500486414660686,48.29831648539864,7709,119.23266801379032,6,2516.219162131406,2.0,0,311305.0
2.0639129214908603,48.21139369578445,77016,199.1495494521436,6,2489.955719107417,2.0,3,703490.0
3.005053119386661,48.82632347752079,7703,93.201145165987,4,2494.7034077219337,3.0,1,259072.0
3.464538208561628,48.62833160662645,77014,172.51514812468884,3,2531.1992319512387,0.0,0,289884.0
2.984448648616813,48.9273584045849,7702,171.4455182183942,6,2521.514844161584,2.0,1,418591.0
2.4156326596329984,48.8562625999085,7701,135.8673691915405,2,2534.5676313664776,2.0,3,529435.0
3.38902747578866,48.92267808589127,7707,120.5235172252554,2,2468.2970993678014,1.0,1,372423.0
2.52784844981373,48.22750273484276,7709,107.25275084662805,5,2516.219162131406,1.0,0,173629.0
2.386360784454604,48.86248471888977,7706,177.91704629889665,3,2515.5912267881854,3.0,1,613538.0
2.3587630618094044,48.56722009202229,77013,171.1770084325978,2,2550.4876935530483,2.0,1,360780.0
3.122398154397049,48.5412527557657,7702,118.70344092546274,5,2521.514844161584,2.0,2,192502.0
2.3931408457699304,48.90882721409693,7703,172.29903542277074,6,2494.7034077219337,2.0,1,363538.0
3.1611774344477537,48.19526882103409,77011,183.42281898535427,6,2522.5267076694745,0.0,2,670502.0
3.322222044400469,48.40993895098352,77012,221.507315221754,4,2528.438700180489,2.0,3,648933.0
2.0156409955497496,48.8243020442633,7706,123.57085010897524,3,2515.5912267881854,1.0,0,397148.0
2.7182653170283384,48.219302715393,7709,165.01176672003362,2,2516.219162131406,2.0,3,495571.0
2.013388365525389,48.17918049717582,7709,185.65106152817148,3,2516.219162131406,0.0,3,585936.0
2.0086379907471823,48.32458582990027,7706,116.40516216645337,4,2515.5912267881854,0.0,0,281440.0
2.776596417977303,48.02993418021804,77012,87.7366346213614,4,2528.438700180489,3.0,3,220579.0
2.3624514769185487,48.74253005108766,7703,76.56741607691126,2,2494.7034077219337,1.0,1,283317.0
3.298651603120468,48.72943266694789,77012,199.65870322116115,6,2528.438700180489,2.0,3,313292.0
3.435526225890102,48.78283637904141,77014,135.00523091607698,4,2531.1992319512387,0.0,3,297951.0
2.1149988913828555,48.05460524700682,77011,175.99851476425167,6,2522.5267076694745,1.0,1,361020.0
2.977625035378394,48.05967312822531,77011,83.57501091199362,2,2522.5267076694745,2.0,0,163767.0
2.7933505908771514,48.59451774551239,77011,128.70085959497607,2,2522.5267076694745,1.0,1,350853.0
3.4320188833645955,48.846445719723874,7700,135.94697774182703,6,2500.6482553342094,2.0,1,342738.0
2.2629544135364896,48.69000489082067,7704,123.37821439971808,1,2507.681546343389,1.0,2,261263.0
2.6729604362412225,48.32265754291889,77015,159.1928157212357,4,2509.041371711664,2.0,0,299332.0
2.468022414874486,48.53610872963355,7703,203.27787590847927,1,2494.7034077219337,3.0,0,428410.0
2.488553317366553,48.47257585304386,77013,96.88446638473472,5,2550.4876935530483,1.0,0,169706.0
3.046414738690152,48.45076137309413,77014,112.45944243032255,2,2531.1992319512387,3.0,0,210341.0
2.449930880290978,48.753350023792535,7701,119.71865542497956,2,2534.5676313664776,1.0,2,318337.0
3.0619790296032914,48.46573309169033,77014,80.34408083153232,6,2531.1992319512387,1.0,0,231707.0
3.2719837509850773,48.227153773024575,7704,122.5636892699732,2,2507.681546343389,0.0,0,341503.0
2.0966565122201377,48.1217109775976,7705,184.42156924052296,5,2469.326368602736,0.0,1,486258.0
2.2043747222111474,48.18054808371024,7704,232.00922628452767,4,2507.681546343389,4.0,2,523980.0
2.0327108530042213,48.67753719186017,77014,208.0580500863836,1,2531.1992319512387,1.0,3,698855.0
2.907825075702637,48.80560800683695,77011,102.92391535433023,1,2522.5267076694745,3.0,3,158572.0
2.2370627728813592,48.207855193376,7702,209.6784247142425,3,2521.514844161584,0.0,3,751171.0
2.7780981482963294,48.38820782982806,77017,126.97160688552114,2,2535.249063009944,1.0,1,358940.0
2.8621887231699503,48.11551301013519,7701,62.10149945276232,5,2534.5676313664776,1.0,3,236652.0
2.2122269048737166,48.16886707960294,7702,144.7454353228267,1,2521.514844161584,2.0,2,269696.0
2.465809570908934,48.19811413974646,7701,175.33651114296435,2,2534.5676313664776,3.0,0,462413.0
2.23971186155864,48.71723076972852,77011,138.36136872256316,2,2522.5267076694745,1.0,2,383579.0
2.474642130870872,48.75188542861896,7709,121.0944445224153,1,2516.219162131406,1.0,2,369177.0
2.4988602378149354,48.94488902621495,77016,62.92884210519746,1,2489.955719107417,1.0,3,193640.0
2.5537970981224944,48.50968767492232,7704,222.61174657137985,2,2507.681546343389,2.0,3,563960.0
3.481564584373974,48.17855703253159,77015,203.15492548468515,1,2509.041371711664,2.0,3,588058.0
3.0785949391839824,48.42948274908113,7709,138.7918202596568,2,2516.219162131406,4.0,0,261241.0
2.7469490910822354,48.86143646348327,77013,181.20904822706967,3,2550.4876935530483,1.0,3,448436.0
2.726505118529576,48.11793478005284,7705,113.3478717386746,6,2469.326368602736,1.0,3,398592.0
2.5095389277193805,48.71901944316289,77013,187.1392895516217,5,2550.4876935530483,3.0,1,313866.0
2.2385423246484204,48.21067208432795,7707,184.10896025765084,4,2468.2970993678014,1.0,2,399236.0
2.620026123788868,48.98664554290352,77012,92.01096806687308,3,2528.438700180489,2.0,0,330906.0
2.6584040074495725,48.9025892738072,7701,156.43467493837318,6,2534.5676313664776,1.0,3,456399.0
2.903175478032169,48.59140675942249,77018,197.8861280117904,5,2529.770777288311,1.0,2,437497.0
2.635103325250153,48.19544787497666,7702,206.9180770712616,5,2521.514844161584,2.0,0,549048.0
2.1619534763123003,48.57210222097231,7705,192.4801038180304,3,2469.326368602736,4.0,1,742038.0
3.126484131095635,48.86622631131357,77015,161.7188096294791,5,2509.041371711664,1.0,1,402759.0
3.0313020306566045,48.33353048462091,77016,116.12190800969168,2,2489.955719107417,3.0,0,370050.0
3.1962975712069563,48.11099709162932,77013,68.36634420213196,5,2550.4876935530483,0.0,3,158380.0
2.6838913525472505,48.67180142936295,77017,77.37565784468075,1,2535.249063009944,0.0,0,241101.0
3.2238714150516725,48.75746063130184,77010,189.73197152311687,5,2535.7676266455924,1.0,1,431784.0
2.484069441197577,48.77499308102282,7709,225.13233621216483,1,2516.219162131406,1.0,3,475556.0
2.34267949980778,48.50898748385417,7709,75.6421983186326,5,2516.219162131406,1.0,1,230050.0
2.7627876767766564,48.60685007518981,77011,160.16594180921334,1,2522.5267076694745,4.0,3,511601.0
2.1778521070490133,48.25878148080409,77015,132.54701253858656,3,2509.041371711664,3.0,0,274391.0
3.376989591652393,48.42061756199411,77011,213.80470881146263,1,2522.5267076694745,3.0,3,493049.0
3.060306907354492,48.58529811539003,7701,66.28585865748086,1,2534.5676313664776,2.0,1,181967.0
2.0492673241234964,48.99982375019686,77017,235.5653635305,3,2535.249063009944,2.0,1,375704.0
2.693443341500911,48.41176554158451,7709,86.78232922913617,5,2516.219162131406,1.0,2,171770.0
2.69314029634032,48.76110497702235,77018,210.617032789553,5,2529.770777288311,3.0,2,733279.0
2.164911181437064,48.73918239611729,77013,233.91732954401203,4,2550.4876935530483,2.0,2,469770.0
2.438422843786628,48.46718937180675,77019,219.01353941512212,3,2509.836958318999,1.0,3,471310.0
2.379853341160422,48.51946428732133,77017,120.77258873480444,6,2535.249063009944,2.0,0,353943.0
3.4654565819393914,48.64212914686426,77010,191.75871213316515,6,2535.7676266455924,0.0,1,657806.0
2.555183930716315,48.30764732461884,77011,92.89822662539586,3,2522.5267076694745,2.0,3,274476.0
2.034602728906788,48.6729397068521,7709,238.3380562747333,1,2516.219162131406,2.0,0,346935.0
3.0797235602406503,48.02979110327579,77012,169.6840622418937,6,2528.438700180489,1.0,2,535503.0
3.2694770191713105,48.73230077060818,77015,216.8110441199484,6,2509.041371711664,0.0,3,498674.0
2.4736278022085347,48.77218895549859,77010,154.10112482125828,5,2535.7676266455924,2.0,2,528923.0
2.29580369823198,48.71015483937735,77012,237.6965544125755,5,2528.438700180489,1.0,0,397910.0
2.1537642187112054,48.91828734715939,77016,97.96608528279486,5,2489.955719107417,1.0,3,282660.0
2.0784976869142264,48.4400801140652,77017,116.25678075042592,2,2535.249063009944,1.0,0,374082.0
2.4352598794089944,48.154548035781566,7704,197.76130206044547,2,2507.681546343389,0.0,1,684878.0
2.7913826895524223,48.712914204580166,7700,127.85011822101916,1,2500.6482553342094,3.0,0,272596.0
2.7897764924458244,48.85712806446585,77019,181.5349536142729,1,2509.836958318999,0.0,2,626201.0
2.557066541232881,48.04386655174612,7700,183.1490881693438,6,2500.6482553342094,2.0,0,701250.0
2.1794920140260987,48.4200257405239,7701,141.31339331293037,3,2534.5676313664776,1.0,3,322726.0
3.209684519336059,48.24006280160391,77012,199.15517659265896,2,2528.438700180489,2.0,0,495523.0
3.1658731845959656,48.60723941139437,77013,101.9138588992983,6,2550.4876935530483,2.0,3,350916.0
2.007294863914681,48.004214641064,77014,190.76377878323456,2,2531.1992319512387,1.0,0,349074.0
2.475794078321953,48.032840057018895,77017,156.44523078229133,2,2535.249063009944,2.0,1,519250.0
2.321331361293541,48.55823600202971,77011,182.3412345866641,6,2522.5267076694745,2.0,1,389999.0
3.429429800131757,48.64705405490598,77017,126.63102068222716,1,2535.249063009944,1.0,0,256680.0
2.58612643095918,48.44418213838212,77014,129.56257691856973,4,2531.1992319512387,3.0,2,302167.0
2.098222068080118,48.70937609845714,77010,180.1962824434201,1,2535.7676266455924,2.0,2,401688.0
2.995157250115482,48.39270981069721,77013,204.017155966864,2,2550.4876935530483,0.0,1,562562.0
2.523171690778197,48.77140030913888,77012,87.84599611160374,6,2528.438700180489,4.0,0,324842.0
3.0761989522731734,48.01984971413367,77012,204.88808654904764,3,2528.438700180489,1.0,3,466719.0
2.394865543241864,48.190252881326415,77010,108.20492397433397,1,2535.7676266455924,2.0,1,290541.0
3.295814332116935,48.22781738984708,77011,192.8391870624516,3,2522.5267076694745,2.0,2,638378.0
2.7783871929740016,48.53805973925837,7703,103.4103589579508,5,2494.7034077219337,2.0,3,331447.0
2.5645645942801867,48.149973100501406,7705,155.55872086783947,5,2469.326368602736,1.0,2,350747.0
3.179247373076388,48.16826463764617,7701,77.32763940714014,1,2534.5676313664776,3.0,2,232270.0
2.0913314733408743,48.75474638414136,77014,146.2405502334086,6,2531.1992319512387,1.0,1,349539.0
2.410902467718326,48.29857274670803,77014,188.5335965504385,1,2531.1992319512387,0.0,0,474528.0
2.241464768042208,48.29855831520617,77018,185.9763144050613,1,2529.770777288311,1.0,1,511183.0
2.3558704056116206,48.84853637261186,7702,161.95308555278416,2,2521.514844161584,2.0,2,388379.0
3.080824880157657,48.77087160314888,77015,132.02964695399044,1,2509.041371711664,0.0,0,235979.0
3.2744227097949907,48.460556726773866,77012,151.67044112295258,5,2528.438700180489,1.0,0,500740.0
3.368098370186021,48.05992568747367,7700,131.9457049530439,2,2500.6482553342094,3.0,0,492960.0
2.1272392707701626,48.46246308030386,77013,211.90237242402333,5,2550.4876935530483,4.0,0,365986.0
2.9746587246803906,48.738015856629545,77010,115.54525537567956,2,2535.7676266455924,1.0,3,369242.0
3.3273411121277867,48.16449653291732,7703,226.1318019751048,3,2494.7034077219337,2.0,2,769776.0
2.490776670215205,48.235173179720746,7703,236.6615482515823,5,2494.7034077219337,1.0,2,621843.0
3.363679457215063,48.26273081148493,77017,212.13161618078715,6,2535.249063009944,2.0,3,725140.0
2.103160899246069,48.58842434969519,77011,74.38789331011365,1,2522.5267076694745,4.0,2,197377.0
2.707380599688729,48.24382385260041,77011,153.04110801056748,5,2522.5267076694745,1.0,2,336915.0
2.0870458428254306,48.6957305280324,7705,190.77846864243816,4,2469.326368602736,2.0,0,415589.0
3.130277011383164,48.24038543557128,7709,195.3668760416423,5,2516.219162131406,0.0,1,389480.0
2.191823696624488,48.49440332134933,7707,196.9564630176541,2,2468.2970993678014,2.0,3,363453.0
2.082472813434322,48.08080905990536,7709,226.08082926644863,6,2516.219162131406,2.0,1,742777.0
2.159247212903003,48.02937333395151,7709,216.11592056257163,3,2516.219162131406,0.0,0,363688.0
2.068557236957881,48.2020178373224,7707,86.02337352376601,3,2468.2970993678014,1.0,3,218048.0
3.2559704886106084,48.63782261193405,7705,199.29187325869347,1,2469.326368602736,3.0,3,493680.0
3.268463137436632,48.63526498735908,77013,199.19641285567576,4,2550.4876935530483,3.0,2,574955.0
3.1714939715422585,48.2433028763446,77017,189.02312880562403,2,2535.249063009944,2.0,2,331534.0
2.5931226234720066,48.45231431283826,7706,164.43818541790284,2,2515.5912267881854,1.0,1,671737.0
2.252633089172538,48.41548262742656,7705,184.0751163082888,3,2469.326368602736,1.0,1,446900.0
3.2186494778685413,48.36811324238344,7701,98.1291867199656,2,2534.5676313664776,3.0,1,185924.0
3.4404338860480417,48.71172991626251,7701,199.29392571368103,6,2534.5676313664776,1.0,1,593143.0
2.624764921805549,48.88328025891887,77011,212.6976946108317,2,2522.5267076694745,4.0,1,583701.0
2.1403796243266475,48.68765766569896,77015,167.03357568068054,5,2509.041371711664,1.0,2,282498.0
2.8579353562311787,48.11152346468287,77015,134.7859649694782,4,2509.041371711664,1.0,3,313266.0
2.618608304638569,48.24733995823832,77018,210.5227206128844,4,2529.770777288311,2.0,0,687145.0
2.4838388549499024,48.42443388885758,7703,196.7053144590755,6,2494.7034077219337,1.0,2,568026.0
3.038163798233043,48.17730191751206,7707,149.137455389589,6,2468.2970993678014,1.0,0,373032.0
2.5484377754385927,48.46955204995284,77010,201.01556463009143,6,2535.7676266455924,1.0,1,509425.0
2.646985854535066,48.51555263613881,7701,133.2953826621722,6,2534.5676313664776,0.0,1,309244.0
2.597899494077684,48.27073373242173,77018,163.93534782064506,5,2529.770777288311,0.0,0,291742.0
3.351255470423485,48.718360218914384,7701,202.2574907063659,6,2534.5676313664776,0.0,3,756119.0
2.2438043371849994,48.68915308894798,77013,215.97273830781924,6,2550.4876935530483,0.0,3,808531.0
2.164430807927297,48.70461955875505,77014,129.37308085251175,5,2531.1992319512387,0.0,0,318111.0
2.3551658337679604,48.30738491591634,77013,228.18968224653304,5,2550.4876935530483,2.0,2,701729.0
2.8465088347732603,48.79291247421665,7707,203.9549471545648,6,2468.2970993678014,1.0,1,564700.0
2.364547718486324,48.95697883653914,77010,138.72829574717505,1,2535.7676266455924,3.0,2,279218.0
2.972392913308167,48.78072707858459,77018,213.20357457297897,3,2529.770777288311,2.0,0,607939.0
2.8090689770422146,48.77659089598332,7705,76.82795302676521,3,2469.326368602736,2.0,0,231499.0
3.0501063668607324,48.89657078324505,77017,155.49522450205097,5,2535.249063009944,3.0,1,486352.0
2.287390951854493,48.55153424964636,7704,194.84970280094012,5,2507.681546343389,3.0,0,406487.0
3.308491638920548,48.748416940686646,77012,124.68605164685025,4,2528.438700180489,3.0,2,268776.0
2.6054807492864964,48.89625299092606,77016,182.3154373116813,1,2489.955719107417,0.0,2,461640.0
3.093166908933872,48.76984482893947,77011,196.0115882162038,5,2522.5267076694745,0.0,1,553043.0
2.7094899909092653,48.71363730795875,7702,129.86166926604042,4,2521.514844161584,2.0,1,521188.0
2.691281762504598,48.09290647769048,77012,157.61632986232513,5,2528.438700180489,1.0,2,356953.0
2.7063862179966014,48.58708906316149,7703,166.63787392525546,6,2494.7034077219337,2.0,0,461270.0
2.025837650797908,48.72646316618616,77013,195.78188980293288,3,2550.4876935530483,2.0,2,643449.0
2.616056821778664,48.81045913489972,77013,156.60111210135938,2,2550.4876935530483,0.0,1,352927.0
3.172424096085895,48.37123661970708,7706,175.5112366463131,1,2515.5912267881854,2.0,0,629575.0
3.480186109573469,48.174712655425445,77018,144.80241290684987,6,2529.770777288311,0.0,3,320246.0
2.4428077214631907,48.07324729973865,7703,192.3186695565332,2,2494.7034077219337,3.0,3,501765.0
3.4295339972967778,48.43241046678142,77017,92.51517798042651,4,2535.249063009944,1.0,2,214298.0
2.865364302984127,48.65749422998494,77017,201.3924894647356,2,2535.249063009944,3.0,2,386922.0
2.14246626207476,48.33519343517205,7705,103.26275555090692,6,2469.326368602736,1.0,3,355613.0
2.711444753735172,48.059723288971945,77011,230.7984951043152,5,2522.5267076694745,1.0,3,587327.0
2.984920356217427,48.469645901144204,7703,155.4288353307968,6,2494.7034077219337,3.0,1,231863.0
2.423850915585764,48.4737305754959,77015,202.2906117554964,1,2509.041371711664,1.0,3,453811.0
2.3467105130147714,48.888991638556334,7706,184.58765017257468,5,2515.5912267881854,0.0,3,477458.0
3.278279062635817,48.02461227688303,7708,163.10851932342453,3,2479.8146622631675,2.0,0,579324.0
2.733839130305953,48.1280564975868,77014,196.37808548761348,5,2531.1992319512387,1.0,2,379234.0
2.9273218931703786,48.52712715972934,7707,209.63834493982927,1,2468.2970993678014,1.0,0,640649.0
3.47854038945231,48.51921459658202,77010,219.88692588620265,6,2535.7676266455924,0.0,1,384341.0
2.8277505895478794,48.04136906097667,77016,107.18489163176235,1,2489.955719107417,2.0,0,307079.0
3.266661008950443,48.74961623200858,77014,147.88159606529808,4,2531.1992319512387,4.0,0,373197.0
2.1756338472497334,48.86912635798871,77013,116.7757476775973,3,2550.4876935530483,2.0,1,203390.0
2.7003159590636843,48.40472122634455,7700,127.29421269163794,4,2500.6482553342094,1.0,3,479787.0
2.6935932310544635,48.37884940225896,7702,95.4755077066767,1,2521.514844161584,1.0,1,225393.0
2.536150266914665,48.834651167958334,77013,216.73270155124845,2,2550.4876935530483,2.0,2,544991.0
2.9180393957611184,48.5827323634328,7702,145.77143492195734,5,2521.514844161584,0.0,2,452410.0
3.102184176246592,48.08470458954787,77011,74.14366687392062,1,2522.5267076694745,0.0,0,184823.0
2.0402779310512136,48.44431126546674,7702,65.59095263513096,5,2521.514844161584,2.0,3,183202.0
2.081317616308989,48.72547803401549,77017,86.63143234271877,3,2535.249063009944,0.0,0,268745.0
3.2237125551262804,48.68489197376966,7701,234.65550808352623,3,2534.5676313664776,3.0,2,688893.0
2.6680532449503453,48.4816221514502,77013,101.78887585147864,5,2550.4876935530483,2.0,0,267720.0
3.18114645306761,48.28126881995728,77017,222.21880572098155,4,2535.249063009944,2.0,1,593445.0
2.3123221459061107,48.89912378098536,7706,143.68338254418364,5,2515.5912267881854,0.0,2,305656.0
2.556543098418787,48.76151011853625,77019,143.90478684747671,2,2509.836958318999,2.0,1,444196.0
3.327789037932731,48.10890803345049,77019,69.60069533321375,5,2509.836958318999,1.0,2,204754.0
2.182592286855421,48.31307278090996,77015,216.06574220377624,2,2509.041371711664,1.0,2,750274.0
2.98729611232005,48.12416018654781,7702,82.08669301108822,2,2521.514844161584,1.0,0,163777.0
2.896081237174561,48.69303894685001,77014,228.2157947436829,1,2531.1992319512387,2.0,1,377332.0
2.94669267797635,48.17557024676884,7706,228.1871514631908,5,2515.5912267881854,0.0,1,621575.0
2.48590444325689,48.47865652470005,77010,91.8395530784432,4,2535.7676266455924,1.0,3,244962.0
3.120510888203775,48.202705391255215,77018,181.6241463502372,5,2529.770777288311,1.0,0,602074.0
2.1805668668142024,48.2572941376221,77017,236.4445724993309,4,2535.249063009944,2.0,3,425411.0
3.4268209382891386,48.64885218904096,7700,115.15695468403882,4,2500.6482553342094,2.0,2,411706.0
3.251487193624098,48.57735340121967,77016,230.9511848976856,4,2489.955719107417,3.0,1,415394.0
3.239612957465429,48.50316825705516,7705,209.39677505468745,5,2469.326368602736,3.0,3,657860.0
2.198425562014408,48.114114757186776,77017,130.60130977338164,1,2535.249063009944,1.0,2,291054.0
3.4088105255975263,48.69727434637595,77014,102.36572020965946,6,2531.1992319512387,0.0,1,246784.0
2.6750740243330844,48.62902235575097,77015,198.08232277063047,3,2509.041371711664,2.0,1,610691.0
3.054507305748561,48.97194626037551,77016,168.6769954853762,2,2489.955719107417,0.0,2,469151.0
2.6248283792930307,48.05813127925298,7708,190.81938238914125,6,2479.8146622631675,0.0,3,399126.0
3.1320634679653487,48.66919138880764,77011,165.1173909298597,3,2522.5267076694745,1.0,0,546361.0
2.700279342922366,48.06815515565117,7703,212.376055424356,5,2494.7034077219337,2.0,1,466780.0
2.3603895092399227,48.52327524581818,7704,185.47197729839309,6,2507.681546343389,1.0,2,604949.0
3.0582523085523503,48.88131836206394,77011,179.45357245824118,5,2522.5267076694745,2.0,1,682259.0
3.074760486062945,48.91961059070314,7705,162.89062816737916,2,2469.326368602736,2.0,0,293295.0
2.832652530516307,48.96584429740881,7702,117.16881943710104,1,2521.514844161584,2.0,2,439358.0
2.259914864827384,48.452703240274765,77018,153.19998630455115,2,2529.770777288311,1.0,0,295303.0
2.336932554167642,48.17975926352696,7700,105.78274865427645,5,2500.6482553342094,1.0,0,243649.0
2.106206863892885,48.70533761092014,77017,74.83673119615352,6,2535.249063009944,2.0,2,282670.0
2.7376364857305964,48.30374523165575,77011,138.0939972687342,3,2522.5267076694745,2.0,3,318029.0
2.8446618882032952,48.04382758390241,7706,77.8768707276447,4,2515.5912267881854,2.0,3,273464.0
2.499930965496263,48.26382235364678,7702,163.17125602984862,3,2521.514844161584,1.0,2,633340.0
2.471126887191669,48.14825124115141,77017,133.03751864390227,2,2535.249063009944,0.0,3,488470.0
3.007934210742368,48.09946159745219,77014,85.35911084923522,5,2531.1992319512387,2.0,1,207838.0
3.366192395764924,48.8465543224654,7702,120.4489153027904,5,2521.514844161584,1.0,0,417044.0
2.346410499639589,48.430247826731375,77015,172.68718531669535,4,2509.041371711664,0.0,1,405747.0
2.164760427382693,48.77669026880763,7705,109.26937674704226,4,2469.326368602736,3.0,0,305765.0
3.188521225725545,48.32535768595575,7700,185.55083370028825,3,2500.6482553342094,2.0,1,394950.0
2.8350073548662715,48.988233862882346,77012,187.1894630740803,5,2528.438700180489,1.0,3,404549.0
2.034250002442376,48.10453683755514,7705,132.33882356347442,5,2469.326368602736,2.0,3,331504.0
2.428424113218348,48.52459211538987,7704,225.68566357677503,2,2507.681546343389,1.0,2,820765.0
2.115084240279328,48.16605252148154,77018,82.88499459934744,3,2529.770777288311,0.0,0,178341.0
3.498393363701416,48.690686356058336,77014,186.8044256399305,2,2531.1992319512387,2.0,2,711574.0
3.476178325739356,48.73625394796046,7708,152.42405355695615,2,2479.8146622631675,3.0,1,303614.0
2.915161883054352,48.488177675310816,7707,201.49997828754988,4,2468.2970993678014,3.0,0,354108.0
2.6280360162597463,48.967375928425,77018,150.72370207030298,3,2529.770777288311,3.0,1,358424.0
2.5797869514240768,48.56757680134313,7702,159.6488396674206,3,2521.514844161584,1.0,0,414705.0
3.270840528177046,48.78857467429092,77017,220.07184815784728,4,2535.249063009944,3.0,0,497547.0
3.4779960395472287,48.02685433533056,77013,134.2778532890481,4,2550.4876935530483,1.0,1,311450.0
3.056261693607514,48.6397068606101,7704,71.98092969421157,2,2507.681546343389,0.0,0,278779.0
3.0811933020319984,48.71404386245053,77019,75.35890707946885,1,2509.836958318999,3.0,1,174037.0
3.2913570204476734,48.734520876500746,7701,214.7954113510997,3,2534.5676313664776,0.0,1,688350.0
3.321334193070564,48.74216055335994,77011,234.88041192353825,5,2522.5267076694745,1.0,3,598443.0
2.4670127776397432,48.55230843000162,7700,169.86678837468344,4,2500.6482553342094,2.0,0,574744.0
2.401991958269236,48.35435087979824,7702,229.6070623686066,5,2521.514844161584,2.0,0,429651.0
2.3309454209443654,48.068520800415534,7704,230.79877571823224,5,2507.681546343389,1.0,1,641108.0
2.648949670244232,48.61152010956826,7703,159.2688768443541,5,2494.7034077219337,1.0,1,425450.0
2.244941123931648,48.52187384883232,7700,119.22077016239804,4,2500.6482553342094,3.0,0,324778.0
2.2289536869962667,48.3476766733145,7701,239.467020080628,5,2534.5676313664776,1.0,1,494220.0
2.6457701823986506,48.052307211712005,7701,195.56810476135843,3,2534.5676313664776,4.0,3,564833.0
2.6495011197489022,48.84134474167281,77019,127.46640370927116,2,2509.836958318999,2.0,1,351685.0
2.182941675093046,48.7645300187824,77015,185.22563987249725,1,2509.041371711664,1.0,3,383276.0
2.2631714852552736,48.99913612823919,77011,202.31213249885624,4,2522.5267076694745,1.0,3,455961.0
2.4766111606731074,48.46911797646754,7706,157.60379399437534,5,2515.5912267881854,2.0,0,373171.0
2.6342840438208714,48.29076758489895,7706,68.48948289560589,5,2515.5912267881854,2.0,1,190347.0
3.004732027559915,48.66159451982006,77014,223.4452962698421,1,2531.1992319512387,2.0,2,459276.0
2.0314911062771808,48.15593663915424,7708,198.9898669010305,6,2479.8146622631675,1.0,1,318359.0
2.44890447129529,48.838394622961786,77010,202.8978305065755,1,2535.7676266455924,3.0,3,484534.0
2.759053295695694,48.65772189742404,7709,117.01853778346852,3,2516.219162131406,3.0,2,367357.0
2.226031230501251,48.85159431930422,77011,234.2809326497593,5,2522.5267076694745,1.0,0,664321.0
2.426230812487524,48.50906935969353,7706,142.49091690707945,6,2515.5912267881854,0.0,2,505021.0
2.859673857053934,48.374238499932176,7701,226.6798871449688,2,2534.5676313664776,0.0,3,678585.0
2.467082126624177,48.29616183402764,77017,142.20713904175295,3,2535.249063009944,3.0,2,348613.0
2.532549765054962,48.73623606558859,77014,227.57330589492,4,2531.1992319512387,2.0,0,707834.0
2.8213722309576976,48.48147003946309,77011,138.7494928347279,2,2522.5267076694745,0.0,3,210435.0
2.9751396661322134,48.544221942274696,77019,228.23820569917885,5,2509.836958318999,2.0,2,570774.0
2.144960876247307,48.2741640376723,7703,209.8936529635148,1,2494.7034077219337,1.0,2,541633.0
2.941258194827556,48.873677114186336,77011,126.63524493582491,1,2522.5267076694745,1.0,1,408349.0
2.0375320925202884,48.75622586714475,7702,105.66262812257456,3,2521.514844161584,0.0,1,262238.0
2.8016561219310474,48.01002744279953,77019,112.55876686530696,5,2509.836958318999,2.0,3,376959.0
3.263262671816684,48.296162730260754,7705,186.3670589556309,1,2469.326368602736,1.0,3,282150.0
2.3657747806075435,48.885562225565934,7703,191.1254444908515,2,2494.7034077219337,1.0,3,452014.0
2.6831540697957026,48.9895550422584,77016,113.74101965687557,2,2489.955719107417,2.0,0,206942.0
2.4611538646026334,48.13888131546876,77012,200.82232982300707,6,2528.438700180489,1.0,0,309317.0
2.132385574001668,48.76699046483479,7704,168.6352235309549,2,2507.681546343389,3.0,1,349524.0
3.3865600708649746,48.91843598766712,77019,204.3479631671963,5,2509.836958318999,3.0,0,322721.0
3.494827735702148,48.77018144438853,7705,169.3674671470174,5,2469.326368602736,1.0,0,642393.0
2.271969428532762,48.69134634132754,77012,138.71707824788888,6,2528.438700180489,2.0,1,437701.0
2.1110862115093108,48.65043744505935,7708,107.69789301266889,6,2479.8146622631675,2.0,0,279230.0
2.9071624683048767,48.70657345454982,77018,221.7302518564243,5,2529.770777288311,2.0,0,819297.0
3.412622543346808,48.38827299079627,7705,84.26795227839459,4,2469.326368602736,0.0,3,177660.0
2.923021760942861,48.41194654861226,77011,132.12387772518315,4,2522.5267076694745,3.0,1,412765.0
2.7759934802955977,48.33180945756954,77017,66.26186702443194,3,2535.249063009944,2.0,3,249710.0
3.060728670773332,48.04675133103654,77016,196.4180714533648,5,2489.955719107417,1.0,2,299368.0
2.493578707805252,48.530183759816005,77014,78.88980912359551,5,2531.1992319512387,0.0,1,263063.0
3.449162337364477,48.89115103340665,77010,171.6333163574693,3,2535.7676266455924,2.0,2,413549.0
2.658554920022628,48.32420231064268,7704,138.74882780301573,6,2507.681546343389,2.0,3,339808.0
2.30180202026661,48.18543124140473,7705,188.31104877638504,1,2469.326368602736,3.0,1,392700.0
2.0973301930716977,48.52382525249809,7707,128.32557095324796,4,2468.2970993678014,2.0,0,198189.0
3.1116110655048184,48.018063815375065,7706,104.23188316472694,4,2515.5912267881854,1.0,1,330143.0
3.3995030383935427,48.05549208369818,77010,115.834299332534,1,2535.7676266455924,2.0,2,403609.0
2.1354348221206743,48.78111156036838,7705,111.26919378826278,5,2469.326368602736,2.0,0,208277.0
2.9197819208066047,48.655776366095296,77010,149.6759975473666,4,2535.7676266455924,3.0,3,405099.0
2.3056456837234944,48.085929040308535,77013,102.38252353977909,2,2550.4876935530483,3.0,3,398295.0
3.1274807766127104,48.08947115805607,7706,121.53936731957133,2,2515.5912267881854,3.0,2,431727.0
3.1956041201915184,48.624735708587686,7702,106.50703924103442,2,2521.514844161584,0.0,1,293406.0
2.121153664222456,48.61505570787261,7701,144.91517573869993,1,2534.5676313664776,1.0,1,417613.0
3.459697082542396,48.28654591771846,77010,202.82413243406984,3,2535.7676266455924,1.0,0,378051.0
2.6527729887872464,48.97340301081743,7700,172.69533422684856,1,2500.6482553342094,0.0,2,482564.0
3.466751861483776,48.132488557840304,77010,225.04922529515167,6,2535.7676266455924,1.0,3,803218.0
2.375572408441605,48.35520294748064,7709,142.1282528630729,2,2516.219162131406,1.0,0,389685.0
3.2137785308811795,48.25234520739527,77019,179.10794347861798,6,2509.836958318999,1.0,1,483764.0
2.154888214154124,48.05208790692715,7700,90.72542788272052,6,2500.6482553342094,1.0,0,254420.0
2.29202750945028,48.3652729420353,7704,83.76353549560812,2,2507.681546343389,1.0,0,243198.0
2.715005744239413,48.73629766621088,7704,95.53612370110632,1,2507.681546343389,2.0,1,176017.0
3.071062490931789,48.90716409021983,7704,94.16029240865544,5,2507.681546343389,1.0,2,294734.0
2.220653687244107,48.17311367658377,77014,119.3240673159944,6,2531.1992319512387,0.0,0,428749.0
2.464748336808662,48.20077264835442,77013,118.59418664026296,4,2550.4876935530483,1.0,3,388029.0
2.6967430679981392,48.83029838882497,7703,96.72327275237107,3,2494.7034077219337,1.0,2,232354.0
3.151436702218771,48.75072259526048,77017,181.06726178843547,6,2535.249063009944,1.0,2,403335.0
3.0035422523904254,48.69514975937942,7703,113.69264061444396,5,2494.7034077219337,3.0,2,423479.0
3.123447645721588,48.59842092447153,77013,147.98578154065268,6,2550.4876935530483,4.0,2,288003.0
3.370469842532008,48.49188813791398,77014,66.76436362792734,4,2531.1992319512387,2.0,1,212797.0
2.46445015071258,48.76397809767396,77015,93.03098945317214,1,2509.041371711664,2.0,3,350728.0
2.9958161920348942,48.55728127617018,77018,240.2749866290073,5,2529.770777288311,0.0,1,533585.0
2.3333856815228287,48.3449960142601,77017,163.6052699184372,4,2535.249063009944,1.0,2,531421.0
3.4690536849449867,48.28005631446818,77018,222.1625209028556,4,2529.770777288311,3.0,2,422258.0
2.852797518282392,48.72765891589034,77018,82.61901569272888,4,2529.770777288311,3.0,1,337186.0
2.2365098202951708,48.35853701624247,77012,60.54469063776514,6,2528.438700180489,3.0,3,190879.0
3.076315499563612,48.04442339694793,77017,236.6813914275431,4,2535.249063009944,0.0,2,633108.0
2.7255429999151857,48.70746893206496,7705,81.55464393666252,4,2469.326368602736,2.0,3,249534.0
2.033363073573457,48.4368729159803,77012,180.1764533726568,1,2528.438700180489,1.0,2,520364.0
3.0298030318344287,48.82196059946477,7701,115.95271708600086,5,2534.5676313664776,2.0,0,262026.0
2.5119957826024493,48.69515751048981,7700,165.77177745451007,2,2500.6482553342094,2.0,3,382600.0
2.146207986033628,48.8589273713588,7706,160.70256451267855,6,2515.5912267881854,2.0,3,484187.0
2.829982268906024,48.22894488404492,7705,85.87673071201476,2,2469.326368602736,3.0,2,166094.0
3.072864435681704,48.735688748670206,7700,138.03747829286135,6,2500.6482553342094,1.0,0,191994.0
3.308953703820253,48.82811682900634,77019,213.11046119738828,6,2509.836958318999,0.0,1,652828.0
3.4418856053861453,48.129599211150776,77010,206.2271766301403,2,2535.7676266455924,0.0,1,320923.0
3.173997466377064,48.4625857016749,7703,89.97186614263802,4,2494.7034077219337,2.0,0,301864.0
3.411162939196041,48.38915812762928,7708,190.90511624802383,4,2479.8146622631675,1.0,1,493370.0
2.0121699342800348,48.56667525781685,7705,193.04869643523435,4,2469.326368602736,3.0,3,452578.0
2.4018848892613254,48.98172480102693,77016,196.0071940273332,1,2489.955719107417,2.0,3,552081.0
2.386805005322013,48.09422237874751,7706,120.68298219840018,3,2515.5912267881854,0.0,2,407083.0
2.3605570552373383,48.96870209660829,77013,167.0209972313621,4,2550.4876935530483,2.0,3,504354.0
2.419842781011333,48.852567243329936,7700,219.58281499266548,2,2500.6482553342094,1.0,1,371901.0
2.0641986782098773,48.7391754246756,7703,108.13050039600203,2,2494.7034077219337,3.0,1,194573.0
2.864795977833176,48.97618804069192,7707,174.10973031835587,1,2468.2970993678014,3.0,1,270348.0
3.375440678139767,48.4223901187439,77011,205.93463574754543,3,2522.5267076694745,2.0,3,334401.0
2.687974847121614,48.67697675231103,7708,108.64402288168748,3,2479.8146622631675,1.0,2,249255.0
2.61543920441592,48.33295661437142,7701,238.356667375794,4,2534.5676313664776,2.0,2,830154.0
3.372839241033933,48.63445839999741,7702,163.54395259896518,6,2521.514844161584,0.0,1,430017.0
2.3257162367598783,48.10656288374105,7702,179.43993095808963,2,2521.514844161584,0.0,0,302008.0
2.2591838068500927,48.32739526951625,77010,60.52574902082175,3,2535.7676266455924,1.0,0,159240.0
3.2335112729048787,48.28364720005421,77018,179.32962437732618,3,2529.770777288311,4.0,2,507008.0
2.969411696470428,48.882318735358936,7704,144.76773623877295,5,2507.681546343389,1.0,1,482363.0
2.210989336221437,48.97169912197837,77011,112.31391357569736,2,2522.5267076694745,2.0,2,216784.0
2.766986815491689,48.636348125267055,7708,102.6407922741513,3,2479.8146622631675,3.0,1,208366.0
3.336059911747265,48.035789212781225,7702,206.87257087341777,1,2521.514844161584,2.0,0,535829.0
2.2667137888013937,48.9993640855693,77012,93.9956901114169,2,2528.438700180489,2.0,1,322403.0
2.9076439643807275,48.96687425245148,7704,203.3696490084571,5,2507.681546343389,1.0,3,353155.0
2.284943037956628,48.92472167948689,77010,114.1216660125521,5,2535.7676266455924,1.0,3,391113.0
3.072015306388132,48.383960126317376,7703,74.75651373788718,2,2494.7034077219337,2.0,3,198016.0
3.0535476532007872,48.5104348636309,77010,60.355175574616894,6,2535.7676266455924,1.0,0,185223.0
2.7309587807393143,48.42190060541821,7708,81.2176275327908,4,2479.8146622631675,0.0,2,279008.0
2.803579440080941,48.17820840297986,7705,187.1678288532982,6,2469.326368602736,1.0,3,603442.0
2.273670077486565,48.474706065746304,7706,61.06908390950225,1,2515.5912267881854,2.0,1,181889.0
3.396472323415755,48.86787602253207,7708,234.7786660083832,6,2479.8146622631675,2.0,3,519787.0
3.3687980756241416,48.49762736849021,7709,65.19715369452099,4,2516.219162131406,0.0,3,197202.0
2.7539739488046875,48.69234148585186,7705,148.81896055035224,2,2469.326368602736,3.0,0,413575.0
3.303370171485758,48.48294769365362,77013,159.82687736133715,6,2550.4876935530483,0.0,2,271428.0
2.7127899251111653,48.53274194540549,7706,228.53489695091227,4,2515.5912267881854,2.0,1,513030.0
3.4010914990425944,48.5899129928813,7709,129.57097239709518,6,2516.219162131406,1.0,3,313034.0
2.189397112346754,48.67617756207543,7700,108.2552261686847,2,2500.6482553342094,3.0,3,400405.0
2.07409944491301,48.05125440234938,77012,161.03542242284442,3,2528.438700180489,1.0,0,351197.0
2.4062249874489945,48.829031454453904,7701,142.59892007860083,1,2534.5676313664776,2.0,0,268460.0
3.398805902991358,48.56387228060808,77016,182.69300715871384,1,2489.955719107417,0.0,0,581088.0
3.272828671010768,48.79487985398349,7708,154.04036386780857,2,2479.8146622631675,1.0,2,281303.0
3.442195636239483,48.06074158128936,77012,118.20080973671568,1,2528.438700180489,2.0,0,402953.0
3.263795325188462,48.35705443201155,77016,84.59425627770489,6,2489.955719107417,1.0,2,310534.0
2.595623911750504,48.60164655617657,77017,112.49126514468932,6,2535.249063009944,2.0,3,254901.0
2.3996535298701933,48.44829710675358,77019,210.57970427214,3,2509.836958318999,3.0,1,586346.0
3.183547126119299,48.3726155739876,77019,97.37598974266554,6,2509.836958318999,2.0,2,210436.0
2.395335834697255,48.11931145925701,77016,238.82427978269192,1,2489.955719107417,2.0,1,721645.0
2.7537860986704192,48.9408706423694,7704,146.85764637301128,6,2507.681546343389,2.0,0,587958.0
2.887503230890256,48.012657828484166,77012,174.7736991138221,6,2528.438700180489,2.0,0,345881.0
2.55589564437534,48.42264496173471,77018,191.74442097378488,5,2529.770777288311,2.0,3,655433.0
3.2502681496124826,48.19564774655271,77010,213.24359267859893,1,2535.7676266455924,2.0,0,802677.0
3.092299760489464,48.17106775063753,77013,158.10502882831202,5,2550.4876935530483,1.0,0,468265.0
2.0201837126220066,48.042630913668496,7701,218.0788234970076,4,2534.5676313664776,1.0,3,413251.0
3.3175008919620383,48.30533960547873,7701,78.44483214174826,5,2534.5676313664776,2.0,1,192271.0
3.183327505331362,48.04851190189418,77011,153.8444146049311,1,2522.5267076694745,0.0,1,293799.0
2.208082648044872,48.95427670117752,7709,89.92785665937286,6,2516.219162131406,2.0,3,205626.0
3.3183543527769164,48.102021428156334,7709,98.80386135052797,3,2516.219162131406,1.0,1,378861.0
2.781653021441743,48.285648870718056,77016,147.17985452452882,1,2489.955719107417,1.0,0,295211.0
3.208074802042975,48.350806422045146,7702,72.92603459600151,2,2521.514844161584,2.0,3,165594.0
3.015336138209036,48.06537505222602,77010,94.19470840562472,2,2535.7676266455924,2.0,2,292899.0
3.149006683485524,48.23574366615007,77012,106.80286097901516,4,2528.438700180489,1.0,0,229004.0
3.313480081511879,48.108563144702806,7709,97.81841810586695,1,2516.219162131406,4.0,0,313483.0
2.8193714001962764,48.08947312281039,77019,199.6549683299688,4,2509.836958318999,2.0,3,389434.0
3.350768015656444,48.93398279566109,77012,129.9771866053033,4,2528.438700180489,1.0,1,523659.0
3.1381754262974835,48.64786680525636,77017,203.36288869914284,1,2535.249063009944,1.0,2,757772.0
3.429545627694854,48.18753114702605,77010,98.73111638489296,5,2535.7676266455924,1.0,3,328990.0
3.1625634632190964,48.13258170690357,77018,177.645328556278,2,2529.770777288311,1.0,3,452164.0
2.2742492569570585,48.178724104942205,7707,158.4203010716632,4,2468.2970993678014,1.0,0,363083.0
2.938883111571533,48.32471590431109,7704,127.39325295191098,5,2507.681546343389,2.0,2,207179.0
2.308619273069131,48.33935774367185,77012,197.4730795695061,6,2528.438700180489,1.0,2,481368.0
3.423607739966391,48.39900067860717,7709,154.21204671655727,1,2516.219162131406,0.0,3,312269.0
2.534176304098626,48.87845933530282,7701,143.27002303409986,5,2534.5676313664776,2.0,3,488429.0
3.215337332990466,48.71306564631964,77013,102.2844346635152,6,2550.4876935530483,1.0,3,237313.0
3.2284995560768377,48.13449424555554,77012,140.6146729615009,2,2528.438700180489,1.0,3,441066.0
2.1186503935313805,48.48915297504368,77017,194.30009092561244,4,2535.249063009944,0.0,2,446191.0
2.5423027784211545,48.7406774632379,77017,198.68786372673964,1,2535.249063009944,1.0,2,370071.0
2.767448892756159,48.07918523613643,77016,168.42552298603,5,2489.955719107417,3.0,1,421965.0
2.13594537970908,48.47750120726593,77015,78.48865304811355,2,2509.041371711664,2.0,1,218891.0
2.003867992847849,48.201707460128,77015,77.91828523611768,3,2509.041371711664,2.0,0,195610.0
2.2116227731665705,48.40639230827352,7704,135.4648706275064,2,2507.681546343389,2.0,3,385170.0
3.0282690321889056,48.02929631016542,7700,224.45734105438785,2,2500.6482553342094,0.0,1,434704.0
2.0094465898154605,48.59503443838528,7708,79.29967297428782,6,2479.8146622631675,4.0,0,242474.0
2.1920160703488527,48.14013039712853,7703,159.9197854506649,6,2494.7034077219337,2.0,0,253724.0
2.554814698313031,48.57705071772931,7706,180.2058882605924,4,2515.5912267881854,1.0,2,649203.0
3.195917761879,48.32174319835187,7703,84.20157752554682,2,2494.7034077219337,3.0,0,178222.0
2.4191792126172458,48.20640024108919,77015,103.23257316080296,3,2509.041371711664,3.0,0,275201.0
3.077505970170767,48.795941025682126,7705,209.4760404471401,3,2469.326368602736,2.0,3,547986.0
2.099069109051272,48.24192027406595,7702,120.3985010589234,5,2521.514844161584,1.0,0,241464.0
3.27282507434731,48.70984260047248,77017,186.2599006912961,4,2535.249063009944,2.0,2,580190.0
2.285188846533622,48.332596084395966,7701,116.5576760757977,1,2534.5676313664776,0.0,1,235080.0
2.0303917279945822,48.15153349604156,7707,158.37408132063626,1,2468.2970993678014,3.0,1,270459.0
2.217905219020893,48.40456464304594,77011,195.05213404547965,2,2522.5267076694745,2.0,1,515875.0
2.0570950252432745,48.51409451057685,7702,182.77389414766725,1,2521.514844161584,2.0,1,353500.0
2.4278268734970965,48.57735313075083,77012,110.01368363581253,5,2528.438700180489,1.0,1,216128.0
3.1467137132451586,48.068544611526754,7702,107.19139134481212,3,2521.514844161584,2.0,0,295067.0
2.77524654866942,48.67911725841897,77016,124.4975504578206,3,2489.955719107417,2.0,1,414334.0
2.1714666401830818,48.69900381228162,7702,87.79232288686593,2,2521.514844161584,2.0,3,195251.0
3.18473039036016,48.1422196544284,77015,102.68752777724242,6,2509.041371711664,2.0,2,256992.0
2.390948174615946,48.166304571406535,77016,199.23636157587416,3,2489.955719107417,1.0,0,558946.0
3.269331455897712,48.842304585553634,7702,148.1847530516586,3,2521.514844161584,0.0,0,375834.0
2.2144963267931583,48.66769776170647,7708,172.75763226584888,1,2479.8146622631675,0.0,1,322101.0
2.205306681266532,48.726871311392586,7707,172.33475953221813,3,2468.2970993678014,2.0,2,464732.0
2.9331734294026086,48.01036651306281,7704,87.97650495965956,5,2507.681546343389,2.0,0,345038.0
2.651416194388261,48.49255776321439,77012,198.6028471771352,5,2528.438700180489,2.0,0,643299.0
2.8116170496998114,48.58918469178112,77016,237.0502371704449,4,2489.955719107417,0.0,1,492271.0
2.842015027990824,48.22119171977174,7703,125.06094826907032,3,2494.7034077219337,2.0,3,342176.0
3.2813028396099,48.95407667846175,77017,71.30118063705247,6,2535.249063009944,2.0,3,247371.0
3.103264100796339,48.278903113788495,7707,143.9672890877992,6,2468.2970993678014,1.0,3,434933.0
2.431579617162261,48.58881131555597,77010,204.3502210145403,4,2535.7676266455924,1.0,3,739606.0
3.3499113576885886,48.013171297369055,77017,99.24542059222168,3,2535.249063009944,2.0,0,338762.0
2.089194260756426,48.51575644155795,77018,83.48853623644003,3,2529.770777288311,0.0,3,273300.0
2.232286361118232,48.37299983556687,77015,117.18360073000812,4,2509.041371711664,3.0,3,333038.0
2.3534789700893577,48.1099711145004,7700,122.15336374226528,6,2500.6482553342094,1.0,2,248202.0
2.720430301829159,48.6591069138152,7700,222.5774744875041,2,2500.6482553342094,3.0,0,706609.0
2.126818583918612,48.04424426901781,7709,98.29013055446606,2,2516.219162131406,1.0,0,307326.0
2.1433405594931494,48.72937624831955,7708,200.96507634955827,2,2479.8146622631675,0.0,0,418888.0
3.294264985121978,48.130466275118536,77014,184.5362241305822,5,2531.1992319512387,1.0,1,441640.0
2.5810388719769977,48.96455847704423,77018,151.31687283889454,4,2529.770777288311,2.0,2,467192.0
2.1295132126236496,48.91183111553046,7707,189.8323731039081,5,2468.2970993678014,1.0,3,690706.0
2.0439904770956443,48.26468935268465,7703,171.64597216917463,6,2494.7034077219337,4.0,0,461718.0
2.3847989264164675,48.563717679547615,7707,143.41189832792577,6,2468.2970993678014,2.0,1,350816.0
2.2551518692822548,48.31605129516887,77011,109.22865902260114,1,2522.5267076694745,1.0,0,390808.0
2.116304612616654,48.566627161679534,77018,239.59779202846312,3,2529.770777288311,2.0,3,422636.0
2.184250327504415,48.19753996997064,7702,97.69521455970732,3,2521.514844161584,2.0,3,274102.0
3.1789594134438457,48.36867122464863,7709,102.61453693366228,1,2516.219162131406,1.0,3,249889.0
3.142020496504768,48.77987523888816,77016,205.92787274118288,3,2489.955719107417,2.0,3,692069.0
2.6078031301721256,48.57147302520501,77012,153.59876981526324,4,2528.438700180489,3.0,2,276721.0
3.1435100903714406,48.2378488095188,77016,183.984083158587,3,2489.955719107417,1.0,2,670856.0
2.842474565759733,48.10080184843287,7707,91.40740383325544,2,2468.2970993678014,2.0,1,286484.0
3.10319484089141,48.66295865381372,7703,81.397376012367,1,2494.7034077219337,1.0,1,244049.0
2.7764214361369124,48.71790845392577,7708,95.23571635399014,2,2479.8146622631675,2.0,2,200719.0
2.661952256067633,48.71087942156749,77017,214.14578201573303,3,2535.249063009944,4.0,3,553296.0
2.1261914933890744,48.3931039075594,7709,167.42979384547107,1,2516.219162131406,2.0,0,356342.0
2.2687458774352263,48.89114009179351,7708,146.77881264830967,2,2479.8146622631675,2.0,0,222600.0
2.259248201026472,48.39228442254887,7709,73.5588509681977,3,2516.219162131406,0.0,1,174786.0
3.469262380004812,48.170216230277454,7704,80.02018416299906,5,2507.681546343389,2.0,0,321479.0
2.8790271812508106,48.06107867341163,77018,123.1455027907115,6,2529.770777288311,1.0,2,391867.0
2.375750057914913,48.82550781733341,7707,202.306167375828,6,2468.2970993678014,1.0,0,467599.0
3.3066608629232768,48.594337522933934,7709,183.3741920743533,6,2516.219162131406,2.0,2,672049.0
2.3243285146239696,48.63000620735374,7709,79.39231422480746,4,2516.219162131406,3.0,2,243476.0
3.180342064260433,48.664805565366905,7702,148.57938433788877,4,2521.514844161584,4.0,3,409205.0
3.002158747278108,48.540604384336376,77014,205.08119214504225,1,2531.1992319512387,0.0,2,727112.0
3.142438393548872,48.99571441449562,7707,90.10268973953772,3,2468.2970993678014,1.0,2,179968.0
2.778886626649032,48.77017212468079,7701,216.0963031104693,1,2534.5676313664776,0.0,1,495990.0
3.270136895881017,48.621874560982,77016,186.9029572176786,4,2489.955719107417,1.0,0,319445.0
3.117549866695525,48.89060347495345,7704,124.20905729325274,4,2507.681546343389,0.0,0,226409.0
2.831496532881882,48.54682364028735,77018,188.91150188737416,4,2529.770777288311,2.0,1,744608.0
3.072982777514276,48.614192962041614,77013,209.78951556355548,5,2550.4876935530483,0.0,1,543155.0
2.2010004930032423,48.56798873655852,77013,227.14816235545987,2,2550.4876935530483,2.0,2,426417.0
2.793658163228239,48.86871556970748,7700,133.3047977136158,3,2500.6482553342094,3.0,0,363562.0
2.423579774185722,48.38899601251303,77016,235.60314112708653,4,2489.955719107417,1.0,3,570559.0
3.213399706384571,48.80078827915722,7705,197.49261229673704,3,2469.326368602736,1.0,1,421128.0
2.15047173585442,48.36333282567266,77017,211.03660831297884,1,2535.249063009944,1.0,2,473477.0
2.467831104782927,48.05484695692667,77015,94.6942720484344,6,2509.041371711664,1.0,0,188121.0
3.431340191790948,48.908253584006765,77019,207.62763811938936,5,2509.836958318999,2.0,1,744044.0
3.488400549775249,48.48058431775399,7704,207.6903483347336,1,2507.681546343389,0.0,3,773529.0
2.94754182175782,48.82438825713834,7703,165.46565767932782,1,2494.7034077219337,1.0,2,396122.0
3.026048459733465,48.89103969312818,77012,208.24308044073743,5,2528.438700180489,0.0,0,559197.0
2.0610194631884737,48.87574019515438,7702,193.33833767066216,6,2521.514844161584,2.0,0,436115.0
2.7170250472471964,48.68398514330522,7701,140.38312925400697,4,2534.5676313664776,1.0,0,343471.0
2.086997979404192,48.96021608530899,77010,108.47271176003308,1,2535.7676266455924,3.0,3,348000.0
3.207084771264303,48.45342970065771,77018,170.04628000978005,1,2529.770777288311,2.0,1,397240.0
2.1175156804867235,48.475417336346666,7701,97.36965379121231,2,2534.5676313664776,3.0,2,201864.0
2.3095517925077327,48.96211385115391,77017,100.38821290658348,6,2535.249063009944,1.0,0,265356.0
3.036839374987048,48.42256421745531,7707,86.35288451629445,6,2468.2970993678014,2.0,3,250733.0
2.89422695762498,48.94576868358207,77017,184.9348791347048,5,2535.249063009944,0.0,1,632945.0
3.040891372231437,48.38183556489576,7702,170.8813423118533,4,2521.514844161584,2.0,0,446886.0
3.227775203302074,48.328322520965806,7702,176.76917462608264,5,2521.514844161584,2.0,0,430874.0
2.708294911460341,48.65927158790662,7703,205.42767488849287,3,2494.7034077219337,1.0,1,811515.0
3.34453847007084,48.14686929202536,7702,208.62800765659344,4,2521.514844161584,2.0,2,682782.0
2.612860505459274,48.29350282445932,77011,133.7771024020368,4,2522.5267076694745,0.0,0,261669.0
3.4453622219951283,48.06650675043666,77018,74.7530614811414,5,2529.770777288311,3.0,3,194044.0
2.721434691102749,48.38334928364395,7702,61.431725000470415,5,2521.514844161584,2.0,1,175880.0
2.2917186446843734,48.76905683269212,7708,148.95737720587266,1,2479.8146622631675,1.0,1,496120.0
2.526393632960156,48.796992569425136,77016,149.72477277631742,4,2489.955719107417,1.0,0,550837.0
2.489630475009216,48.951136701848974,7700,116.7730353861235,5,2500.6482553342094,2.0,1,380455.0
2.599259372716379,48.99289184351785,7709,235.9475162256748,6,2516.219162131406,2.0,3,525845.0
3.165508190743929,48.2528843078367,7703,106.60164422451746,1,2494.7034077219337,2.0,2,190610.0
2.196941027801992,48.38036830881381,77017,238.795277788675,6,2535.249063009944,3.0,0,950905.0
2.4735748414052345,48.68487065436468,77015,192.52718160627632,1,2509.041371711664,1.0,2,616622.0
3.379795633871569,48.86305989144971,77011,135.16972925853722,4,2522.5267076694745,1.0,1,332602.0
2.0064351040172954,48.69770833424636,7701,222.91082426896264,3,2534.5676313664776,3.0,1,506707.0
3.4517396040374115,48.64658453786655,77012,205.04540924992472,6,2528.438700180489,2.0,1,381531.0
2.884023039620408,48.65847821329522,7703,99.95561540519644,6,2494.7034077219337,0.0,1,245876.0
3.4411194541570334,48.53754014364035,7709,189.14390792959847,1,2516.219162131406,2.0,0,531330.0
2.469294741282695,48.93529709854533,7706,211.3694654663608,2,2515.5912267881854,2.0,0,542346.0
2.530723080839625,48.637945685116925,77010,85.57391811007892,5,2535.7676266455924,3.0,1,238290.0
2.071005183213737,48.86124896310072,77019,149.5040381117195,5,2509.836958318999,1.0,1,410747.0
3.432618861717512,48.629978419766616,77018,74.23831917061597,1,2529.770777288311,3.0,0,176698.0
3.4803914490293684,48.24251478226632,7709,125.41874443109984,6,2516.219162131406,1.0,2,231370.0
3.222828242581972,48.26030749376289,7704,98.35166782243384,3,2507.681546343389,3.0,3,279449.0
2.2999269853373407,48.13515336618865,7704,142.60611582645015,4,2507.681546343389,1.0,0,362944.0
2.3693659599351573,48.03081109826188,77013,223.5707297485852,6,2550.4876935530483,0.0,0,649593.0
2.5410283031017507,48.41844151117683,7708,226.9213931700394,6,2479.8146622631675,3.0,2,491202.0
2.7005183232011105,48.55910288087675,7703,116.1482307480787,5,2494.7034077219337,2.0,3,267866.0
3.12314612020662,48.9460312441225,7703,208.5682061595132,3,2494.7034077219337,1.0,3,344498.0
2.0873819767856983,48.66744569826559,7709,137.2070140313533,4,2516.219162131406,3.0,2,441681.0
2.420897010307355,48.06945765367289,7701,133.3440465635701,6,2534.5676313664776,0.0,2,419189.0
2.4535535506639072,48.72438406832905,7701,121.6772760391807,1,2534.5676313664776,1.0,3,239818.0
2.17977148554748,48.93920536314552,77010,68.09480232805194,6,2535.7676266455924,1.0,2,174261.0
3.3474195613156925,48.30444344899038,77012,240.2875087308981,1,2528.438700180489,0.0,0,541503.0
2.390790785181904,48.91471295764229,7707,99.56119664968487,1,2468.2970993678014,2.0,3,260539.0
2.9259753834945115,48.48130776740245,7707,176.93535514424082,2,2468.2970993678014,3.0,3,553629.0
2.5368669269266184,48.63394147169571,77013,164.2880281768508,1,2550.4876935530483,0.0,2,440377.0
2.105713404509293,48.52758831035365,77018,172.92641492318293,3,2529.770777288311,0.0,2,527411.0
3.358440776787745,48.00549140086955,7709,214.24828589062355,6,2516.219162131406,4.0,3,735185.0
2.942127500975234,48.95657477060432,7700,164.58744630450366,3,2500.6482553342094,1.0,2,350819.0
2.234271331758793,48.69772687550302,7705,230.8733307352605,5,2469.326368602736,1.0,2,348502.0
3.307593855063893,48.15419267981443,77018,188.48660608456245,1,2529.770777288311,1.0,2,607302.0
2.004346603325814,48.03107437424609,7704,103.9273796804818,1,2507.681546343389,2.0,3,199414.0
3.320349357977471,48.23613728777037,77011,223.9212173045736,3,2522.5267076694745,2.0,2,678888.0
2.520529771015708,48.17144480310975,77019,150.5409578425219,3,2509.836958318999,2.0,2,472048.0
2.021406701845467,48.90390200628372,7704,187.2473714879186,3,2507.681546343389,0.0,0,555463.0
2.8735642128365653,48.03036171806441,77014,105.5928327339176,6,2531.1992319512387,1.0,0,230356.0
2.890013828963879,48.54429473249111,7701,167.5888276655778,6,2534.5676313664776,3.0,1,520521.0
2.9184467973699624,48.19441381010553,77019,232.81544834707543,6,2509.836958318999,3.0,1,574857.0
2.95213148369816,48.19895490470619,7701,119.1866111198209,4,2534.5676313664776,2.0,3,469164.0
2.261079571517831,48.83459874096905,77016,153.217227488278,5,2489.955719107417,0.0,3,587084.0
3.488912722921875,48.76810729838158,77018,100.55236665938476,2,2529.770777288311,0.0,1,309012.0
2.548994612434904,48.82919514101594,7700,240.9657399978132,5,2500.6482553342094,1.0,2,529689.0
2.711506303619615,48.75537269055985,77013,102.9797389058874,1,2550.4876935530483,3.0,3,183832.0
3.1299811859443043,48.96468705713758,7707,220.01154018,1,2468.2970993678014,3.0,1,656202.0
2.5335178460464736,48.07436657514969,7702,221.39892493724025,6,2521.514844161584,0.0,0,441197.0
3.3915015638728643,48.78294812273455,7709,240.84690264618828,6,2516.219162131406,2.0,2,578289.0
2.5316661339189217,48.57106769710322,77013,66.65388852699341,1,2550.4876935530483,2.0,2,229512.0
2.7407181867034964,48.04539400139621,77018,89.39920354609455,3,2529.770777288311,5.0,3,228133.0
2.471243095755458,48.95797106648246,7700,154.4735470537992,4,2500.6482553342094,4.0,1,433108.0
2.789054064070938,48.58044323439833,77017,154.90090819379014,4,2535.249063009944,1.0,0,526082.0
2.604975072209109,48.00762953401962,7702,196.72009507488607,3,2521.514844161584,2.0,0,343739.0
3.2131921356034674,48.50035622861488,77011,115.73326492006645,4,2522.5267076694745,1.0,2,224343.0
3.4065231532392053,48.40552115520354,77010,105.65028836631365,4,2535.7676266455924,1.0,0,227468.0
2.519081759448111,48.50584637694205,77017,193.313438889344,6,2535.249063009944,1.0,0,470124.0
2.007601343199558,48.95399965455695,77014,174.1836359602495,5,2531.1992319512387,2.0,0,689368.0
2.4386803745874763,48.66460620637008,77010,228.73767566940137,4,2535.7676266455924,2.0,2,457374.0
2.60617427231924,48.555311557287055,7708,145.47898696082046,1,2479.8146622631675,1.0,0,246417.0
3.065366346154182,48.84206707199744,7700,80.76787414318481,5,2500.6482553342094,0.0,1,192082.0
2.947063966465065,48.27055925648799,77017,121.96049197738895,3,2535.249063009944,3.0,1,249775.0
3.1158556443738634,48.06738397412977,7700,120.68061662326974,2,2500.6482553342094,0.0,1,319653.0
3.1193823415253084,48.60461271350522,7704,95.37135679175334,3,2507.681546343389,1.0,3,178306.0
3.2323527514606973,48.62994007892304,7700,130.50797614841107,3,2500.6482553342094,2.0,2,295930.0
2.972852060178342,48.809559581175776,7706,159.61902359892747,2,2515.5912267881854,2.0,1,250477.0
2.0035415846144224,48.432126864261065,7705,168.43218109265695,4,2469.326368602736,2.0,1,362551.0
3.186391361646701,48.35589693732164,77018,162.82683026238033,5,2529.770777288311,1.0,0,441910.0
2.168842612743508,48.266372768333824,77019,171.93954339135485,6,2509.836958318999,2.0,2,624196.0
3.315324077923308,48.750147831390535,7703,177.84225514462236,2,2494.7034077219337,2.0,3,662134.0
2.4185786324770806,48.99267129523428,77019,93.40804120123104,4,2509.836958318999,0.0,3,204762.0
3.0241450402651573,48.096717007429326,7701,148.88529387138126,1,2534.5676313664776,3.0,0,365121.0
2.469382947131328,48.623192294829856,7702,104.2589386776398,2,2521.514844161584,0.0,2,357644.0
2.5857102107794843,48.20409167874066,77014,237.2562313727789,2,2531.1992319512387,2.0,2,352911.0
2.8796892685621964,48.26124513245358,7706,88.55901827195406,4,2515.5912267881854,4.0,2,268864.0
2.0718073788941065,48.66269106302447,77014,121.14696134691398,4,2531.1992319512387,2.0,1,367576.0
2.009457419478771,48.85523905752297,7709,148.80415293050208,5,2516.219162131406,3.0,0,285158.0
2.0726099834789564,48.47407864067716,77014,181.17045165210504,5,2531.1992319512387,1.0,0,345975.0
2.3617824364972364,48.67064867266796,7709,130.58120461651657,3,2516.219162131406,0.0,0,420086.0
2.5655808965025484,48.39332067038519,7701,155.70459354597344,6,2534.5676313664776,1.0,0,411561.0
2.758137942246172,48.01862829277772,7709,199.9258392297621,4,2516.219162131406,2.0,2,600634.0
2.6664578893068285,48.34050059301146,7708,236.58797538001247,5,2479.8146622631675,1.0,1,496081.0
3.043719210186323,48.85835880481372,7705,77.15505631033759,4,2469.326368602736,2.0,1,183722.0
2.336440224927568,48.66304719180342,77011,96.3125548042405,1,2522.5267076694745,0.0,0,150307.0
3.2239360345351,48.41024312716833,77013,149.59347825380914,3,2550.4876935530483,1.0,3,510307.0
2.623022103978305,48.76540443925422,7708,71.00967471809037,5,2479.8146622631675,1.0,1,217305.0
2.963047469231432,48.084139964995046,7700,126.34981917640556,4,2500.6482553342094,2.0,2,296742.0
2.4209292967466034,48.36557460661296,77016,178.5554256177249,3,2489.955719107417,0.0,3,595869.0
2.393581172695195,48.76306726562869,7709,73.62126725613206,5,2516.219162131406,1.0,0,162477.0
2.149596458515824,48.92195563013275,77012,125.50951644436194,4,2528.438700180489,2.0,3,340233.0
3.1772878391668167,48.27340629450393,7701,77.24680887098653,6,2534.5676313664776,2.0,0,168692.0
2.303701313143625,48.95904399687141,77011,186.9079814641324,5,2522.5267076694745,1.0,2,358767.0
3.0795838523739114,48.31556668230945,7706,66.03945350590641,1,2515.5912267881854,1.0,1,180124.0
2.979059662826689,48.37079158017826,77019,223.37601499957816,6,2509.836958318999,2.0,2,639308.0
3.3071597792235385,48.81513253480915,77011,176.78143016671413,2,2522.5267076694745,0.0,0,474492.0
3.2871307567977337,48.99792056969245,7705,106.94121217184146,2,2469.326368602736,1.0,1,302532.0
2.291136237293781,48.8517176389297,77011,102.50245009446938,6,2522.5267076694745,1.0,0,242380.0
2.642633683511806,48.1008882974158,7707,229.08604403323764,2,2468.2970993678014,3.0,3,539998.0
2.3590762952115854,48.27171203628277,77011,173.55610391707424,1,2522.5267076694745,2.0,1,514972.0
2.042943354403255,48.29044776964479,7706,101.89384742357907,2,2515.5912267881854,0.0,0,273475.0
2.682332543955816,48.21354112964014,77012,194.1591391975275,3,2528.438700180489,2.0,2,375650.0
3.277969456366497,48.44288664961419,7701,168.97630027090116,3,2534.5676313664776,2.0,3,598014.0
3.44905817022954,48.07769566772217,7703,190.571971954734,6,2494.7034077219337,2.0,0,643778.0
3.445578351514412,48.55053988427148,7700,173.213179054034,2,2500.6482553342094,2.0,3,351799.0
2.3611411979032297,48.55031218726048,7709,110.94699055932544,3,2516.219162131406,1.0,0,250851.0
2.303747206771146,48.72310597533538,7704,233.26893585898412,4,2507.681546343389,3.0,3,823617.0
3.0875496324340554,48.97732114965377,77012,167.90019868107174,3,2528.438700180489,1.0,2,606825.0
3.473499899855293,48.785480229954025,7709,147.9120018328084,4,2516.219162131406,2.0,0,323186.0
3.4338463088797844,48.40270772937529,77010,103.60052508882391,1,2535.7676266455924,0.0,2,222424.0
3.306518534387312,48.28450272804238,77013,208.70507151601905,4,2550.4876935530483,0.0,0,794099.0
2.053026231561041,48.0778001133221,77017,154.56788532086756,5,2535.249063009944,3.0,1,390867.0
3.276458208742999,48.10251843389398,77012,196.4129197958019,6,2528.438700180489,0.0,1,638023.0
2.6567947937262213,48.289133477879446,7709,143.59032581950126,1,2516.219162131406,4.0,3,507663.0
3.382270087861127,48.81207761100868,77014,61.29479260102434,1,2531.1992319512387,1.0,2,164661.0
3.2704317708398625,48.88856129564953,77013,168.16880900828397,4,2550.4876935530483,2.0,3,454739.0
2.694634520401711,48.86553225563566,77011,232.079415363042,1,2522.5267076694745,1.0,3,402288.0
3.021665320884124,48.70066466707088,7707,114.75064482655964,3,2468.2970993678014,0.0,0,357960.0
2.034228133374623,48.36354111388874,77012,161.4832809348489,2,2528.438700180489,2.0,0,613656.0
2.6276701845743418,48.344561907987874,77016,177.06105207898702,6,2489.955719107417,2.0,2,299425.0
2.014885731691753,48.46409515945351,77019,240.2807316079148,4,2509.836958318999,1.0,3,778358.0
3.357440930588334,48.4678099728164,7702,78.42200507361923,4,2521.514844161584,0.0,1,241809.0
3.248092276864243,48.27082065123944,77010,79.13045268234954,1,2535.7676266455924,3.0,2,273041.0
2.000144555997918,48.83515096422388,7706,125.85434831652115,4,2515.5912267881854,1.0,1,191907.0
3.490396048567565,48.48856305116538,77016,110.88123490130428,3,2489.955719107417,2.0,2,269280.0
2.9155445117272354,48.54640707421213,77015,152.27051669853466,5,2509.041371711664,2.0,1,233499.0
3.2232746893484783,48.81252042817281,77012,204.176767323781,6,2528.438700180489,1.0,2,483441.0
3.148152188755569,48.07597339580374,77012,175.99043637496797,5,2528.438700180489,0.0,1,506430.0
2.431769746409981,48.10323451506111,7701,174.88663814236116,1,2534.5676313664776,1.0,2,551027.0
2.4414689481485503,48.028912286538095,7703,213.3626232560835,6,2494.7034077219337,3.0,3,473817.0
2.746662751279772,48.81940136165782,77018,235.7597686356952,5,2529.770777288311,1.0,3,674676.0
2.851798168474259,48.31635733550611,7706,130.55773609807795,3,2515.5912267881854,1.0,0,410249.0
3.438500663565308,48.9822843793856,77011,147.93441382438505,3,2522.5267076694745,1.0,3,541418.0
2.2777198126091776,48.16338145646455,77016,148.0382682155506,6,2489.955719107417,1.0,1,376505.0
2.64116474060988,48.94448231350118,7706,119.7568280884567,4,2515.5912267881854,3.0,3,234863.0
3.0323760927508454,48.02333884804264,7705,182.4270876803381,2,2469.326368602736,2.0,0,547454.0
2.2534154301774603,48.87140836148472,77018,130.77214212709845,2,2529.770777288311,2.0,3,544734.0
2.586654315834324,48.69656991584864,77015,182.6199888044189,6,2509.041371711664,1.0,3,550107.0
2.5506609932335453,48.63925517081679,77010,111.5094368234956,3,2535.7676266455924,2.0,3,336253.0
2.988775083261099,48.00734736556943,77010,91.04491397514684,1,2535.7676266455924,2.0,2,294622.0
2.29047305535379,48.36027138526985,77017,154.15811214140433,2,2535.249063009944,2.0,3,323997.0
2.394490815430506,48.28097433751567,7704,211.4101877492914,1,2507.681546343389,1.0,2,463137.0
2.1735722425155126,48.52645111609064,7707,222.9610366933761,2,2468.2970993678014,2.0,3,384280.0
3.3319482788508346,48.15787171409441,7707,224.15655212780857,5,2468.2970993678014,2.0,1,661838.0
2.336059464990526,48.57553151620364,7703,206.71922582139703,4,2494.7034077219337,4.0,1,583923.0
3.1361305697825426,48.56118959312313,77011,95.46436746076031,6,2522.5267076694745,2.0,0,345922.0
2.515424519131198,48.97132752246072,77012,169.47667691718277,4,2528.438700180489,2.0,1,338544.0
2.8607413603757856,48.26530637012042,7701,196.1600020554281,5,2534.5676313664776,1.0,1,621593.0
2.6674251582568704,48.2113179455079,7702,96.31815130374063,2,2521.514844161584,2.0,2,173852.0
2.89440481772308,48.230008837287706,77013,146.47730015686966,4,2550.4876935530483,0.0,1,313290.0
3.1769598717033984,48.652828398222,77013,239.8368128241744,4,2550.4876935530483,2.0,1,711979.0
3.101243153054572,48.13111723586688,7707,108.98274422847416,6,2468.2970993678014,3.0,0,207101.0
2.7887708083596694,48.77223943061177,7702,178.7112402455072,2,2521.514844161584,2.0,0,372408.0
2.8055112325270377,48.8541359976505,77012,99.3285899033011,1,2528.438700180489,3.0,1,157185.0
2.99129863760262,48.676376835654914,7701,192.395516074751,3,2534.5676313664776,0.0,3,552949.0
2.853228097649742,48.55868144393723,77014,237.68078204188785,1,2531.1992319512387,2.0,0,438907.0
2.803264119938362,48.40280116927072,7704,161.6794727148827,6,2507.681546343389,1.0,2,283377.0
3.4560111713392354,48.59993103530648,77013,127.47889403082428,2,2550.4876935530483,1.0,2,326975.0
2.5110840612757115,48.36310996682036,77019,155.7971646629416,1,2509.836958318999,2.0,0,277508.0
3.1793509749062023,48.54036380578388,77015,127.4528275749155,5,2509.041371711664,3.0,0,369166.0
2.3003242570513285,48.63501347853151,7700,76.22261699343007,5,2500.6482553342094,3.0,1,271872.0
3.30737006060087,48.32163089333103,7703,166.4487824268889,6,2494.7034077219337,0.0,0,292513.0
2.1973988470168244,48.21601213346773,77010,143.3705703560744,3,2535.7676266455924,0.0,3,481956.0
2.131149046240464,48.63075499804077,77015,213.67638899673105,1,2509.041371711664,2.0,3,662802.0
2.8409901416242564,48.60348766659646,77019,197.4469054663344,2,2509.836958318999,2.0,1,481207.0
3.2656325659809404,48.32492279440664,77010,150.26707584468593,2,2535.7676266455924,1.0,0,340671.0
2.2196989769226594,48.38632163706537,7700,152.9697815142391,3,2500.6482553342094,1.0,3,348379.0
2.033721649802973,48.90823649377652,77016,91.16073942795258,4,2489.955719107417,4.0,2,230176.0
2.5969385400405653,48.87248026862453,77013,128.4866767326607,2,2550.4876935530483,3.0,2,385289.0
2.99854206884504,48.93693036315488,77010,212.16158334805,4,2535.7676266455924,1.0,0,531348.0
3.081801884791326,48.498332082399216,77013,219.33733966834544,5,2550.4876935530483,0.0,3,762066.0
3.226000027227774,48.34700191856701,77018,215.4385986071293,2,2529.770777288311,2.0,0,608232.0
2.669759087445874,48.43088450814722,7706,79.47006779841173,6,2515.5912267881854,1.0,1,194600.0
2.0042834902077145,48.61326368102008,77019,101.15678476386148,5,2509.836958318999,1.0,3,331369.0
2.079752658083931,48.58522020357962,7702,138.8829697783778,1,2521.514844161584,3.0,1,246739.0
3.143054181795052,48.090697536822816,77016,162.88060187846062,5,2489.955719107417,2.0,0,460155.0
2.992241116844009,48.8651652397956,7708,142.47804906199738,4,2479.8146622631675,0.0,0,468616.0
2.1677872972707126,48.41966944296286,7701,193.21543089927985,6,2534.5676313664776,0.0,0,557480.0
3.00945560589484,48.05394747683612,77013,237.98594534069943,2,2550.4876935530483,1.0,2,823189.0
3.44641593648358,48.28893874628097,7701,94.07590734532036,6,2534.5676313664776,0.0,1,280015.0
3.163985430043305,48.839188484827815,7709,148.4646098894018,1,2516.219162131406,1.0,1,534234.0
2.1009261390012943,48.73728238203476,77011,91.55390296186248,6,2522.5267076694745,0.0,2,207666.0
2.25538232408322,48.120410909716455,7709,142.20016534778512,5,2516.219162131406,1.0,3,461265.0
3.1038230723511,48.793479870425536,7701,215.94474799339284,3,2534.5676313664776,2.0,0,586422.0
3.4454064818130794,48.6072102716208,77017,154.8842433411044,5,2535.249063009944,3.0,3,268300.0
2.700173115846782,48.034461259425,77019,70.97079985514301,6,2509.836958318999,3.0,1,176485.0
2.3901398288865887,48.25294552488153,77010,162.14711233648532,2,2535.7676266455924,0.0,0,557751.0
2.3928627270116625,48.01060774758489,7701,221.3713260648705,3,2534.5676313664776,3.0,2,544974.0
2.1134916558561665,48.36154139875404,77012,166.51016371019924,3,2528.438700180489,1.0,1,433801.0
2.52766964914355,48.13575434119523,77014,99.79470614757857,6,2531.1992319512387,1.0,2,262457.0
3.047333937628231,48.36308308100664,7709,228.5618844645308,1,2516.219162131406,2.0,3,495367.0
2.283387600258687,48.25652042732581,7706,176.66828532478706,6,2515.5912267881854,1.0,1,297593.0
3.0287651694763125,48.65450805529291,7701,97.00635429514148,2,2534.5676313664776,1.0,1,171664.0
2.5490200877602267,48.88034819585199,7707,101.93307593455776,3,2468.2970993678014,3.0,2,330276.0
2.9858501887508964,48.440877000847806,77011,96.80092602825776,2,2522.5267076694745,0.0,3,163536.0
2.2845439624360084,48.76852079522842,7704,225.2075292733988,6,2507.681546343389,1.0,0,394130.0
2.1460389095978925,48.71141509828531,77019,84.72354718884475,3,2509.836958318999,1.0,2,266503.0
3.141334762978267,48.56076755623082,7706,135.26895272246983,6,2515.5912267881854,1.0,0,284720.0
2.5595932202876583,48.636326226019726,7705,83.25710426203909,2,2469.326368602736,2.0,3,173293.0
2.362395700158165,48.70573475260026,7702,67.93797550696132,4,2521.514844161584,2.0,3,189611.0
2.2133292541992784,48.04817658448671,7709,76.39918129195155,5,2516.219162131406,3.0,3,190861.0
2.260628893493441,48.655723672561656,77019,176.89169326389208,6,2509.836958318999,1.0,3,582170.0
2.963415456317427,48.13882501066949,77014,173.64147435371217,1,2531.1992319512387,3.0,0,610691.0
2.491349440883189,48.209892842305,7705,100.53898292626454,6,2469.326368602736,2.0,3,161092.0
2.4436482122391734,48.13809217404827,7704,196.87786332810185,1,2507.681546343389,0.0,2,633774.0
3.402637131437162,48.88686506782879,7708,88.25421028887982,5,2479.8146622631675,2.0,3,279189.0
3.4140864786411687,48.785189543148405,7707,70.99044539496052,4,2468.2970993678014,1.0,2,195725.0
2.203972688287404,48.879065577199526,77011,83.072587142871,3,2522.5267076694745,0.0,3,165923.0
3.1203226200482974,48.19115897728636,77018,115.84558795934495,3,2529.770777288311,2.0,2,416836.0
3.1151448134479893,48.50624802209735,7708,174.50647149471075,4,2479.8146622631675,1.0,2,457600.0
2.2182732241810386,48.8771275618985,7705,79.61116328700993,6,2469.326368602736,1.0,2,201378.0
2.867166290814013,48.51187710854531,77019,113.67447563708656,3,2509.836958318999,1.0,3,399942.0
2.3160249677581115,48.94270228364169,77013,96.45443770597542,3,2550.4876935530483,2.0,1,236053.0
2.4104177800313367,48.30676353388108,7701,179.1711302458619,6,2534.5676313664776,2.0,0,429108.0
3.279774303809226,48.376814861272415,77017,203.9495351531032,3,2535.249063009944,3.0,1,764824.0
2.069650483086572,48.29425040808846,77010,187.1651452491053,5,2535.7676266455924,2.0,0,509262.0
2.8354810932224592,48.04099431407689,77016,190.9085824923736,6,2489.955719107417,1.0,3,374629.0
2.8050876735387344,48.60026820368245,7704,200.0150140367169,4,2507.681546343389,4.0,0,538588.0
3.10921198082617,48.426318293990704,77016,161.72853374717886,5,2489.955719107417,3.0,1,379938.0
2.0841202538955064,48.59143015889901,7706,103.71632259980036,2,2515.5912267881854,1.0,0,356238.0
2.376204720508368,48.72192874670368,77013,160.93581127017552,1,2550.4876935530483,1.0,3,427558.0
2.701572440003642,48.26085542943596,7706,178.17958799756582,4,2515.5912267881854,1.0,0,487065.0
3.294538941680264,48.8694591028404,7702,161.62697493884207,4,2521.514844161584,0.0,2,362025.0
3.1264267472908416,48.91612653589309,77017,135.29390888722585,1,2535.249063009944,1.0,1,315320.0
2.779432451496085,48.77732368306356,7704,204.12141354071176,4,2507.681546343389,1.0,2,660079.0
3.3808910202338547,48.627619393828574,77015,208.71791068762693,2,2509.041371711664,1.0,0,333803.0
3.081954430609215,48.80296463496099,7701,171.56346895790483,5,2534.5676313664776,3.0,1,598660.0
3.1261067535785854,48.02019948746495,77013,201.10638511444628,6,2550.4876935530483,1.0,1,431667.0
2.714357777705183,48.14510811981606,7702,182.29070233549285,2,2521.514844161584,1.0,1,476181.0
2.709412795312572,48.04981229980321,7707,202.3897060262262,5,2468.2970993678014,2.0,0,662131.0
3.183131119429205,48.1286865549032,77012,148.91758677516358,5,2528.438700180489,2.0,0,412591.0
2.614894340687911,48.72964136554194,7704,69.78789292846798,2,2507.681546343389,3.0,0,181654.0
3.022584011188247,48.95550910217932,77012,149.4739501102997,1,2528.438700180489,2.0,3,288484.0
2.225117967599504,48.954855344510776,77010,81.57824886547857,1,2535.7676266455924,2.0,2,273554.0
3.048958132765456,48.53538736428805,77017,171.7560932310612,5,2535.249063009944,4.0,2,633134.0
2.1226002413955456,48.54316069497788,77016,109.06844001276384,2,2489.955719107417,2.0,1,275998.0
3.230599757957779,48.67050382750758,77014,82.67974328392617,1,2531.1992319512387,2.0,3,262416.0
3.4407196273414664,48.089634544820825,7704,159.82054315912086,3,2507.681546343389,0.0,0,275841.0
2.2675973778928715,48.51306942286344,7702,94.75555970004945,2,2521.514844161584,3.0,1,256660.0
3.335076570032078,48.81397393162906,77011,149.88890164391762,4,2522.5267076694745,2.0,2,316822.0
2.3300881871307486,48.88240201623121,7707,94.25437308954012,6,2468.2970993678014,2.0,0,223688.0
2.5064842532014096,48.49035044105566,77017,167.31442840637465,5,2535.249063009944,3.0,2,320882.0
2.358732650220986,48.12398720662637,77016,218.47052170777977,5,2489.955719107417,2.0,0,777826.0
2.3543384197826107,48.8089137091591,7702,171.08618465897013,3,2521.514844161584,2.0,2,576355.0
2.241664857778749,48.597062020942886,77017,137.45295938515238,4,2535.249063009944,1.0,3,312189.0
2.6660717642569907,48.523859662408285,77011,91.93333135339994,5,2522.5267076694745,2.0,0,172494.0
3.4995098078631384,48.17152269378719,77010,232.1165201982781,4,2535.7676266455924,1.0,2,386980.0
2.7803573484393724,48.73364076865651,77013,146.65004443338503,6,2550.4876935530483,2.0,0,385954.0
2.722326882165349,48.82060927917316,77010,127.3727302171738,1,2535.7676266455924,0.0,0,276237.0
2.0146244893164216,48.549386847903314,7706,139.66638681235628,4,2515.5912267881854,1.0,1,486099.0
2.516685179149936,48.51423220743386,7704,96.2877139292176,2,2507.681546343389,0.0,1,345139.0
3.336311792938522,48.820035858795066,7707,165.05053923318658,4,2468.2970993678014,2.0,0,303247.0
2.2972429953440567,48.89234271343953,77015,167.15334236771105,6,2509.041371711664,2.0,1,304224.0
2.9160733026191994,48.82414409831022,77016,138.3465022740699,6,2489.955719107417,2.0,0,430258.0
3.0177947681554134,48.826637147771,7703,133.70106933834057,1,2494.7034077219337,1.0,0,411463.0
3.212791121367275,48.84474956253018,7702,201.726095929425,2,2521.514844161584,1.0,0,625433.0
2.460155053606081,48.035947881196016,7708,106.1230883387545,1,2479.8146622631675,2.0,3,265600.0
2.828670125540695,48.01863952694775,7704,93.23158873716372,6,2507.681546343389,3.0,2,295610.0
2.5073755708853778,48.57208222575202,77011,171.7943571332891,1,2522.5267076694745,3.0,2,498046.0
3.4232068818158714,48.82598830996661,77013,189.85627469727643,4,2550.4876935530483,1.0,0,735137.0
3.0711636719494946,48.39022376171451,77014,175.84567650330462,3,2531.1992319512387,1.0,2,321170.0
2.26631116284772,48.19132666736486,7708,79.97845850392484,4,2479.8146622631675,2.0,1,212710.0
2.92979190073651,48.11467982524201,77011,186.98669772754988,6,2522.5267076694745,1.0,3,533370.0
3.018346587616761,48.77298672130559,77016,134.45328090572494,5,2489.955719107417,0.0,0,280541.0
2.491012015673187,48.54336234439016,77014,207.32755169909885,4,2531.1992319512387,1.0,2,807019.0
3.16186434946216,48.06516690479816,7707,152.51064548464643,2,2468.2970993678014,3.0,1,274084.0
2.763262415145017,48.00125448441333,77015,218.5131116755556,3,2509.041371711664,1.0,0,529015.0
2.2081093499096847,48.47357630408024,77015,144.90237051930606,3,2509.041371711664,0.0,0,368783.0
2.857378519137698,48.157767091620656,7703,63.84164234718641,4,2494.7034077219337,1.0,3,226247.0
2.9360655956253123,48.23901764670651,7707,216.79084903186887,2,2468.2970993678014,2.0,0,346245.0
2.728082448915457,48.10944332710327,77010,157.8145251345747,5,2535.7676266455924,1.0,0,489761.0
2.496748631333052,48.02818405234512,7704,110.77692526349996,1,2507.681546343389,1.0,1,225351.0
3.223208355846763,48.425491413451546,77019,143.29777314826123,1,2509.836958318999,1.0,0,507088.0
2.0402894371119995,48.81688220889556,7702,214.47804169118413,2,2521.514844161584,2.0,1,836280.0
2.647214436584958,48.40905296875444,77011,141.15433421713837,6,2522.5267076694745,1.0,1,528934.0
2.6456821584125456,48.73459923773194,7701,76.09006835474544,6,2534.5676313664776,0.0,2,198937.0
2.5209703041087184,48.53114085502949,7707,186.07018042283423,5,2468.2970993678014,1.0,1,484318.0
2.5811040808913948,48.59388123721448,77010,125.81267191933648,5,2535.7676266455924,1.0,2,237243.0
2.1850556012683824,48.36320371487335,77012,98.9142852111648,2,2528.438700180489,2.0,1,288389.0
3.084724229696944,48.28033446079152,7708,76.83489565423902,4,2479.8146622631675,1.0,3,227928.0
2.53419261084972,48.31121337180368,77011,210.59281712048687,3,2522.5267076694745,2.0,0,598897.0
2.6136793170190185,48.47629063672173,7702,122.34269228481448,5,2521.514844161584,2.0,3,326101.0
2.9300926318804805,48.45375466985105,77017,91.74054273213386,3,2535.249063009944,0.0,2,173469.0
2.9075948743783684,48.617303496303,77018,189.8052873329088,2,2529.770777288311,3.0,0,436952.0
3.001886710394127,48.093467936904446,77016,174.5707296816832,6,2489.955719107417,2.0,1,632838.0
3.196554958405572,48.88396886363211,77013,225.09020814060327,3,2550.4876935530483,2.0,0,719497.0
3.19502546910954,48.1920097765236,7703,172.95468949245412,4,2494.7034077219337,1.0,0,433712.0
3.283517025081653,48.22963029758453,77012,104.9548266066868,1,2528.438700180489,1.0,3,253544.0
3.441291314419813,48.18038954386521,77015,168.74190646334964,6,2509.041371711664,4.0,0,333849.0
3.0274631909049488,48.27340671528904,7709,122.99998908397964,1,2516.219162131406,0.0,3,432327.0
2.509366366471524,48.47373061451659,7700,144.47820152159335,6,2500.6482553342094,1.0,1,552831.0
2.700408430784228,48.186367523688766,7706,103.48677962789912,6,2515.5912267881854,1.0,1,372053.0
2.635206413462177,48.56852028374996,7709,199.6634983227383,3,2516.219162131406,0.0,1,588507.0
3.415203666153736,48.79902394944518,7704,109.43472718778702,6,2507.681546343389,2.0,3,325640.0
2.239520251749351,48.753343767111424,77019,77.8287227741967,3,2509.836958318999,2.0,1,170843.0
3.0915976231410744,48.22749370333312,77014,211.41379803755524,4,2531.1992319512387,2.0,1,670562.0
3.2481938873488376,48.73682754022762,77016,163.64549901349676,5,2489.955719107417,1.0,0,349583.0
2.612332733882348,48.27384251909926,7701,211.0666175254493,6,2534.5676313664776,1.0,1,483312.0
2.4505793802160314,48.40932866008495,77016,70.69407290185099,3,2489.955719107417,3.0,1,185011.0
2.180019433288672,48.75083036368633,7702,89.84589304949284,5,2521.514844161584,1.0,1,156783.0
2.065700114073888,48.08844089070576,77013,156.2873649427549,1,2550.4876935530483,1.0,0,293545.0
2.405219895347156,48.482680928771394,77017,133.83634306929372,1,2535.249063009944,1.0,1,353058.0
2.772341621425602,48.386060140474186,7700,189.9019266247062,1,2500.6482553342094,3.0,1,407401.0
2.3134684603405464,48.49184512884905,77011,80.93650408270096,6,2522.5267076694745,1.0,1,253160.0
3.2702109981839493,48.93028725233253,77019,67.892081405964,3,2509.836958318999,3.0,0,172735.0
2.202889136134092,48.35466996908424,77016,132.8211531134956,6,2489.955719107417,1.0,0,418276.0
3.311752666307856,48.729917687780855,7702,190.4725568511249,6,2521.514844161584,0.0,0,396021.0
2.0910038314364807,48.07148349282942,7705,113.72380439230488,5,2469.326368602736,1.0,3,390519.0
3.2368919623264256,48.317135324848046,7701,74.61676654198844,6,2534.5676313664776,3.0,2,171154.0
2.0300395338887367,48.73718022500724,7707,135.87002400376855,4,2468.2970993678014,2.0,0,274046.0
2.557782512295856,48.94539384054644,7704,204.0253707861296,5,2507.681546343389,0.0,0,686775.0
2.801179971538013,48.124082585615646,7701,118.5248168423681,2,2534.5676313664776,1.0,2,253151.0
2.775581306831775,48.9677191737666,7701,161.66695113462777,6,2534.5676313664776,1.0,2,417804.0
2.0095337100153854,48.236612661116375,7705,238.7060516083816,3,2469.326368602736,2.0,2,591388.0
3.3060236053080394,48.63132203561468,7705,92.62220833869068,5,2469.326368602736,3.0,0,238935.0
3.340866383590916,48.92874417562021,77018,186.19630536754343,3,2529.770777288311,1.0,3,547599.0
3.023300908899792,48.44070644240973,77015,124.53890316855284,1,2509.041371711664,1.0,2,336713.0
2.201349995892413,48.836988461447646,7704,132.72661455336552,1,2507.681546343389,3.0,2,296517.0
2.457663785318123,48.586643012445634,7706,131.14547673230263,2,2515.5912267881854,2.0,0,318361.0
2.554613509251796,48.31173853264172,77010,107.93701535929976,2,2535.7676266455924,0.0,0,290857.0
2.900954837867314,48.39796617770794,7701,223.9699232431621,4,2534.5676313664776,2.0,1,820779.0
2.096058819626551,48.0324660192337,7702,132.9882061261886,6,2521.514844161584,1.0,2,385178.0
2.127051222021973,48.60033865836908,7701,122.52965189907604,6,2534.5676313664776,0.0,2,368972.0
3.466708885639408,48.33021498661208,77010,127.99915038717045,2,2535.7676266455924,3.0,2,275669.0
3.1636984315981302,48.910657644924974,7706,119.41635762532304,3,2515.5912267881854,2.0,0,381661.0
2.177538701008064,48.593559770268975,7700,193.79002132753624,6,2500.6482553342094,1.0,3,493256.0
2.715681506838988,48.3515790778053,77015,234.97406317907084,3,2509.041371711664,3.0,1,792462.0
3.1511158312871617,48.01480525071369,77014,228.8665921253834,3,2531.1992319512387,2.0,2,722848.0
2.6899124712755507,48.87850153074316,77018,98.47083678928206,4,2529.770777288311,2.0,3,290971.0
2.7727616033807925,48.038581858533455,77010,197.93480442687104,1,2535.7676266455924,0.0,1,696773.0
2.841964870323286,48.50944965422242,7709,75.8748981657909,4,2516.219162131406,2.0,1,163151.0
2.719865792738093,48.95608786181883,77013,109.3935507248778,6,2550.4876935530483,3.0,1,332963.0
2.018230108639578,48.8555587712727,7703,75.70471689550699,6,2494.7034077219337,2.0,2,236527.0
2.225862736355551,48.38717715462422,7702,135.5669642572159,3,2521.514844161584,1.0,2,307925.0
2.7751849086922373,48.74016136876146,7709,125.83959191101648,2,2516.219162131406,3.0,1,228895.0
2.519583860510533,48.71206044795809,7706,117.81266472812788,6,2515.5912267881854,1.0,1,199291.0
2.3284431874818523,48.361666537166506,7700,77.08696521884723,3,2500.6482553342094,1.0,2,276377.0
2.521174831519261,48.02699908444316,7700,120.35639233949333,1,2500.6482553342094,1.0,0,231778.0
2.905311405731836,48.29829306246931,77015,72.18537612948174,3,2509.041371711664,0.0,1,193649.0
2.9288866333238315,48.00927168609186,7709,113.90552588517912,2,2516.219162131406,1.0,2,410921.0
3.0082629067658084,48.490366967775856,7704,223.1574481718473,1,2507.681546343389,2.0,1,720470.0
2.86481748492671,48.98334076841422,77014,205.13273503804064,4,2531.1992319512387,2.0,1,381385.0
2.32454634648596,48.83105308658419,77011,195.6045630315188,1,2522.5267076694745,3.0,1,454067.0
2.2284110116215183,48.8562026903572,7705,196.8623772526049,1,2469.326368602736,0.0,0,403736.0
2.333805990674647,48.67066734598719,7701,237.7045853152648,2,2534.5676313664776,4.0,1,791289.0
2.0963198250051733,48.59709053621248,7701,123.42319637960554,6,2534.5676313664776,1.0,3,273975.0
3.086424344689884,48.10297781628105,7701,154.2536379442159,3,2534.5676313664776,0.0,3,314082.0
2.8473420933417763,48.60330118762731,77016,164.9750664611555,6,2489.955719107417,0.0,1,316700.0
2.670341240084864,48.910516009932,7700,140.38660027224182,1,2500.6482553342094,1.0,0,208817.0
2.473364059245513,48.27755580987333,77019,177.44885741782826,4,2509.836958318999,1.0,1,499705.0
2.791199473493069,48.62207421748298,77014,182.6708304092786,2,2531.1992319512387,2.0,3,558964.0
2.9526831177536863,48.69803045629536,7703,110.37871708979308,2,2494.7034077219337,1.0,3,363798.0
3.480876640977137,48.87160010399068,7701,106.69504098145748,1,2534.5676313664776,2.0,0,315854.0
2.4639800846441218,48.684283697096,7702,201.0261448881652,4,2521.514844161584,2.0,2,441191.0
3.340213847771293,48.15511834274091,77016,212.88770648805047,3,2489.955719107417,0.0,0,345303.0
3.129434848896075,48.79558901376954,77018,64.37275819026063,6,2529.770777288311,1.0,3,156501.0
2.939168270950183,48.82263774702208,77016,223.5494928610824,4,2489.955719107417,2.0,2,509704.0
2.4908813828418217,48.92977001747792,7709,205.7029662933702,6,2516.219162131406,1.0,0,567373.0
2.3001000589389493,48.81632963393085,7706,92.30498996620676,3,2515.5912267881854,0.0,1,332201.0
3.242302795176422,48.79361004471744,77011,183.22555098995264,1,2522.5267076694745,0.0,1,477996.0
2.166100983439244,48.44207161388476,77011,142.67177841376497,3,2522.5267076694745,3.0,1,350158.0
2.824977112010683,48.041269501261226,77019,94.38835163532326,4,2509.836958318999,1.0,1,231974.0
2.5905077937110703,48.29313911781073,7705,112.73798421570304,6,2469.326368602736,2.0,3,215603.0
3.037109521062676,48.85861608629012,7707,204.50095934426224,2,2468.2970993678014,1.0,2,509567.0
3.226775995122249,48.34626604153475,77012,85.08668360909915,5,2528.438700180489,1.0,1,205213.0
2.850968329443355,48.25656278370136,77016,116.10287495185892,4,2489.955719107417,3.0,1,181091.0
2.960099269200711,48.96698392475847,77010,104.14934821594464,6,2535.7676266455924,0.0,0,258613.0
2.279375276688824,48.66156333174054,7709,100.87547201063543,5,2516.219162131406,1.0,1,155093.0
3.2402878414591294,48.52473563766143,77012,236.1974843113965,1,2528.438700180489,3.0,2,593539.0
3.3330061663009687,48.82638383761334,77010,184.7848127157085,1,2535.7676266455924,2.0,2,686396.0
2.00429656745375,48.08449141515605,77014,160.8183345131976,1,2531.1992319512387,0.0,3,362789.0
2.373148975938596,48.79343259578175,77019,84.36410598767226,1,2509.836958318999,1.0,1,270366.0
2.6016298643533347,48.75815607561979,77017,105.48204970724642,5,2535.249063009944,3.0,1,340200.0
2.0887880784461004,48.03293381418361,7705,160.47137643283696,3,2469.326368602736,2.0,0,451679.0
3.3252386061288126,48.2985416424469,77011,79.32083429479209,6,2522.5267076694745,3.0,3,165187.0
2.54913857503581,48.64356688588603,7703,229.9074219641169,6,2494.7034077219337,1.0,1,559554.0
2.444661087169096,48.28013411877538,77018,122.8510490083982,2,2529.770777288311,3.0,2,317952.0
2.3810415388745603,48.698577928725165,77013,231.872293012102,5,2550.4876935530483,0.0,3,594576.0
3.1689508997884115,48.6393165974726,7708,202.85823752556405,2,2479.8146622631675,1.0,1,584668.0
2.135192810402263,48.1795147022836,7709,74.30934145685467,1,2516.219162131406,3.0,0,153546.0
2.603803654617555,48.01653292512791,77018,74.43492440768264,5,2529.770777288311,2.0,3,228818.0
3.084989938670669,48.97620520445261,7702,200.68513559903272,5,2521.514844161584,2.0,3,547256.0
3.419169372918439,48.9112171001429,77012,165.97817621782076,4,2528.438700180489,2.0,1,364020.0
2.348567079799601,48.63384444484728,77012,179.2973223836826,5,2528.438700180489,1.0,1,576431.0
2.932449465816428,48.43587739828194,77019,116.59810479442356,5,2509.836958318999,0.0,0,399164.0
2.095531518516591,48.72388614156368,7702,211.7566437191087,6,2521.514844161584,1.0,2,788186.0
3.364687374615156,48.83637292571721,77011,170.15705627668882,5,2522.5267076694745,1.0,0,607648.0
2.498850752481922,48.11885190919174,77012,89.0698274635002,1,2528.438700180489,0.0,1,171318.0
2.0597461854660613,48.50485205612716,7709,172.57183190423717,1,2516.219162131406,0.0,3,428679.0
3.4368656451280994,48.52738454932596,77011,195.4345648151312,2,2522.5267076694745,1.0,3,592359.0
3.2672300814330866,48.39057599217087,77014,228.3147797361817,2,2531.1992319512387,2.0,2,476894.0
3.411192298666301,48.86954855638863,7707,205.52544032628845,6,2468.2970993678014,0.0,2,789762.0
3.4804177687568805,48.09155549614064,77010,159.55963339704172,3,2535.7676266455924,2.0,0,659073.0
2.9305828474843976,48.66800262457807,77018,223.41515084166448,1,2529.770777288311,3.0,1,753776.0
3.3823823067427568,48.27607663460845,77013,162.71830600677788,4,2550.4876935530483,1.0,0,561139.0
2.4397048446091816,48.43020942398506,77015,77.84193192162681,1,2509.041371711664,1.0,1,221578.0
2.93761294030465,48.05782859308621,7705,205.43955777011013,3,2469.326368602736,2.0,0,685915.0
2.8786290995093102,48.38238706002137,77013,101.65966167091048,4,2550.4876935530483,2.0,1,195736.0
3.4417872976701327,48.577915490002304,7708,123.91620782967294,4,2479.8146622631675,1.0,2,272414.0
2.379303465159192,48.90902048659914,77014,191.30089918345013,6,2531.1992319512387,2.0,1,647951.0
3.367556956884224,48.5690928802384,7709,150.18410516585357,2,2516.219162131406,2.0,2,377693.0
2.353466059132133,48.89452323691097,7701,67.69268662237785,6,2534.5676313664776,1.0,3,150722.0
3.101150347728616,48.8390781771895,7703,214.92179522072703,4,2494.7034077219337,1.0,3,794740.0
3.474464767384313,48.29792503902998,77019,176.95304389699066,4,2509.836958318999,2.0,1,306941.0
2.3913954740169405,48.39511035566195,77015,115.1035416478249,6,2509.041371711664,1.0,3,294900.0
3.2139766415489914,48.60584617908298,77018,154.88412771935924,1,2529.770777288311,0.0,1,337344.0
3.3235053265758108,48.41680345905071,77011,212.3041404618794,4,2522.5267076694745,2.0,3,571710.0
2.518186921717259,48.42696632932665,77014,179.26452750696228,5,2531.1992319512387,2.0,0,392712.0
2.323144158086636,48.492208600648176,7703,187.0436287126797,2,2494.7034077219337,0.0,3,713049.0
2.909151208653752,48.05008623195209,7708,182.1451858612183,1,2479.8146622631675,3.0,2,372789.0
2.641775226056934,48.61213445790826,7703,169.59073011025183,5,2494.7034077219337,0.0,1,265284.0
2.7377025080024167,48.39597954351607,7700,180.7712799383245,1,2500.6482553342094,0.0,1,432599.0
2.203051774686074,48.61763626018286,7702,227.66930682641552,1,2521.514844161584,1.0,2,542914.0
3.2629958949371893,48.788745919133575,7707,135.17843135269683,6,2468.2970993678014,0.0,3,471054.0
2.7914365809460646,48.161434223358974,7702,184.9416094841327,4,2521.514844161584,2.0,2,479074.0
3.214214526786109,48.23552370561417,7709,60.62375485476093,4,2516.219162131406,2.0,2,224062.0
2.6959043951823363,48.245818587022576,77016,172.88591438073473,6,2489.955719107417,0.0,0,290514.0
2.940863645730532,48.10015292866569,7700,117.02698991514276,5,2500.6482553342094,1.0,2,215934.0
2.521255824842372,48.15985323683675,77012,121.30825023072256,6,2528.438700180489,1.0,1,176289.0
2.4979416740150016,48.38587108931773,7705,208.8186619490732,1,2469.326368602736,4.0,2,522090.0
2.5551188045654003,48.84618502283805,7700,193.847761829904,2,2500.6482553342094,2.0,1,613848.0
2.69890687493931,48.14752954316047,7701,109.10917294335152,1,2534.5676313664776,3.0,2,317864.0
2.5099982908422547,48.84038214136757,77010,130.39389182464475,1,2535.7676266455924,1.0,1,248949.0
3.025004421920321,48.26246031140068,77016,187.696034215152,2,2489.955719107417,3.0,2,459197.0
2.153773946099712,48.513854464206766,7704,195.740591173536,1,2507.681546343389,1.0,3,384991.0
3.218434788757159,48.57312749158181,7707,204.2362750618664,2,2468.2970993678014,1.0,3,522927.0
3.44129422442297,48.715031841558286,77014,128.86737123676647,1,2531.1992319512387,0.0,1,301705.0
3.404829849716044,48.61865473298492,7706,191.84606573170788,2,2515.5912267881854,0.0,2,564157.0
2.4798867125749022,48.50427415110868,7706,207.0710544536,1,2515.5912267881854,1.0,3,586041.0
3.4839549740937787,48.08296447739105,77012,100.63425317602486,2,2528.438700180489,2.0,0,224637.0
3.0459886554768736,48.63397340844044,77019,129.56336605218064,2,2509.836958318999,1.0,2,294479.0
2.358441859218238,48.44493452390887,77012,182.9226507898327,1,2528.438700180489,0.0,3,636649.0
2.882555894642742,48.2582364373811,7703,125.87010981830691,4,2494.7034077219337,1.0,1,357054.0
2.237846830556055,48.11413034192434,7702,73.51688724092722,2,2521.514844161584,0.0,0,196690.0
2.3596511302874488,48.59420091056766,7703,237.8986409147252,2,2494.7034077219337,1.0,3,667041.0
3.2899803610598304,48.72116966225254,7706,178.56284064433413,5,2515.5912267881854,0.0,1,488614.0
2.980173976183036,48.60475004946012,77015,163.57314798055748,5,2509.041371711664,3.0,2,405823.0
2.956039988826108,48.45798411795314,77014,96.11450599366448,1,2531.1992319512387,0.0,1,238173.0
2.6188984952696432,48.61617348541315,77014,72.76595396978479,3,2531.1992319512387,1.0,0,170520.0
2.900359300628343,48.29814365191453,77011,202.01034820107628,2,2522.5267076694745,3.0,2,701315.0
3.3987644210613634,48.89599674287265,7702,119.39650084853297,5,2521.514844161584,2.0,1,244438.0
2.126766263957248,48.04348557084148,7700,175.32340431917822,1,2500.6482553342094,3.0,0,383670.0
3.302406920769888,48.205841210036766,77014,161.36726580694216,5,2531.1992319512387,3.0,1,395071.0
3.1802612865696696,48.3838021325325,77019,100.43402988312477,2,2509.836958318999,1.0,3,205967.0
2.7389865104130395,48.01940334586814,77017,222.8321155669655,6,2535.249063009944,1.0,1,599264.0
2.7613395371499525,48.216163778934806,7701,179.07037142997285,3,2534.5676313664776,3.0,0,542404.0
2.109316841751005,48.338779717863815,77017,180.64186583884103,4,2535.249063009944,2.0,2,538248.0
2.5785123154011,48.34785255594222,77013,181.7152463632144,5,2550.4876935530483,2.0,2,663278.0
2.0097106259823185,48.010268928489566,77018,162.2005921461918,6,2529.770777288311,1.0,2,304163.0
2.34935005148515,48.61638450019922,77014,95.69225774911632,4,2531.1992319512387,2.0,2,173679.0
3.16057356451014,48.44231775325228,7702,238.05024114976328,3,2521.514844161584,4.0,3,826297.0
2.7380216861079827,48.19570380512735,77011,157.8742082879661,2,2522.5267076694745,1.0,3,370725.0
3.1338510974295657,48.63571511478432,77013,102.20961629624466,2,2550.4876935530483,3.0,1,286265.0
2.9962122378574687,48.8122928393629,77012,190.08552442801607,3,2528.438700180489,1.0,3,381339.0
3.190149438237412,48.37173547513855,7701,192.5721199393618,4,2534.5676313664776,2.0,3,651635.0
2.5221858847681813,48.43155355096646,7705,218.86114502487783,4,2469.326368602736,2.0,3,805039.0
3.3112209204449936,48.347575869444654,77018,134.8345823153153,1,2529.770777288311,2.0,0,277105.0
3.029989810974941,48.994949986121945,7703,170.69433074294977,4,2494.7034077219337,1.0,3,283224.0
2.0338150133414787,48.76180700728274,7703,172.03500039249707,3,2494.7034077219337,1.0,2,600133.0
2.7734806166281443,48.62661532688149,77015,168.27957326804935,4,2509.041371711664,1.0,3,319240.0
3.4885280866287784,48.69799044042088,77011,110.89295299849428,6,2522.5267076694745,1.0,0,264333.0
3.133071933272235,48.14077577621429,77012,174.84821588209826,2,2528.438700180489,2.0,1,478816.0
2.0475837377240467,48.53496667340944,77018,206.90486523916405,4,2529.770777288311,1.0,3,657420.0
3.030535757106808,48.64597195494643,7705,236.0436528727692,5,2469.326368602736,1.0,0,668322.0
2.240816190193746,48.82845525672652,77010,188.2170459855433,5,2535.7676266455924,2.0,1,614477.0
3.0186032511785257,48.975237664873525,7702,91.00428685182024,1,2521.514844161584,1.0,2,252741.0
2.028826588914304,48.834950457786775,7703,75.70497175496419,5,2494.7034077219337,3.0,1,209562.0
2.698523812643419,48.77338104778225,77014,100.9451441848347,1,2531.1992319512387,3.0,0,253041.0
2.360052932731146,48.6231375650914,77019,168.2235482518257,4,2509.836958318999,0.0,1,667532.0
2.851446326981845,48.08130429071844,7707,173.7662798924358,6,2468.2970993678014,1.0,1,482392.0
2.7641556005835746,48.35660737800353,7703,218.66624382519595,4,2494.7034077219337,1.0,1,492440.0
3.24827877948945,48.26309791015201,7700,178.51988880829217,2,2500.6482553342094,0.0,0,539217.0
2.6953015672445524,48.0854320043109,7701,195.349633858276,4,2534.5676313664776,1.0,0,364879.0
3.3353956758363745,48.455656752785714,77015,113.38300602252376,4,2509.041371711664,2.0,3,182528.0
3.0378633287569965,48.82086719816002,7704,75.20350822327293,1,2507.681546343389,2.0,2,169142.0
3.3152878745392576,48.78172226598796,77019,139.75192523445912,6,2509.836958318999,1.0,3,237125.0
2.5670951876553705,48.9035609425685,7704,99.62882456407512,6,2507.681546343389,3.0,3,221885.0
3.08803931512566,48.7304269525314,7703,238.70064100694384,1,2494.7034077219337,2.0,2,612824.0
3.2161710988681693,48.06213874023625,7704,154.30927004230887,5,2507.681546343389,0.0,2,435999.0
3.4797562899102026,48.66686265231846,77014,120.24837140064513,5,2531.1992319512387,1.0,3,310110.0
2.340986023671556,48.44392663055199,7700,145.16576601338954,1,2500.6482553342094,1.0,1,350657.0
2.5257473505528205,48.33160128607057,7700,169.55833888261202,4,2500.6482553342094,3.0,3,374859.0
2.1311411831296843,48.599913885134846,77011,153.79232905136908,1,2522.5267076694745,1.0,1,587211.0
2.677156543876951,48.526454841715584,7708,211.07322185031595,2,2479.8146622631675,2.0,1,687045.0
2.6853257294485204,48.40428761805848,7700,96.59627065876752,2,2500.6482553342094,1.0,0,182173.0
2.209000012705921,48.2036471490717,7707,232.11245908542443,5,2468.2970993678014,2.0,0,640192.0
2.136717285879577,48.103281394015525,77019,218.30435999378028,6,2509.836958318999,2.0,0,466890.0
3.27165259822601,48.476366139421295,77014,233.4074738386824,1,2531.1992319512387,3.0,1,644963.0
2.990215279470619,48.27052362690391,7706,199.6770817159536,3,2515.5912267881854,0.0,1,391452.0
3.3430995300984705,48.62898467089554,77016,94.81900648954118,3,2489.955719107417,2.0,2,196892.0
2.7125135038584447,48.09753909358072,77013,155.2906563727717,2,2550.4876935530483,1.0,2,424694.0
3.4624856979030456,48.69311105954706,7706,69.78037997275594,4,2515.5912267881854,2.0,1,247664.0
2.59186225412303,48.27980835771818,7709,209.5341211633016,6,2516.219162131406,1.0,0,422892.0
2.4815399640576934,48.29818046741411,7709,110.21021928399529,2,2516.219162131406,1.0,1,418156.0
3.2658274484984484,48.67300910096305,77012,204.49538083927555,4,2528.438700180489,2.0,2,667712.0
3.1412860136561926,48.10427788470633,77011,99.13278081060106,5,2522.5267076694745,2.0,3,322210.0
3.3720347317167163,48.541173830138106,7708,223.0137473358962,5,2479.8146622631675,2.0,2,558761.0
2.878423997546899,48.97764535556378,7707,94.92271182509208,2,2468.2970993678014,0.0,2,236368.0
2.599388322031277,48.55568268450819,7701,141.15470476816017,4,2534.5676313664776,2.0,2,279173.0
2.707196117231967,48.83073003721845,77012,177.90819569994005,6,2528.438700180489,2.0,3,650592.0
2.922715562521394,48.77906078614436,7703,134.29557247221084,4,2494.7034077219337,2.0,1,329243.0
3.0446495722746416,48.90503694570502,7705,177.3769938086842,4,2469.326368602736,2.0,2,518676.0
3.231498758554787,48.26736350821135,7704,157.23372411060876,6,2507.681546343389,2.0,3,624749.0
3.095397176493439,48.9795467897062,7701,137.84255235085857,3,2534.5676313664776,2.0,0,416644.0
3.482756385291688,48.641492587629706,7706,80.10179675285163,1,2515.5912267881854,1.0,3,288048.0
2.757504896257362,48.831820223846826,77017,76.74196457950313,1,2535.249063009944,2.0,3,194612.0
2.931978393690775,48.26853490242392,7703,192.69092302532337,5,2494.7034077219337,2.0,3,538554.0
2.2072309619419386,48.636262515220245,77017,179.6244403165732,3,2535.249063009944,4.0,0,462204.0
3.075962618500262,48.44736847799187,7707,131.51041918667084,4,2468.2970993678014,1.0,3,238599.0
2.9142860789822,48.294587176104535,77014,84.24857747680645,3,2531.1992319512387,3.0,2,274198.0
2.5213710962012748,48.19394878840191,7701,160.97357349170693,6,2534.5676313664776,0.0,1,582491.0
2.940673281771315,48.28346538692395,77018,77.18255254241744,4,2529.770777288311,3.0,1,257963.0
2.877875229577188,48.24286465053127,7707,221.9339729309119,6,2468.2970993678014,2.0,0,514755.0
2.202369430806653,48.25914951296021,7705,229.88556124928647,2,2469.326368602736,3.0,3,907691.0
2.6228792438137747,48.245428165997765,7703,191.69694168573184,4,2494.7034077219337,1.0,3,520489.0
3.087352368477968,48.8274259420703,77013,121.39421733041831,1,2550.4876935530483,0.0,1,281794.0
3.075518930860914,48.63504179586505,77015,235.3895998783981,6,2509.041371711664,2.0,2,465610.0
2.51596848061023,48.76355294171829,77014,179.5305389209931,1,2531.1992319512387,2.0,1,366386.0
3.476946187168499,48.4117414698932,7703,117.6475215811856,3,2494.7034077219337,1.0,1,246518.0
3.23739086088976,48.83635912382272,77019,196.0629514548889,3,2509.836958318999,1.0,1,409196.0
2.239084146408252,48.71205011124505,7703,105.90878450660333,3,2494.7034077219337,3.0,1,309327.0
3.3865642920240315,48.454410971745,7700,237.82165471335543,3,2500.6482553342094,1.0,1,717834.0
2.9086384260209064,48.41069164248885,77013,136.22804856713174,2,2550.4876935530483,0.0,1,420600.0
2.543787852404616,48.29740065116699,7706,117.36005426224412,6,2515.5912267881854,0.0,0,233230.0
3.096402598051524,48.37124351107352,77014,187.61389719988105,4,2531.1992319512387,1.0,3,467172.0
2.0285687671245034,48.07557820785105,7703,215.48830508002945,5,2494.7034077219337,1.0,0,491292.0
3.349685838862749,48.63379614305612,77018,94.3117398389221,1,2529.770777288311,1.0,2,298597.0
2.7145382019761843,48.81192239311476,7709,158.56382516030067,4,2516.219162131406,1.0,1,383637.0
3.0060909881639013,48.26943944630366,77013,228.84200162893828,1,2550.4876935530483,2.0,0,712845.0
3.1646378282326526,48.18659826157351,7701,73.00774536248248,3,2534.5676313664776,3.0,2,214962.0
2.681738985496874,48.17817008826853,7709,236.8593723724188,2,2516.219162131406,2.0,0,727148.0
3.27842404889412,48.20525499844975,77018,200.6540246499387,6,2529.770777288311,3.0,3,386983.0
2.229979532806079,48.652537018579686,7704,169.53214600036875,1,2507.681546343389,0.0,0,370612.0
2.4548424209350737,48.61119091467068,77013,216.1514867752759,5,2550.4876935530483,0.0,0,637176.0
3.304811970137683,48.73758112948194,77013,165.36257234025456,4,2550.4876935530483,0.0,3,243274.0
2.9562279705734498,48.31766046553637,77018,102.35222821358758,4,2529.770777288311,0.0,2,239010.0
3.304736013330547,48.37670520241592,77017,129.81733029479082,5,2535.249063009944,2.0,3,247144.0
3.053153869678815,48.21033370228926,7701,192.03505928157364,5,2534.5676313664776,1.0,3,431167.0
2.6370696863525027,48.27906989778253,77016,222.86824792307263,5,2489.955719107417,1.0,0,617536.0
2.8606495680877826,48.31514531917093,7708,155.5811701726905,3,2479.8146622631675,2.0,2,337391.0
2.1659563895881826,48.38851386293771,77017,216.1018152989156,5,2535.249063009944,1.0,0,511346.0
3.098523604471847,48.07930247475338,77019,108.47951436333216,2,2509.836958318999,1.0,3,300970.0
2.6231776605186314,48.23894757015445,77019,155.013537628022,5,2509.836958318999,2.0,1,261579.0
3.3461636007602333,48.178004278069125,77011,194.2209140519328,3,2522.5267076694745,3.0,3,726134.0
3.446335402768057,48.92281191537675,7700,77.41330609122248,6,2500.6482553342094,3.0,2,256302.0
2.1403728786613057,48.591231162305846,7702,95.26916673093412,1,2521.514844161584,2.0,3,276874.0
2.238904730635938,48.22484649454791,7703,230.0350616283473,6,2494.7034077219337,1.0,1,509420.0
3.4554780153837066,48.92717026759381,77013,176.62363510071947,6,2550.4876935530483,0.0,3,399412.0
2.26969904093323,48.96800586711565,7704,160.27200532116643,2,2507.681546343389,3.0,2,402313.0
2.236610623589297,48.09803268527245,77011,77.9713156368241,4,2522.5267076694745,0.0,2,226000.0
2.2532150086768463,48.85394288214185,77015,224.2839473745217,2,2509.041371711664,0.0,3,451267.0
2.401350799689125,48.89158529494714,77015,186.0663262700735,4,2509.041371711664,2.0,1,400942.0
2.412218636469089,48.35594331575837,77016,104.63581716386926,4,2489.955719107417,2.0,1,342632.0
3.4549574971752115,48.04146134747862,7705,166.84770481162673,2,2469.326368602736,2.0,0,422987.0
2.777885426046128,48.476569219469006,77012,180.84885898502307,3,2528.438700180489,2.0,1,626780.0
3.463349401505584,48.34450480373925,7707,232.1001231712655,6,2468.2970993678014,2.0,3,456651.0
2.986012626768125,48.63968306566633,7704,200.08096058826047,3,2507.681546343389,2.0,1,537719.0
2.2897400126126493,48.47130827457412,77016,128.8753770609875,2,2489.955719107417,2.0,2,296102.0
2.9362942586961545,48.31588270977242,7701,106.02135229608255,5,2534.5676313664776,2.0,2,188415.0
2.873191640281396,48.601684807455335,7701,197.57889113183765,4,2534.5676313664776,2.0,3,515957.0
2.2754485362020604,48.36547095559253,77010,99.2772916117557,1,2535.7676266455924,2.0,0,252382.0
3.3982656974464627,48.13513403143242,77014,120.64317951539648,4,2531.1992319512387,3.0,0,259717.0
2.153304817595773,48.28414767858957,7702,105.660981505595,3,2521.514844161584,1.0,1,248366.0
2.6594634807872697,48.30219102692805,77014,95.39882732546556,6,2531.1992319512387,0.0,2,179982.0
3.0493384391774496,48.293356079993984,77017,67.12271180523527,1,2535.249063009944,2.0,1,150880.0
3.3030432700320924,48.16165801877286,77012,200.67636104055947,1,2528.438700180489,1.0,0,672742.0
2.134467753313592,48.17356279141302,77011,194.24004441049007,1,2522.5267076694745,2.0,1,459974.0
3.349831840017079,48.98406809138906,7707,165.84211596046794,3,2468.2970993678014,1.0,3,321329.0
3.170599664220912,48.21720909769121,77019,145.2360198813631,2,2509.836958318999,2.0,2,328808.0
2.6246759470962995,48.08758380447234,77015,98.83548540562968,6,2509.041371711664,0.0,1,381639.0
2.7175129360656576,48.16205706411935,7708,131.49285354914446,3,2479.8146622631675,1.0,3,404970.0
2.1261344776800417,48.704070034567,7702,217.7692708434789,2,2521.514844161584,3.0,0,791393.0
2.6692261737413894,48.93662709523524,7701,66.5199895553226,6,2534.5676313664776,2.0,1,201741.0
2.302250696139477,48.44900405960751,77019,167.6936152949927,4,2509.836958318999,2.0,1,273140.0
3.4175184983643785,48.82225672859053,7705,73.23349830368025,5,2469.326368602736,1.0,0,177568.0
3.387040427417844,48.87733935338098,77017,199.6910626557467,3,2535.249063009944,2.0,0,654724.0
3.1097632684494108,48.74942601529003,7703,152.02962907124038,4,2494.7034077219337,2.0,1,272851.0
3.2130908657033634,48.93195540046217,7707,221.75064564786325,6,2468.2970993678014,0.0,3,383955.0
2.1438134793515893,48.43982661732804,77018,110.55681243713752,5,2529.770777288311,0.0,1,362708.0
2.6601314135244363,48.69758674043511,77017,89.04704654521333,1,2535.249063009944,1.0,3,212725.0
2.861350180427292,48.34427999195309,77019,120.44467463436976,1,2509.836958318999,1.0,3,425304.0
3.267652368471538,48.28121093542435,7705,78.49954774722784,1,2469.326368602736,3.0,1,198226.0
2.230217250604685,48.03383477420036,77017,81.54107546779177,5,2535.249063009944,1.0,1,197639.0
2.5462646163181955,48.921262803260525,7705,103.52103722094996,6,2469.326368602736,1.0,1,186833.0
2.1251644675129446,48.85805109774716,7703,225.83352697083228,3,2494.7034077219337,1.0,1,388049.0
3.0918579179966565,48.40332130874831,77016,230.23647930149056,5,2489.955719107417,2.0,0,852558.0
2.3102321463333984,48.84933422496547,7700,181.7400125548433,6,2500.6482553342094,1.0,1,569161.0
2.689048522469012,48.30741835074448,77016,144.63175070333375,3,2489.955719107417,1.0,0,357729.0
2.6589324197436595,48.40499883539015,77015,122.6201905877601,4,2509.041371711664,2.0,2,315507.0
2.1428149297267938,48.90823249616784,77011,180.1631847955857,3,2522.5267076694745,3.0,1,437637.0
2.915337724216462,48.135354082277686,77013,143.0016334968841,4,2550.4876935530483,2.0,1,404627.0
3.407406553025025,48.45524610699513,7702,110.99513664234462,4,2521.514844161584,3.0,2,318455.0
2.585360140944834,48.53812068051167,7709,71.8477453845727,2,2516.219162131406,3.0,0,214731.0
3.065082332685145,48.87346336462556,77014,224.26280639129,6,2531.1992319512387,2.0,0,446513.0
2.4119403663080528,48.79415247433686,77015,228.5032678317935,6,2509.041371711664,2.0,1,646585.0
2.172834344473959,48.52288429164873,7705,182.08917888045204,2,2469.326368602736,3.0,3,518420.0
3.241074522780964,48.16564230986751,77018,154.16970239899143,6,2529.770777288311,1.0,2,406121.0
2.0157601763452564,48.31090680839241,7701,63.22394120541302,5,2534.5676313664776,1.0,2,157643.0
3.174619822690677,48.48337300451857,7704,76.03367227453134,6,2507.681546343389,2.0,3,279932.0
2.971463760322975,48.24176192613078,7709,63.52387648274303,1,2516.219162131406,3.0,2,219707.0
2.0836176717620107,48.5081717125488,77015,228.92269764733769,6,2509.041371711664,0.0,0,497157.0
2.0123701351194945,48.54725781190653,7709,160.62283297293692,2,2516.219162131406,0.0,0,304778.0
3.040589092193663,48.896485272642494,77016,237.474601361582,1,2489.955719107417,0.0,1,661400.0
2.665926407826765,48.502525310866965,77018,186.7981792172516,2,2529.770777288311,3.0,0,497067.0
3.098053815776562,48.90631971165527,77012,108.44993018794943,3,2528.438700180489,1.0,1,187222.0
3.241911330766238,48.75050192476532,7707,237.2582327489914,4,2468.2970993678014,2.0,3,610876.0
2.4628398867867807,48.69000995268696,77011,140.65035660343435,1,2522.5267076694745,1.0,1,252741.0
2.6630365606742865,48.33088936298917,7702,104.84958803582816,5,2521.514844161584,2.0,2,250524.0
3.2200280083161497,48.813637907098034,77012,237.1438933745207,6,2528.438700180489,1.0,0,520587.0
2.535307032064825,48.34677237878885,77013,118.74371674286652,1,2550.4876935530483,2.0,1,414564.0
2.93140491272705,48.03809114172176,7702,78.54084375833331,2,2521.514844161584,1.0,3,263021.0
2.64096656268123,48.98054064868069,77010,122.36266314245458,3,2535.7676266455924,2.0,1,307273.0
3.162190068293173,48.2157439122169,7700,90.2352175223,4,2500.6482553342094,2.0,1,163025.0
3.486258690763819,48.18741360144053,7703,92.17799156477275,1,2494.7034077219337,2.0,2,211602.0
2.410666652902743,48.17329307787739,77012,179.4418952003213,2,2528.438700180489,3.0,0,323717.0
2.895073517754632,48.8408810145704,77018,240.89892327340388,3,2529.770777288311,2.0,2,544401.0
3.009340705983933,48.23693587942248,7704,97.43301712685368,3,2507.681546343389,2.0,0,247618.0
2.874602142154316,48.94449157412785,7700,192.18338677270043,4,2500.6482553342094,2.0,2,552584.0
3.0615004459076616,48.60257123326768,77018,142.46411999551938,3,2529.770777288311,0.0,3,519550.0
2.7946132812005984,48.22579148387783,7703,234.1409354208709,1,2494.7034077219337,3.0,2,584401.0
2.6025358528424216,48.7990734194862,7701,229.0869006191186,1,2534.5676313664776,3.0,0,574964.0
2.080910432609685,48.43932844627306,77017,94.59026924449356,5,2535.249063009944,3.0,1,221022.0
2.1007949277796705,48.28760580084445,7709,71.98902327816495,3,2516.219162131406,3.0,1,261764.0
2.727131122018444,48.407256584623696,7707,89.98492104615218,3,2468.2970993678014,2.0,0,303201.0
3.01619503135996,48.52577033668322,77015,237.74937432418287,5,2509.041371711664,2.0,2,512656.0
2.918070592569808,48.24679322335811,77018,239.0557871089493,5,2529.770777288311,1.0,3,570163.0
3.411700567460829,48.89062445239859,77014,145.18994064827814,3,2531.1992319512387,0.0,3,454180.0
2.4403075081056254,48.333984218266,77010,193.5836841623577,4,2535.7676266455924,0.0,0,423682.0
2.6550235458586995,48.12390321254543,7703,79.56686033749098,3,2494.7034077219337,3.0,0,277939.0
3.2649804907346063,48.85550834873506,7705,135.33733395829626,1,2469.326368602736,0.0,0,316522.0
3.370847935342593,48.90396504340425,77014,65.3525562761383,1,2531.1992319512387,1.0,0,185480.0
2.698678359769959,48.22339403005321,7700,111.05425780697304,3,2500.6482553342094,2.0,1,153841.0
2.479108631110424,48.82837919042372,77018,239.34625148323408,3,2529.770777288311,2.0,0,848355.0
2.5865736261982413,48.25404055409998,7707,218.180030377809,4,2468.2970993678014,1.0,2,564556.0
3.388008230257441,48.20539755012575,77011,135.15350113616026,5,2522.5267076694745,2.0,1,371559.0
2.690099414274644,48.227042962345934,77010,153.3459653225521,1,2535.7676266455924,0.0,1,470957.0
2.1300598513934603,48.53836310210102,7700,213.62840148800416,6,2500.6482553342094,1.0,2,530024.0
2.82882999022758,48.80243062206135,7702,182.74909925433383,4,2521.514844161584,0.0,3,550347.0
2.210729730296778,48.7407328959856,7705,230.7131055496256,6,2469.326368602736,3.0,1,536572.0
3.04736042627704,48.98702672950688,77019,105.23564993934818,1,2509.836958318999,1.0,3,251196.0
2.7510925277139577,48.02253326596948,7700,65.34934089487986,4,2500.6482553342094,1.0,1,198013.0
2.18681342185524,48.49272425576918,77018,80.65119829337863,6,2529.770777288311,0.0,2,290295.0
3.193680096764753,48.34021623845533,7703,127.50503221167055,6,2494.7034077219337,2.0,0,398566.0
2.055497195623567,48.42638088215309,7709,102.14615177870198,4,2516.219162131406,2.0,3,259782.0
2.961115940080973,48.61548093220311,7701,229.91250146961832,5,2534.5676313664776,0.0,1,335549.0
2.328467676476357,48.58785641599894,77012,239.3525587115248,5,2528.438700180489,1.0,3,811540.0
2.409179706021247,48.25646279180624,7701,135.3810861019054,5,2534.5676313664776,2.0,0,239601.0
2.665783986710854,48.188015717196286,7707,116.78400586950484,4,2468.2970993678014,1.0,0,365406.0
2.964174033778912,48.703380685580136,77019,204.7742514734592,6,2509.836958318999,1.0,3,590713.0
2.3093375164718464,48.979916914987264,7701,71.49262619258198,6,2534.5676313664776,2.0,0,178558.0
2.2556545764065223,48.59194086034195,7701,129.41142524753172,2,2534.5676313664776,0.0,1,339863.0
3.3638920920021507,48.66380883430342,77013,202.3823254050067,5,2550.4876935530483,2.0,0,600355.0
2.252822270244484,48.24727731698871,7706,213.5444048574357,3,2515.5912267881854,1.0,2,454243.0
2.7331802395807445,48.23676475607576,7706,172.3895594634352,2,2515.5912267881854,0.0,3,409603.0
2.72558055188792,48.36721104685344,7704,104.52161586107717,4,2507.681546343389,1.0,0,182125.0
3.4037397003469136,48.72366192821968,77012,133.7793750904138,5,2528.438700180489,1.0,0,276079.0
2.8416216934795644,48.43221052475009,77018,188.1059651279156,6,2529.770777288311,0.0,1,638919.0
2.688167072622961,48.96450355122432,77017,197.3597506979816,2,2535.249063009944,1.0,2,383882.0
2.453443735055856,48.88653254549824,7700,168.61686479316995,4,2500.6482553342094,1.0,1,474225.0
2.011301544701112,48.225332797712525,7700,127.65837792059078,6,2500.6482553342094,3.0,2,338617.0
3.241166848858908,48.31699896611723,77014,171.08711629649872,5,2531.1992319512387,2.0,2,651713.0
2.9204912111139905,48.45029862624375,7706,232.3068153254557,1,2515.5912267881854,1.0,1,506112.0
3.3360560410788818,48.41002152331207,77010,213.72885363691023,6,2535.7676266455924,2.0,2,779196.0
2.4991368745516622,48.299532664849394,77010,133.08719850193594,3,2535.7676266455924,2.0,2,489943.0
3.237053624593683,48.92244891124834,77017,78.45888874875848,2,2535.249063009944,2.0,3,231728.0
3.294621740020683,48.16605730266613,77010,215.21997564227064,3,2535.7676266455924,3.0,0,726800.0
2.1771994513462887,48.85318407208078,77019,182.61521680180448,5,2509.836958318999,0.0,0,435648.0
3.437768314003059,48.45881776848248,77018,73.77118170891268,4,2529.770777288311,0.0,0,224526.0
3.19001214242654,48.31852495622263,7709,178.02806599001872,2,2516.219162131406,1.0,2,459595.0
2.8576510070315706,48.68956831645332,7708,165.04337609449374,2,2479.8146622631675,2.0,2,493684.0
2.0236039705603166,48.25955224866499,7703,178.79019143292786,6,2494.7034077219337,1.0,3,492377.0
3.279869907315371,48.797421357658976,7703,185.37485128551737,5,2494.7034077219337,0.0,2,420277.0
3.0985945283927374,48.47229205802736,7705,231.7289972492857,4,2469.326368602736,1.0,3,557571.0
2.0767600199300293,48.58338237254442,7702,63.58666781022842,3,2521.514844161584,4.0,2,214348.0
3.217138796492318,48.29429905432527,7708,106.44503371202816,4,2479.8146622631675,2.0,0,307461.0
2.2711803777732733,48.95318487378,7703,162.15123197110836,4,2494.7034077219337,3.0,1,468064.0
3.081797215065495,48.65678604979692,77018,75.0894703685593,4,2529.770777288311,0.0,0,231802.0
2.0715747341131348,48.19143116564577,77012,135.17736794181485,6,2528.438700180489,2.0,0,528722.0
3.0386649501095624,48.25452571640606,7706,87.1142463920784,2,2515.5912267881854,0.0,3,221383.0
2.6826835230582,48.12759489365128,77016,66.52996415706181,4,2489.955719107417,0.0,0,233756.0
2.890971129810717,48.28714427076813,77013,214.9172854885695,4,2550.4876935530483,2.0,3,318509.0
3.4552104933478027,48.611643274756304,77014,204.3710882580863,4,2531.1992319512387,1.0,1,589103.0
3.2970561508983574,48.33810976418097,77017,232.06621235782373,3,2535.249063009944,1.0,2,667818.0
3.0986737668999327,48.19365468912093,77010,206.45129911860528,4,2535.7676266455924,1.0,0,453976.0
3.220863660177214,48.21754363209751,77019,96.72115311160132,3,2509.836958318999,0.0,1,239522.0
2.8425134677168744,48.0186954050024,77016,163.9985582427347,3,2489.955719107417,1.0,3,464879.0
2.754655254316841,48.696126123926895,77012,203.0723439871534,5,2528.438700180489,3.0,3,666962.0
3.4757105422372927,48.697328808046166,77016,176.06121626795527,1,2489.955719107417,2.0,0,408005.0
3.02878883487898,48.05884155536884,7706,157.20090786195442,1,2515.5912267881854,2.0,3,400070.0
2.889302685243262,48.75188243251044,7704,151.37970798550964,3,2507.681546343389,1.0,1,274639.0
2.5772876479697686,48.14315009462225,77011,210.51474880725016,6,2522.5267076694745,1.0,3,763770.0
2.992555666777662,48.05271501829592,77014,171.67557331398513,4,2531.1992319512387,3.0,3,373870.0
2.131278218602016,48.122573785786265,77015,210.7717651688641,2,2509.041371711664,2.0,2,434549.0
2.5912341571255486,48.823842970300994,7703,142.3117091689518,6,2494.7034077219337,1.0,0,338520.0
2.626463819123736,48.562547357981394,77018,223.89627961012195,4,2529.770777288311,2.0,3,425434.0
2.470415503914858,48.1261862026554,7701,120.97009418674574,4,2534.5676313664776,1.0,3,243739.0
2.780202271677028,48.47472112712821,77010,161.36123966150876,2,2535.7676266455924,3.0,2,319560.0
3.01833532605776,48.70312542664235,77011,120.61922519301656,4,2522.5267076694745,0.0,0,257918.0
3.2617616518518457,48.27727772746766,7700,225.4138086196567,5,2500.6482553342094,1.0,0,440101.0
2.7293341249596934,48.06316125757079,77018,161.4361428090544,5,2529.770777288311,0.0,1,391279.0
2.725412731204722,48.91004265311058,77017,103.61192753450266,3,2535.249063009944,4.0,2,243310.0
2.0388503423154143,48.54036736211504,77019,194.4350814401527,5,2509.836958318999,2.0,0,446482.0
2.712234937270835,48.40031487516572,7700,234.28722087004505,6,2500.6482553342094,0.0,0,611871.0
3.340113764680674,48.76146765577985,7709,168.2475616461038,6,2516.219162131406,3.0,1,275870.0
3.39913895005274,48.90669656164817,77012,125.9727612772368,2,2528.438700180489,4.0,0,212893.0
2.2222194459759512,48.508292327048814,7700,232.16233002183665,5,2500.6482553342094,0.0,1,394147.0
2.974682070146449,48.10343411486048,77011,147.52726766836292,4,2522.5267076694745,3.0,3,445633.0
2.501768246844552,48.20248910201664,7707,222.2847032381877,2,2468.2970993678014,2.0,0,612502.0
3.1448022422444737,48.98374964931777,7709,202.8082575799028,6,2516.219162131406,1.0,1,320343.0
3.2466908250766187,48.01548245913752,7700,147.46212710778823,1,2500.6482553342094,3.0,1,301755.0
3.214512554398834,48.95053282095441,7709,230.0624048817367,3,2516.219162131406,3.0,1,379827.0
2.486977878670171,48.56186871878714,77012,181.020637232973,5,2528.438700180489,2.0,1,442162.0
2.768047575901192,48.33695035132194,77018,196.85864331358337,4,2529.770777288311,1.0,0,734926.0
2.9192322837633347,48.57860262034521,7709,189.30720023633103,4,2516.219162131406,0.0,2,466198.0
3.1346590559503604,48.68244958635079,7703,108.64159944854252,4,2494.7034077219337,2.0,0,361247.0
3.1389667307120668,48.73283324319229,77015,165.33309410798688,4,2509.041371711664,2.0,1,486418.0
2.86154563577402,48.39651868272366,7703,232.4974310885737,6,2494.7034077219337,2.0,1,710261.0
3.4574536631682693,48.73159928738301,7703,219.59785694098792,2,2494.7034077219337,1.0,0,653990.0
2.609908628819245,48.07827695440062,77018,226.9725173101962,3,2529.770777288311,1.0,1,482215.0
2.525633857724139,48.99448288245213,7700,170.26122672369857,3,2500.6482553342094,2.0,3,366380.0
2.564556517630828,48.88980591313672,77017,91.82855464383384,6,2535.249063009944,0.0,2,168923.0
2.6421969597969346,48.5095196370055,77012,74.85257152265514,2,2528.438700180489,1.0,1,204923.0
3.012428810966418,48.72718342024433,77013,153.04436711143876,1,2550.4876935530483,1.0,3,452069.0
2.5913953207913467,48.61112778056599,77018,138.37420462832006,2,2529.770777288311,2.0,2,415925.0
2.9608436896648245,48.61698029348544,7706,77.2331877874267,5,2515.5912267881854,2.0,3,211333.0
2.56934434944888,48.90320848294133,7705,109.7581123494661,4,2469.326368602736,2.0,3,373421.0
2.629242254579459,48.7447233692488,77011,202.6997297026712,1,2522.5267076694745,1.0,2,577705.0
2.128475590873115,48.84246640721263,77018,160.82107876647393,2,2529.770777288311,1.0,0,516197.0
2.304913139104412,48.21291834956718,77015,89.38263061568668,2,2509.041371711664,1.0,3,207412.0
3.1047901059836764,48.83751790740139,7706,69.31217919763763,6,2515.5912267881854,1.0,2,245579.0
2.3296302083360567,48.9681414777786,7708,201.8766131487429,4,2479.8146622631675,0.0,0,536756.0
3.2125452663936818,48.221600599097634,77011,152.3186044280382,5,2522.5267076694745,5.0,0,229679.0
2.851625856744311,48.51007053896495,77010,150.0798569461337,1,2535.7676266455924,0.0,0,258878.0
3.057354480272782,48.02597874770295,77011,211.39128462429693,6,2522.5267076694745,1.0,2,733463.0
2.1015265329038546,48.33720926331102,7704,111.60724001584374,2,2507.681546343389,3.0,3,214394.0
2.585506751015531,48.48358355062444,77015,164.1133850724214,5,2509.041371711664,2.0,2,618614.0
2.746262675716747,48.85134917543884,77019,145.7557619182117,4,2509.836958318999,1.0,3,250504.0
3.434831344405609,48.042775437915374,77015,174.39305770979112,4,2509.041371711664,4.0,1,471168.0
2.9208437633118702,48.31165110060965,77018,151.47271573194504,5,2529.770777288311,3.0,3,314950.0
3.122623102529827,48.74329689027734,7703,157.735741561667,3,2494.7034077219337,1.0,2,318918.0
2.270738070397274,48.01356647892301,7703,143.72303594695973,6,2494.7034077219337,1.0,0,433839.0
2.794651823812469,48.32623965163472,7705,197.97474063254572,5,2469.326368602736,2.0,2,415420.0
2.260850547747037,48.41005273583077,7707,71.44936798850796,1,2468.2970993678014,0.0,3,187190.0
2.0579653735366685,48.56590181579166,77019,178.63660187033827,2,2509.836958318999,2.0,2,401427.0
3.199731521453259,48.68839921627893,7702,119.22818718651078,1,2521.514844161584,2.0,0,383491.0
3.1603497325679446,48.503789457956366,7708,104.69003760029575,6,2479.8146622631675,2.0,2,284501.0
2.006918128320317,48.35721834332755,7703,168.0216173302674,2,2494.7034077219337,1.0,1,467010.0
2.4768181639450275,48.49365210763831,7702,146.31044305537728,5,2521.514844161584,1.0,2,438129.0
2.0686337120539835,48.084330316504605,77016,71.2038000052866,3,2489.955719107417,1.0,3,165141.0
2.6379172933050112,48.09814686081669,77018,75.35210800707739,2,2529.770777288311,2.0,1,170657.0
3.342614861278069,48.04107100061672,7703,169.81207132451917,5,2494.7034077219337,3.0,0,513843.0
2.1082915707916947,48.35978766479609,7703,129.21080370728765,5,2494.7034077219337,2.0,1,388061.0
3.3685649205960773,48.01821403093198,7709,185.30879138729145,3,2516.219162131406,2.0,0,584827.0
2.7890297812312705,48.64183953597289,77012,157.06130482033828,5,2528.438700180489,1.0,3,275611.0
3.364684203752792,48.124718561870914,7709,160.94619873473812,5,2516.219162131406,3.0,3,329648.0
2.305087961575968,48.62235227623433,7704,152.59191117258723,4,2507.681546343389,2.0,0,421791.0
3.220565406135962,48.21710322946989,77011,237.9337329489429,6,2522.5267076694745,1.0,0,370457.0
2.865235877645917,48.448132065582485,7701,97.82520884028754,5,2534.5676313664776,1.0,3,339591.0
3.4299230916981687,48.37118480639245,77013,170.16763514346226,3,2550.4876935530483,3.0,2,517545.0
2.031118410550657,48.48650832087515,77012,175.2045657684632,4,2528.438700180489,1.0,1,400592.0
2.7160450695791547,48.665688759382775,77016,168.13401941125875,3,2489.955719107417,1.0,2,407172.0
3.377609852901045,48.26661479027855,77011,196.13277314794016,5,2522.5267076694745,2.0,0,673056.0
3.0451619082720827,48.78708161870084,77014,112.5217589241993,4,2531.1992319512387,1.0,2,305658.0
2.9684522924700003,48.13799178734334,77010,130.44136597090602,1,2535.7676266455924,2.0,1,363192.0
3.1053627422687624,48.973905673437,77018,199.0104280057189,4,2529.770777288311,3.0,1,540064.0
2.151183751218735,48.704313482505626,77012,181.38163502989863,3,2528.438700180489,2.0,0,320674.0
2.9876134073861977,48.49337924972422,7706,137.1172071479745,5,2515.5912267881854,1.0,2,326534.0
2.264059523232456,48.78652588710359,7707,131.11813874720167,1,2468.2970993678014,0.0,0,460683.0
2.2868415826308466,48.40825074768208,7709,146.23900509208954,3,2516.219162131406,1.0,2,474975.0
2.99581066635837,48.25021695889213,7705,96.7837107734248,2,2469.326368602736,2.0,2,216782.0
2.6852946646199065,48.06827673304237,77012,150.92841226170574,2,2528.438700180489,0.0,2,302279.0
2.139519869271607,48.83829507662968,7706,161.65677505171448,5,2515.5912267881854,1.0,2,282645.0
2.1980551139537208,48.428013749022654,77016,178.34367643732148,3,2489.955719107417,2.0,3,487396.0
2.8701661067265176,48.49229180707995,77011,177.72595931688625,5,2522.5267076694745,2.0,1,553074.0
2.6544521357495263,48.96230298317428,77011,214.12089473703512,4,2522.5267076694745,1.0,2,646651.0
2.759472265412031,48.60158823838408,77013,131.89869649899248,6,2550.4876935530483,1.0,2,313501.0
3.1197207583691986,48.84814813254837,7703,65.0941847912672,1,2494.7034077219337,1.0,0,167657.0
2.919925020262848,48.76167490539418,7704,121.8241804766355,3,2507.681546343389,1.0,1,247354.0
3.3740473029280107,48.45256466723409,7706,106.27727738942184,4,2515.5912267881854,1.0,2,200202.0
3.3819296175201607,48.25167940386031,77012,132.6006093580121,2,2528.438700180489,1.0,1,297392.0
3.051298548688143,48.85555112343587,77011,89.09745501595168,6,2522.5267076694745,2.0,0,257668.0
2.814262061501112,48.52964452703513,77012,187.44196808963693,1,2528.438700180489,2.0,3,537047.0
2.4503041030303225,48.45950494234086,7701,185.90392963272208,6,2534.5676313664776,1.0,3,521504.0
2.431254465395929,48.44077922202386,7706,200.10216082333469,5,2515.5912267881854,1.0,3,591864.0
3.09537931302065,48.320095678529206,7702,88.1509472916685,2,2521.514844161584,2.0,3,214832.0
2.3247396196817447,48.23998995991092,77012,71.30723512099296,5,2528.438700180489,2.0,3,179221.0
3.089002766503322,48.27636288913779,77014,137.4192239541921,5,2531.1992319512387,1.0,1,440426.0
3.085292294145254,48.13806314835866,77017,241.00646634725643,4,2535.249063009944,2.0,1,811401.0
2.6961490135879025,48.459749626517066,77019,94.10444369012902,3,2509.836958318999,2.0,1,263247.0
3.25414483001596,48.06353308804584,77014,65.20249485811073,2,2531.1992319512387,0.0,0,220816.0
3.4056428361813538,48.81898503842574,77019,122.06053357299868,1,2509.836958318999,0.0,1,357542.0
2.2937641835865743,48.426636721165394,7701,65.42416352024382,6,2534.5676313664776,2.0,2,184659.0
2.1057096574285343,48.56914127779669,7702,76.51810165099349,2,2521.514844161584,1.0,3,291347.0
2.809239546758412,48.91143212133383,7703,166.72112768238452,3,2494.7034077219337,0.0,2,308797.0
2.662789435715936,48.08524313707907,77015,173.2418548462673,1,2509.041371711664,2.0,0,282328.0
3.005819467029521,48.437420640010735,77013,167.22471080727496,6,2550.4876935530483,1.0,0,531089.0
2.4842353805180544,48.069032175995126,7705,75.07330369419032,5,2469.326368602736,0.0,0,195308.0
2.562393577038993,48.13211564437901,7709,117.94086883893294,5,2516.219162131406,2.0,3,406119.0
2.708322387742924,48.1195942459383,7702,112.19714066811218,6,2521.514844161584,1.0,2,344469.0
2.494428006295125,48.50653137494149,77016,143.83955433828487,3,2489.955719107417,2.0,3,302271.0
2.698708481503904,48.26066839566761,7703,157.279168884767,1,2494.7034077219337,1.0,0,340934.0
2.9416754646889416,48.99844567301347,7700,159.6203966033732,5,2500.6482553342094,0.0,1,404689.0
2.1047285653909515,48.36054298899036,7703,102.16645585190308,4,2494.7034077219337,2.0,0,350127.0
2.4902339083887126,48.81620582921231,7707,151.31378964123525,1,2468.2970993678014,0.0,2,400400.0
2.486786010133091,48.54978191269331,77019,234.533957743376,1,2509.836958318999,2.0,3,377915.0
2.3889841555192586,48.35661676206463,7702,148.10457892241487,1,2521.514844161584,2.0,2,589198.0
3.4573980993952977,48.7904011817388,77014,175.31146196223654,6,2531.1992319512387,1.0,0,446543.0
2.2323398063404096,48.57763527249064,77015,237.94048561934545,1,2509.041371711664,2.0,3,483929.0
2.834235404445015,48.89758897815171,77017,173.55208913208662,5,2535.249063009944,2.0,3,535025.0
3.2727202092746124,48.93754773006086,77017,209.269134337791,3,2535.249063009944,2.0,2,633315.0
2.738152825567948,48.832175812435615,77013,217.18520301492296,5,2550.4876935530483,0.0,3,531680.0
2.262208395172632,48.83881252204325,7704,137.66133671681706,1,2507.681546343389,2.0,3,516629.0
2.081557956666664,48.332876656678046,77010,188.32877655473104,3,2535.7676266455924,1.0,1,526379.0
2.3372254108841983,48.589771045654416,7704,185.6531105329375,5,2507.681546343389,3.0,1,369811.0
3.114015376622329,48.9998392904764,77017,164.8139415256548,1,2535.249063009944,0.0,2,385371.0
2.9040198389811973,48.24568383596191,77012,197.84541424021631,3,2528.438700180489,2.0,1,752348.0
3.341356744453293,48.31104531975131,77013,138.46849143664866,1,2550.4876935530483,3.0,2,446534.0
2.6063920208510343,48.61775551413157,7709,210.4472669770097,1,2516.219162131406,0.0,0,570654.0
3.381326101541481,48.0173709020737,77014,116.67509392775438,2,2531.1992319512387,2.0,3,332229.0
3.446677833049996,48.936846654960064,77017,207.7985988865825,6,2535.249063009944,3.0,1,442665.0
3.0739070373260664,48.726451443468434,77018,88.80264553850637,3,2529.770777288311,1.0,3,254255.0
3.2173685131138456,48.47742130798546,7709,153.7058007212082,4,2516.219162131406,1.0,2,352194.0
2.5016208713247368,48.83576633005757,7704,237.6446010723581,1,2507.681546343389,2.0,0,614128.0
2.2510869956463733,48.25249012625038,7703,164.7890307958491,6,2494.7034077219337,1.0,1,290792.0
2.348887528728607,48.20231511191683,7707,218.4285627287793,6,2468.2970993678014,1.0,1,568265.0
3.449545632606876,48.07922906192008,7702,95.39244971000316,5,2521.514844161584,2.0,1,162199.0
2.8227958133355173,48.41465968667379,7704,89.89502109294259,4,2507.681546343389,2.0,0,253147.0
2.6218232279925644,48.89516047726288,7701,132.2044719188215,1,2534.5676313664776,0.0,3,412512.0
2.7108933335217933,48.21642869587327,77019,165.32771839931362,5,2509.836958318999,1.0,1,387433.0
3.2954657363492337,48.0158073058092,77012,128.03149883800438,6,2528.438700180489,0.0,0,443273.0
2.0569985973165865,48.29520194398589,77016,231.23837601979608,6,2489.955719107417,2.0,2,675375.0
3.090814447007663,48.288285509469496,7703,102.78779937076828,4,2494.7034077219337,2.0,0,234616.0
3.1337157452960938,48.46337657039492,7702,211.171699617773,4,2521.514844161584,0.0,0,815156.0
2.5049611138377177,48.88240718417048,77019,134.53037057146128,6,2509.836958318999,1.0,0,335660.0
2.790672116230388,48.59556130438671,77016,79.00180207768243,4,2489.955719107417,1.0,0,203221.0
2.8635232443213043,48.00232269303371,7709,93.4431346191822,3,2516.219162131406,1.0,1,216289.0
3.2846234231452778,48.038519633010814,7701,240.078805394534,6,2534.5676313664776,1.0,1,737726.0
2.4834385931618503,48.90191099569191,7700,238.14388272201663,2,2500.6482553342094,2.0,0,426626.0
2.2584961528255327,48.586393889709946,7705,90.62459241230076,4,2469.326368602736,2.0,2,278814.0
2.6189165436941604,48.59561661084212,77017,139.27515488600784,1,2535.249063009944,2.0,0,410409.0
2.593195182013395,48.77557641233766,77019,101.74901850111684,1,2509.836958318999,1.0,1,210242.0
2.5634366509679523,48.77925227865301,77017,89.25134180578218,6,2535.249063009944,2.0,3,282689.0
2.5916220105125944,48.56687619621678,7708,229.94371259049305,2,2479.8146622631675,3.0,2,506646.0
3.0268262853589567,48.50908404070524,77015,191.3154185114756,3,2509.041371711664,0.0,2,566255.0
2.6223069386618234,48.80070480632328,7706,237.512943046321,3,2515.5912267881854,1.0,1,693165.0
3.395473518899641,48.95824370079008,77015,130.80275370259855,5,2509.041371711664,2.0,2,405657.0
3.2953057635008087,48.11608645633354,7701,207.55168851681248,5,2534.5676313664776,3.0,3,563682.0
3.470591892420034,48.95562441863411,7707,239.51363363365388,6,2468.2970993678014,1.0,2,525394.0
2.6458523587769376,48.34028030709745,7705,142.15306821997171,5,2469.326368602736,0.0,2,321443.0
2.5218617324697976,48.03783140515526,7702,164.5756133110316,4,2521.514844161584,2.0,3,328473.0
3.059517502480896,48.26597932491446,7703,114.82225765576123,5,2494.7034077219337,2.0,1,289726.0
2.881695943668987,48.80243769304822,7705,174.01444354441577,5,2469.326368602736,0.0,0,552682.0
2.452462769675056,48.067703930178126,77012,239.8298375665149,4,2528.438700180489,0.0,2,389447.0
2.0573944883540327,48.85435029567535,77013,212.3624532268389,4,2550.4876935530483,1.0,3,730125.0
2.482099258625081,48.33494161454823,77019,214.62514087767377,1,2509.836958318999,2.0,1,340331.0
2.0315022346501,48.34193548889084,7702,222.89862235166012,4,2521.514844161584,1.0,1,454345.0
3.4354933362860094,48.03678408605908,7704,156.6190351001291,4,2507.681546343389,1.0,1,402161.0
2.6625787818393194,48.427097073180725,7701,165.0959370941626,2,2534.5676313664776,3.0,0,324791.0
3.03544308644084,48.81086562113043,77011,150.23912746515126,6,2522.5267076694745,1.0,1,522849.0
3.30603268318616,48.08352491468002,77014,78.11857504187067,6,2531.1992319512387,1.0,3,236700.0
2.0952728559384464,48.9002328725887,77010,160.0767761671363,2,2535.7676266455924,2.0,0,398503.0
2.050389783619261,48.33784305236686,77012,171.1983029852547,3,2528.438700180489,2.0,0,426313.0
2.8380815645010333,48.70375704509891,7703,221.84989518666112,1,2494.7034077219337,2.0,1,749039.0
3.450907433516265,48.89079235373671,7702,107.01566137148843,4,2521.514844161584,3.0,1,233191.0
3.051566524597694,48.8942193248034,7707,93.79557168693486,2,2468.2970993678014,1.0,2,219266.0
2.657652755623499,48.40695762164242,7700,146.56405313197126,5,2500.6482553342094,2.0,0,259426.0
3.2174917375379217,48.56128310760332,7700,125.29886637606108,1,2500.6482553342094,0.0,1,224395.0
2.389211038782517,48.36798278236704,77013,223.49739741094496,6,2550.4876935530483,1.0,0,814794.0
2.112640468707971,48.94335729870989,7700,173.7272265300789,1,2500.6482553342094,1.0,1,328040.0
2.003010568758461,48.872432357535146,7702,178.19130676360055,6,2521.514844161584,2.0,3,333065.0
3.295815877210334,48.93368169031977,7706,157.3731099154602,1,2515.5912267881854,1.0,2,522922.0
3.4864475954638143,48.35312752768088,7707,176.36935347667975,2,2468.2970993678014,0.0,3,631945.0
2.1372390460113686,48.33551434607932,77015,124.98560777487458,4,2509.041371711664,2.0,1,365682.0
2.611960524533104,48.981600855548656,77019,95.70566860716494,6,2509.836958318999,0.0,3,381869.0
3.257465578559729,48.21602725882609,77016,91.38323009407218,2,2489.955719107417,1.0,1,203668.0
2.883956859088189,48.35346959899914,77019,84.1401124254166,4,2509.836958318999,1.0,3,218335.0
2.207168010490011,48.92715322616093,7706,224.81679772470747,4,2515.5912267881854,2.0,2,795311.0
3.1102861342246744,48.55958969827065,7706,199.2317680005232,4,2515.5912267881854,1.0,2,477706.0
2.934250651621989,48.918436035303415,77015,216.45774387359057,1,2509.041371711664,1.0,1,449871.0
3.304780920952302,48.325803617373424,77013,109.51723531407276,2,2550.4876935530483,1.0,0,240331.0
3.041549224556164,48.14727771025469,7703,224.1397107642794,1,2494.7034077219337,2.0,3,773371.0
3.19298424868102,48.83419231785536,77012,177.46528275316393,3,2528.438700180489,0.0,0,376421.0
3.102912356446283,48.49617183212899,77016,125.17991922051615,2,2489.955719107417,0.0,3,314948.0
2.304217970873494,48.92745113148707,77010,144.67283120292,6,2535.7676266455924,1.0,0,401927.0
2.0323771589829454,48.78530637551938,77011,119.31282480693709,1,2522.5267076694745,3.0,1,371925.0
2.9887782084587338,48.87527756279589,77018,61.8087959864744,6,2529.770777288311,1.0,0,218605.0
2.974451980706627,48.71053392108924,77011,232.38007014006072,3,2522.5267076694745,1.0,1,580777.0
2.3286906584046774,48.70269840924503,77011,217.28116008977008,6,2522.5267076694745,2.0,0,700317.0
3.413885321415368,48.71245076471197,77016,220.98999082627088,5,2489.955719107417,2.0,1,657490.0
3.038663596601905,48.34256274719672,77016,75.44562951963589,5,2489.955719107417,2.0,3,236098.0
2.3172568584576707,48.344082773432405,77016,113.09692480586271,5,2489.955719107417,4.0,1,288529.0
3.200490785182483,48.86169747732709,7706,61.55262618321639,4,2515.5912267881854,2.0,3,220945.0
2.517135709409553,48.78396792608821,7704,97.64752740839538,5,2507.681546343389,0.0,3,185652.0
3.399664167975571,48.36900512362509,77015,154.0086606605459,5,2509.041371711664,2.0,1,530218.0
2.46327091217243,48.61135701309839,7706,161.210279335625,3,2515.5912267881854,3.0,2,523888.0
2.835274525339316,48.20892135757278,7707,123.78658992137088,5,2468.2970993678014,2.0,1,221450.0
2.778769636336256,48.895597086306296,7704,173.81795052086397,4,2507.681546343389,1.0,1,620851.0
3.371380130624186,48.70707627773783,7703,194.8448092244384,5,2494.7034077219337,0.0,2,638423.0
3.0280503120682107,48.09524538549269,7702,172.23402688203169,1,2521.514844161584,2.0,3,617619.0
2.292845917169631,48.804549732881554,7705,158.48752613290526,6,2469.326368602736,2.0,2,325042.0
3.338652050571978,48.386744425408246,77015,213.9175951846748,3,2509.041371711664,2.0,0,536709.0
2.656664466587515,48.00312434964737,77010,77.66581857743694,5,2535.7676266455924,1.0,3,171772.0
2.357969963380156,48.67823628568444,77011,216.2130153694579,4,2522.5267076694745,2.0,0,588264.0
2.3259181681507046,48.831006788989775,7700,205.36925653230253,6,2500.6482553342094,3.0,3,405263.0
2.056451563826784,48.041907903986,7702,216.5939175617225,3,2521.514844161584,1.0,2,558685.0
2.6277745799790257,48.38149129324223,77017,99.74462805356006,3,2535.249063009944,0.0,3,299109.0
3.4773238024633604,48.92066626430031,77018,221.9876610159413,6,2529.770777288311,2.0,1,709242.0
3.0242310179796164,48.59925431467165,7705,162.94864074640972,3,2469.326368602736,2.0,3,401021.0
2.8204076708002583,48.839904196075565,77015,138.40107855370724,5,2509.041371711664,1.0,3,400703.0
2.493565200122976,48.67914920685072,7704,182.9726194172057,1,2507.681546343389,1.0,1,651844.0
3.287127715106185,48.11288384343915,7708,79.58544087170557,3,2479.8146622631675,1.0,3,264351.0
2.813203715589814,48.43035575568933,77011,144.15183666187806,4,2522.5267076694745,1.0,2,391605.0
2.97466104157536,48.24135201897049,7709,117.09790783855216,4,2516.219162131406,3.0,2,248148.0
2.890327472598332,48.6472835431352,7702,194.04857683197065,4,2521.514844161584,1.0,0,514265.0
3.056211539850393,48.26296966800205,77013,173.10666720096685,1,2550.4876935530483,2.0,0,492593.0
2.498570734248569,48.67976489676602,7700,240.90117410468736,5,2500.6482553342094,0.0,0,431379.0
3.014162347121617,48.94398230536321,77016,204.5971801476488,1,2489.955719107417,2.0,2,694604.0
2.532975747560836,48.62934967113859,7708,68.11756085226706,5,2479.8146622631675,2.0,2,193605.0
3.012560448231348,48.26935200891925,77010,195.5574545129664,5,2535.7676266455924,1.0,0,285914.0
3.2617618350180724,48.999989384826215,7700,81.03120183187075,5,2500.6482553342094,1.0,1,308996.0
2.4391247377805096,48.98405957238541,77014,64.9696674611585,4,2531.1992319512387,1.0,2,171086.0
3.4681218719232314,48.13022261595814,7701,197.82433677019944,3,2534.5676313664776,0.0,0,700186.0
2.6994758510195824,48.03384951161737,77018,125.73966909672598,1,2529.770777288311,1.0,2,374928.0
3.022231809057375,48.4404037984421,7701,143.98734577029217,2,2534.5676313664776,1.0,1,274410.0
3.140464534017348,48.131922533512494,77011,145.39328560621158,1,2522.5267076694745,2.0,1,414882.0
2.368370199298603,48.01857559576512,7704,124.8655772574718,1,2507.681546343389,3.0,3,408788.0
2.6788224960839204,48.1727608889477,7703,215.4047552272187,4,2494.7034077219337,1.0,0,703500.0
2.333654230380088,48.21460850347978,77012,167.16879052453737,6,2528.438700180489,1.0,0,392440.0
2.6566992969121603,48.554580671535625,77013,65.51736870535714,4,2550.4876935530483,1.0,3,172188.0
2.234156581369359,48.67833886645612,7707,170.12755142573866,2,2468.2970993678014,2.0,0,582621.0
2.904930257154051,48.86765084255629,7702,82.99830295166396,3,2521.514844161584,1.0,1,325058.0
2.6910729132303146,48.14544746328463,77011,149.79205808895756,1,2522.5267076694745,0.0,2,468529.0
2.5980943820542195,48.78101208192675,77015,206.25174455701736,5,2509.041371711664,1.0,0,539635.0
2.1051646890864664,48.26861319275263,77012,92.04086121190916,1,2528.438700180489,0.0,2,279459.0
2.23875015962859,48.31921546207843,7704,216.96459708067272,2,2507.681546343389,1.0,3,377796.0
2.006065855407182,48.65165545045363,77013,93.51015326148531,3,2550.4876935530483,0.0,3,334339.0
2.585413861052801,48.82762230676644,7702,94.49715790381936,6,2521.514844161584,0.0,1,274007.0
2.8131625425836626,48.31225430781628,77016,181.0824931652456,6,2489.955719107417,3.0,2,354523.0
2.620951547726081,48.48339206668213,77015,120.67020720406106,3,2509.041371711664,1.0,1,402801.0
2.7943590210690123,48.40088213512791,7704,63.35258043393511,2,2507.681546343389,2.0,2,168650.0
3.4101006198464576,48.47795376222118,77014,154.56014868521862,2,2531.1992319512387,1.0,0,314408.0
3.4202142510155533,48.04863520608348,77013,194.9104009722204,5,2550.4876935530483,1.0,1,454560.0
2.0635094316065303,48.11294952501649,7705,191.78809582601824,1,2469.326368602736,1.0,2,718000.0
2.4640585436946987,48.82288178554079,7702,76.84757309768824,5,2521.514844161584,0.0,0,183283.0
2.104900936273656,48.54251494327021,7703,124.55237007320684,2,2494.7034077219337,3.0,2,412097.0
3.272753530851709,48.25690807882686,77018,137.22831701939876,6,2529.770777288311,0.0,3,219117.0
2.54718554694462,48.68635645998166,7701,159.5007420457278,4,2534.5676313664776,1.0,1,544343.0
2.960458809351035,48.21669481653859,77010,92.0895981595121,3,2535.7676266455924,1.0,1,298360.0
2.448585210629388,48.71716660275285,7704,138.43226395375643,5,2507.681546343389,2.0,2,522666.0
3.3347130470936137,48.57706725531599,7705,205.29868840793364,5,2469.326368602736,0.0,1,515321.0
2.781924505015612,48.53096370516228,7707,194.75443877022232,4,2468.2970993678014,1.0,1,315564.0
2.12808393579719,48.01719203507975,77015,94.04511310865644,2,2509.041371711664,2.0,2,186508.0
2.073553288364606,48.11267433070292,7708,81.52565783133932,1,2479.8146622631675,0.0,0,220396.0
2.8893775997476725,48.5794148993435,77014,222.33316774022003,4,2531.1992319512387,2.0,0,311485.0
3.016006962502441,48.52168003251344,77018,132.0039441335055,5,2529.770777288311,3.0,0,303299.0
2.469453220692028,48.120982097633394,77017,206.63664431388264,1,2535.249063009944,0.0,3,674104.0
2.640117411946324,48.78904836637796,7704,98.98109704582927,1,2507.681546343389,2.0,0,353365.0
2.410092369782667,48.695291730505645,7705,154.44998445760868,3,2469.326368602736,2.0,0,420431.0
3.457995133915043,48.84850300265556,77011,78.87797426027001,3,2522.5267076694745,1.0,3,292905.0
2.468926682899827,48.39850912397732,7708,149.7980412596063,2,2479.8146622631675,3.0,3,442935.0
2.7233569539283247,48.679256772216405,7707,220.09459880835487,1,2468.2970993678014,2.0,0,647128.0
2.657536856576561,48.01222868554495,77014,94.55640717382312,4,2531.1992319512387,2.0,3,342697.0
3.2469587103787294,48.558026010380246,7701,132.85512305091115,5,2534.5676313664776,0.0,0,412642.0
2.4090857266291983,48.15914324165494,77014,213.18868244286665,5,2531.1992319512387,1.0,0,783938.0
3.4677745278812804,48.51987206073886,7707,123.28808513840994,2,2468.2970993678014,0.0,2,385713.0
3.192930567195834,48.63077973310493,77016,200.55249000419224,1,2489.955719107417,1.0,0,740108.0
3.3900229908369885,48.66237414577174,77014,147.0584388732318,1,2531.1992319512387,1.0,1,348259.0
2.3700017609210744,48.68914419329285,7701,186.1762332875236,6,2534.5676313664776,2.0,3,744647.0
2.96481950453364,48.51734718736308,7705,222.65697581413943,1,2469.326368602736,2.0,2,644952.0
2.5010437327393955,48.94332474710809,7707,142.46515488316027,1,2468.2970993678014,4.0,0,233840.0
2.7967691501089327,48.74606902603456,77016,177.78020955800525,3,2489.955719107417,0.0,2,411661.0
2.078563546274455,48.13547344382324,7704,115.4224160630942,1,2507.681546343389,1.0,2,329133.0
2.8492208065874234,48.13992938635376,7706,198.68021406442296,1,2515.5912267881854,2.0,1,698735.0
3.096681872426344,48.411240317505005,7707,147.13431208387698,3,2468.2970993678014,0.0,1,368320.0
3.265068106663892,48.12416240825715,7707,111.61669326977278,6,2468.2970993678014,3.0,0,265810.0
2.102983297955965,48.64150227736553,77012,197.37731249267645,5,2528.438700180489,1.0,1,505831.0
2.1189881525886896,48.36737375079717,7707,128.38062162198565,5,2468.2970993678014,1.0,2,338066.0
2.359200262447546,48.83902624241176,7705,93.64051132774922,1,2469.326368602736,0.0,1,314252.0
2.714430511524763,48.169813389037735,77012,102.37952326162156,1,2528.438700180489,2.0,0,189916.0
3.206312295270454,48.08916232961271,77018,93.7265047612233,4,2529.770777288311,2.0,3,213183.0
2.9934408713989584,48.79225548817818,7707,98.49698313227358,6,2468.2970993678014,2.0,2,311277.0
2.750947738577011,48.02852074037376,77014,225.8218223805933,5,2531.1992319512387,2.0,2,809553.0
3.2807572563783203,48.08497641010253,7701,116.31562085809044,2,2534.5676313664776,3.0,0,384557.0
2.889710044587248,48.99673250548911,7701,85.81932016753368,4,2534.5676313664776,1.0,2,263881.0
3.479492260340189,48.51260505302159,77010,227.73893322883504,2,2535.7676266455924,2.0,3,789055.0
2.7774775859885885,48.130920199495776,7700,81.113811512566,6,2500.6482553342094,1.0,2,232257.0
3.175000150245294,48.21289120591611,77014,105.7754239252112,5,2531.1992319512387,0.0,1,373456.0
2.190464641976215,48.12318775145136,77017,66.48874820012422,5,2535.249063009944,2.0,2,224059.0
2.350694163725872,48.190749021075554,7709,101.65823411244918,3,2516.219162131406,1.0,1,329665.0
3.343908733703075,48.74661767210498,77019,181.70013506662508,4,2509.836958318999,1.0,2,379531.0
2.26067975280962,48.63369542419528,7705,173.18912986212504,1,2469.326368602736,0.0,2,395734.0
2.142248920728813,48.87690146783073,77011,231.2258659006553,3,2522.5267076694745,4.0,1,648029.0
3.486196476158148,48.276503913758575,77013,239.62536993756163,5,2550.4876935530483,2.0,2,923128.0
2.931451942412103,48.33949979560802,7700,128.1710427113552,2,2500.6482553342094,3.0,2,224475.0
2.4911742382826394,48.65991688560772,7700,180.39194686690712,4,2500.6482553342094,2.0,1,348663.0
2.636196006953579,48.73644423562472,7708,169.4947884316945,1,2479.8146622631675,2.0,3,277479.0
3.1647979141561846,48.94870871571711,7702,142.024379021566,2,2521.514844161584,0.0,2,333719.0
3.0269855842518534,48.11641301017536,77010,217.58174906979656,4,2535.7676266455924,1.0,3,531526.0
3.258853971520593,48.57313484603824,7703,81.68409820413933,1,2494.7034077219337,1.0,2,294568.0
2.778212151865436,48.90990487390897,7707,205.03915569249207,1,2468.2970993678014,2.0,2,574476.0
2.121414056699067,48.91339626206587,77011,225.2303207716382,6,2522.5267076694745,0.0,3,809194.0
2.36512185263562,48.83038394676086,77010,189.14539650847,2,2535.7676266455924,3.0,0,444210.0
3.2913806938322367,48.04609847118504,77013,87.6398243029613,2,2550.4876935530483,0.0,3,171960.0
3.27947833821364,48.667145032576926,7706,206.09949934809748,2,2515.5912267881854,2.0,2,690684.0
3.0796326130610767,48.6387743363336,7708,229.575674774935,2,2479.8146622631675,3.0,3,717997.0
3.236295104832079,48.10964790473926,7705,88.1584415973159,2,2469.326368602736,1.0,0,266780.0
3.473417300146819,48.18884387287154,77019,105.08750385919608,6,2509.836958318999,1.0,2,290472.0
3.4430877484120272,48.50895904042205,77015,152.60719758915343,4,2509.041371711664,2.0,3,422417.0
2.348023255070128,48.584707203329295,77011,174.0341789007191,3,2522.5267076694745,1.0,3,453934.0
3.063537191972027,48.88433406263293,77011,132.0050442759104,6,2522.5267076694745,3.0,0,280168.0
2.3976803993696025,48.162616706325046,7708,222.2947058084289,5,2479.8146622631675,2.0,0,563610.0
2.664573373913884,48.31635039944359,77014,212.62847208717804,6,2531.1992319512387,2.0,2,758887.0
2.6870219364739185,48.86467775258565,77017,127.51386837747886,5,2535.249063009944,3.0,3,242111.0
3.1490833583206514,48.09334339728115,7707,237.43756858670093,1,2468.2970993678014,3.0,0,591265.0
3.4041301038690897,48.84249086403533,77017,129.19699324545795,1,2535.249063009944,1.0,3,298012.0
3.2457167897116177,48.16947350260896,7702,223.0513430742142,2,2521.514844161584,4.0,1,901360.0
3.270932177096556,48.6928335523079,77016,184.00460930781,4,2489.955719107417,4.0,3,501040.0
3.2229249560965,48.91858739614354,7706,179.897981274039,2,2515.5912267881854,1.0,3,325340.0
2.494860566525923,48.46108176842485,7700,185.9483294137889,4,2500.6482553342094,1.0,2,617501.0
3.2445579028108376,48.02471818869237,77017,174.4609230682099,6,2535.249063009944,3.0,1,628232.0
2.3838560026261493,48.084038746210815,77015,172.06297700887842,2,2509.041371711664,3.0,2,504618.0
3.319934062897341,48.33137259614596,7709,171.37252511498014,3,2516.219162131406,2.0,0,337665.0
2.9653554241342883,48.74900452794462,77018,110.5681546583006,1,2529.770777288311,2.0,3,227842.0
